# HeidiSQL Dump 
#
# --------------------------------------------------------
# Host:                 127.0.0.1
# Database:             wtfimb
# Server version:       5.1.32-community
# Server OS:            Win32
# Target-Compatibility: MySQL 4.0
# max_allowed_packet:   1048576
# HeidiSQL version:     3.2 Revision: 1129
# --------------------------------------------------------

/*!40100 SET CHARACTER SET latin1*/;
/*!40014 SET @OLD_FOREIGN_KEY_CHECKS=@@FOREIGN_KEY_CHECKS, FOREIGN_KEY_CHECKS=0*/;


#
# Database structure for database 'wtfimb'
#

CREATE DATABASE /*!32312 IF NOT EXISTS*/ `wtfimb` /*!40100 DEFAULT CHARACTER SET latin1 */;

USE `wtfimb`;


#
# Table structure for table 'appmodels_route'
#

CREATE TABLE /*!32312 IF NOT EXISTS*/ `appmodels_route` (
  `id` int(11) NOT NULL AUTO_INCREMENT,
  `display_name` varchar(64) NOT NULL,
  `mtc_name` varchar(64) NOT NULL,
  `types` varchar(64) NOT NULL,
  `start_id` int(11) NOT NULL,
  `end_id` int(11) NOT NULL,
  `time` double NOT NULL,
  `fare` double NOT NULL,
  PRIMARY KEY (`id`),
  KEY `appmodels_route_start_id` (`start_id`),
  KEY `appmodels_route_end_id` (`end_id`),
  CONSTRAINT `end_id_refs_id_39d41e10` FOREIGN KEY (`end_id`) REFERENCES `appmodels_stage` (`id`),
  CONSTRAINT `start_id_refs_id_39d41e10` FOREIGN KEY (`start_id`) REFERENCES `appmodels_stage` (`id`)
) TYPE=InnoDB AUTO_INCREMENT=1655 /*!40100 DEFAULT CHARSET=latin1*/;



#
# Dumping data for table 'appmodels_route'
#

TRUNCATE TABLE `appmodels_route`;
LOCK TABLES `appmodels_route` WRITE;
/*!40000 ALTER TABLE `appmodels_route` DISABLE KEYS*/;
INSERT INTO `appmodels_route` (`id`, `display_name`, `mtc_name`, `types`, `start_id`, `end_id`, `time`, `fare`) VALUES
	(828,'1B','Y1B','D,X,N',1855,1875,'100','14'),
	(829,'1','1NS','N,LSS',1855,1884,'70','12'),
	(830,'A1','XA1','X,AC,D',1885,1884,'50','7'),
	(831,'1G Ext','X1GEX','X',1855,1893,'105','10'),
	(835,'1A','S1A','D,O,X',1855,1884,'80','13'),
	(836,'M1A','M1A','M',1894,1909,'85','7'),
	(837,'M1','M1','M',1884,1911,'40','5'),
	(838,'1D','L1D','LSS',1912,1884,'120','7.5'),
	(839,'1G Cut','L1GCT','LSS',1921,1923,'75','5.5'),
	(840,'1G','X1G','X',1855,1889,'80','9'),
	(841,'1C','L1C','LSS,X',1912,1884,'100','7'),
	(848,'T1','LT1','LSS',1926,1884,'65','6'),
	(849,'2A/2AE','2A/2AE','O',1928,1932,'50','4'),
	(850,'M2','M2','M',1867,1937,'70','6'),
	(851,'AC2','WAC2V','AC',1885,1871,'50','28'),
	(852,'M3A','M3A','M',1941,1880,'40','5'),
	(853,'M4','M4','M',1855,1884,'100','7'),
	(854,'5T','5T','O',1948,1956,'68','5'),
	(855,'5A','L5A','LSS,D,X,N',1939,1961,'65','6'),
	(856,'5E','X5E','X,D,N,O',1948,1964,'70','7.5'),
	(859,'M5G','M5G','M',1939,1970,'55','5'),
	(860,'M5E Cut','M5ECUT','M',1971,1884,'70','6'),
	(861,'M5C','M5C','M',1921,1956,'70','6'),
	(862,'M5','M5','M',1883,1984,'70','7'),
	(866,'5C','5C','O',1921,1956,'70','5'),
	(867,'5B','5B','O',1988,1939,'40','4'),
	(869,'5K','5K','O',1988,1956,'30','3.5'),
	(871,'6A','L6A','LSS',1989,1964,'75','6.5'),
	(872,'6D','S6D','D,LSS',1989,1884,'70','13'),
	(874,'6D Ext','L6DEX','LSS',1996,1884,'75','6.5'),
	(875,'M7','M7','M,D',1939,1884,'45','5'),
	(876,'7H Ext','7HEXT','O',1861,2006,'70','5'),
	(878,'7M','S7M','D,LSS',1921,2005,'50','10'),
	(879,'M7S','M7S','M',1884,2008,'55','5'),
	(880,'M7K','M7K','M',1939,1956,'30','5'),
	(881,'M7B','M7B','M',1921,2014,'60','5'),
	(882,'7B','7B','O',1921,2014,'60','4.5'),
	(883,'7K','7K','O',1861,2015,'55','4'),
	(885,'7H','L7H','LSS',1921,2004,'48','5'),
	(886,'7G','7G','O',1921,2020,'63','4.5'),
	(887,'7F','L7F','LSS',1921,2021,'45','4.5'),
	(888,'7E','L7E','LSS',1921,2006,'70','5.5'),
	(889,'M8B','M8B','M',1941,2027,'45','5'),
	(890,'8B','8B','O',1941,2027,'45','4'),
	(891,'M8A','M8A','M',1989,2030,'65','6'),
	(892,'M9M','M9M','M',1939,2034,'40','5'),
	(893,'M9M Ext','M9MEXT','M',1941,2034,'70','7'),
	(894,'M10','M10','M',1941,1951,'65','5'),
	(895,'M10A','M10A','M',1989,2008,'90','7'),
	(896,'10G','X10G','X',2036,1893,'85','9'),
	(897,'M11A','M11A','M',1944,2043,'55','5'),
	(898,'11H','X11H','X,D,LSS',1941,2048,'80','9'),
	(899,'11G','X11G','X,O',1921,2049,'70','7'),
	(901,'11A','S11A','D,O',1944,1939,'55','10'),
	(903,'11A Ext','L11AEX','LSS',2050,1939,'70','5.5'),
	(906,'11','11','O',1941,1939,'45','4'),
	(907,'M11','M11','M',1890,1875,'40','5'),
	(908,'M12B Ext','M12BEX','M',2048,1991,'80','6'),
	(909,'12G','X12G','X,O',1928,1951,'70','7.5'),
	(910,'12','12','O',1939,2060,'40','3.5'),
	(911,'M12C','M12C','M',2061,1988,'70','5'),
	(913,'M12B','M12B','M',1948,1991,'50','5'),
	(914,'M12','M12','M',1941,1911,'90','7'),
	(916,'12B','12BNS','N,O,D',1948,1991,'50','8'),
	(919,'M12A','M12A','M',1939,1991,'40','4'),
	(920,'13','S13','D,O',1939,2069,'42','8'),
	(922,'13B','13B','O',1939,1928,'42','4'),
	(923,'M14','M14','M',2070,2073,'40','5'),
	(924,'M15C','M15C','M',1921,2021,'75','6'),
	(925,'M15 Ext','SM15EX','D',1988,1961,'70','13'),
	(926,'15B','S15B','D,O,N',1921,2083,'40','9'),
	(927,'M15L Cut','M15LCU','M',1921,2085,'70','6'),
	(928,'M15D','M15D','M',1921,2021,'48','5'),
	(929,'M15A','M15A','M',1921,2021,'48','5'),
	(930,'M15','M15','M',1988,2072,'55','6'),
	(931,'15F','L15F','LSS,N',1921,1948,'70','5.5'),
	(933,'M15F Cut','M15FCU','M',1921,1971,'45','5'),
	(935,'15B Ext','15BEXN','O',2083,1912,'90','12'),
	(936,'15G','15G','O',1861,2089,'38','4'),
	(938,'15','15','O',1861,1858,'38','4'),
	(941,'M17M Ext','M17MEX','M',1921,2061,'60','5'),
	(942,'M17M','M17M','M',1921,2048,'80','6'),
	(943,'17E','X17E','X,D,O',1921,2061,'60','7.5'),
	(944,'17D','X17D','X,D,O',1941,1951,'70','8.5'),
	(945,'17M','S17M','D,X,LSS N,LSS',1921,2048,'75','12'),
	(947,'MG17','MG17','M',1921,2097,'75','7'),
	(948,'M17M Cut','M17MCU','M',1921,1948,'50','5'),
	(952,'M17K','M17K','M',1941,2098,'60','6'),
	(955,'M17','M17','M',1921,1948,'60','5'),
	(956,'M17A','M17A','M',1921,1971,'65','6'),
	(957,'M17B','M17B','M',1921,2104,'90','7'),
	(958,'M17B Cut','M17BCT','M',1971,2104,'60','5'),
	(959,'M17G','M17G','M',1921,2097,'85','7'),
	(961,'M18C','M18C','M',1939,1911,'50','5'),
	(962,'M18B','M18B','M',1941,1985,'55','5'),
	(963,'M18S','M18S','M',1875,2114,'40','5'),
	(964,'M18G','M18G','M',2115,2123,'50','6'),
	(965,'M18H','M18H','M',1875,2124,'42','4'),
	(966,'M18L','M18L','M',1875,2127,'45','6'),
	(967,'M18M','M18M','M',1948,1875,'70','6'),
	(968,'M18T','M18T','M',2130,1941,'55','6'),
	(969,'A18','SA18','D,X',1941,2120,'80','13'),
	(970,'E18','XE18','X,AC',1941,2123,'85','10.5'),
	(973,'M18','M18','M',1875,2123,'30','5'),
	(974,'D18','SD18','D',1941,2118,'70','13'),
	(975,'G18','SG18','D,LSS,X,N',1939,2123,'70','13'),
	(976,'18A','18ANS','N,O,LSS',1941,1875,'60','12'),
	(977,'18D','L18D','LSS,X',1941,1911,'70','6'),
	(978,'B18','YB18','D,X,LSS',2132,2120,'95','15'),
	(981,'18E','18E','O',1941,2134,'70','5'),
	(982,'18K','18K','O',1921,2008,'55','4'),
	(983,'18P','18P','O',1861,2135,'70','4.5'),
	(988,'K18','K18','O',1921,2008,'70','6'),
	(991,'18','18','O,LSS',1941,1868,'45','4'),
	(993,'PP19E','XPP19E','X,D',1921,2142,'80','10.5'),
	(994,'M19P','M19P','M',1883,1984,'80','7'),
	(995,'M19','M19V','M',1889,1909,'55','6'),
	(996,'PP19','PP19','LSS',1921,1906,'65','6.5'),
	(998,'19G','S19G','D,X,LSS',1921,2142,'95','15'),
	(999,'19B','W19BV','AC,D,LSS',1939,1984,'70','33'),
	(1001,'M19K','M19K','M',1883,2144,'70','6'),
	(1002,'PP19 Ext','PP19ET','O',1921,2142,'80','7.5'),
	(1003,'G19','SG19','D',1939,2142,'75','14'),
	(1004,'19','19SNS','N',1861,1884,'55','10'),
	(1006,'19E','L19E','LSS',1921,2142,'100','7.5'),
	(1007,'M19H','M19H','M',1939,1909,'70','7'),
	(1010,'19C','L19C','LSS',1939,1977,'60','5.5'),
	(1012,'M19A','M19A','M',1939,1984,'90','7'),
	(1013,'M19B','M19B','M',1939,1970,'60','5'),
	(1014,'M19C','M19C','M',1867,2152,'70','6'),
	(1015,'M19D','M19D','M',1883,2152,'50','6'),
	(1017,'M20C','M20C','M',1921,2157,'70','6'),
	(1018,'M20P','M20P','M',2006,2164,'50','5'),
	(1019,'M20M','M20M','M',1921,2169,'65','6'),
	(1020,'M20K','M20K','M',2006,2174,'52','4'),
	(1021,'M20D','M20D','M',2006,2174,'45','4'),
	(1022,'M20','M20','M',2093,1971,'45','5'),
	(1023,'20A','L20A','LSS',1921,2175,'70','5.5'),
	(1024,'20H','20H','O',1863,2177,'80','5'),
	(1025,'20E','20E','O',2006,2178,'35','3'),
	(1026,'20','20','O',1921,2165,'45','4'),
	(1027,'M20B','M20B','M',1921,2179,'80','6'),
	(1028,'M20E Ext','M20EEX','M',2006,2180,'30','4'),
	(1029,'21H','X21H','X,D,LSS',1921,1984,'85','10'),
	(1030,'M21K','M21K','M',1921,2182,'65','6'),
	(1031,'PP21','SPP21','D,X',1941,2123,'85','15'),
	(1033,'21G','S21G','D,X,AC,LSS',1941,1875,'70','13'),
	(1035,'21H Ext','S21HEX','D',1855,1984,'115','21'),
	(1036,'21L','S21L','D,LSS',1921,1965,'50','11'),
	(1039,'G21','XG21','X',1921,1873,'65','9'),
	(1040,'T21','XT21','X,LSS',1921,1970,'65','8.5'),
	(1042,'M21G','M21G','M',1921,2149,'60','5'),
	(1044,'21M88K','21M88K','M',1941,2186,'75','7'),
	(1046,'21','21','O',1941,1880,'40','4'),
	(1047,'21D','21D','O',1921,1884,'50','4.5'),
	(1048,'21E','21E','O',1921,2187,'60','5'),
	(1049,'M21A','M21A','M',1885,1880,'40','4'),
	(1050,'21E Ext','L21EET','LSS',1921,2164,'80','6.5'),
	(1053,'21L Ext','L21LEX','LSS',1921,1911,'70','6.5'),
	(1054,'B21L','LB21L','LSS',2132,1893,'105','7'),
	(1055,'H21','LH21','LSS',1921,2152,'70','6.5'),
	(1057,'M21','M21','M',1889,1875,'50','5'),
	(1059,'22','22','O',2188,1928,'45','4'),
	(1060,'22A','L22A','LSS',2006,1884,'80','6.5'),
	(1061,'23C Ext','23CEXT','O',1884,2014,'100','6'),
	(1062,'M23','M23V','M',1889,2165,'85','7'),
	(1063,'23C','X23C','X,D,LSS,O',1964,2188,'80','8.5'),
	(1065,'23A','23A','O',1902,2036,'80','6'),
	(1066,'M23C','M23C','M',1964,2188,'80','6'),
	(1070,'24A','L24A','LSS',2021,2060,'50','5'),
	(1071,'24C','L24C','LSS',2195,2060,'80','6.5'),
	(1072,'25G','S25G','D,LSS N,LSS,X',1928,2164,'80','13'),
	(1074,'M25A','M25A','M',1928,2046,'55','5'),
	(1078,'27C','S27C','D,X,O',1939,2174,'75','11'),
	(1080,'M27H','SM27H','D,M',1928,2195,'95','13'),
	(1081,'H27','SH27','D',1928,2155,'70','12'),
	(1082,'M27L','M27L','M',2042,2005,'40','5'),
	(1083,'27D','S27D','D,O',1991,2165,'70','11'),
	(1084,'27B','S27B','D,N,O',2083,1928,'50','10'),
	(1085,'M27','M27N','M N,M',1928,2004,'58','6'),
	(1086,'M27L Ext','M27LEX','M',1928,2005,'65','6'),
	(1087,'M27E','M27E','M',2201,1928,'65','6'),
	(1089,'27R','L27R','LSS',1928,2157,'90','6.5'),
	(1090,'27L','L27L','LSS,D',1928,2005,'65','5.5'),
	(1094,'27B Cut','27BCU','O',2089,1928,'55','4.5'),
	(1098,'28B','28B','O,D',1912,2204,'85','6'),
	(1100,'28C','28C','O',2205,1989,'65','4'),
	(1101,'28A','28A','O',2204,2211,'90','6'),
	(1102,'28','28','O',1855,2036,'60','5'),
	(1103,'M28','M28','M',1855,1928,'65','6'),
	(1104,'M29AE','M29AE','M',2030,1928,'65','6'),
	(1105,'29L Ext','X29LEX','X',2030,2212,'110','10.5'),
	(1106,'29C','X29C','X,AC,D,O',2213,1964,'70','8.5'),
	(1108,'29E','S29E','D,O',2217,2174,'65','13'),
	(1110,'M29K','M29K','M',2083,1880,'50','5'),
	(1111,'M29 Ext','M29EXT','M',2218,1880,'80','6'),
	(1112,'M29E','M29E','M',2217,2174,'65','7'),
	(1113,'M29C Ext','M29CEX','M',2030,1880,'70','7'),
	(1115,'29','X29N','X N',2217,1889,'75','9'),
	(1116,'M29A','M29A','M',2217,1928,'50','5'),
	(1117,'B29','LB29N','LSS N',2030,1889,'95','6.5'),
	(1118,'29C Ext','L29CXT','LSS',2222,1884,'105','6.5'),
	(1119,'29NE','L29NE','LSS',2169,1889,'95','6.5'),
	(1120,'29M','29M','O',2213,1884,'70','5.5'),
	(1121,'29L','29L','O',2030,1884,'100','6'),
	(1123,'29D Ext','29DEXT','O',2222,2060,'85','5'),
	(1125,'29A','29A','O',2217,1928,'50','4.5'),
	(1126,'M29A Ext','M29AEX','M',2169,1928,'65','5'),
	(1127,'M29B','M29B','M',2213,2228,'75','6'),
	(1128,'32','L32','LSS',1944,2060,'40','3.5'),
	(1129,'32 Ext','L32EXT','LSS',2050,2060,'50','4.5'),
	(1130,'32A','L32A','LSS',1989,1991,'65','5.5'),
	(1131,'32B','32B','O',2132,2060,'45','3.5'),
	(1132,'M33','M33','M',1921,1932,'38','4'),
	(1133,'M33A','M33A','M',2231,2204,'50','5'),
	(1134,'34','L34','LSS,X',2006,1855,'75','6.5'),
	(1136,'34 Ext','X34EXT','X',2232,1855,'100','10'),
	(1137,'35','35','O',1921,2188,'45','3'),
	(1138,'37G','37G','O,D,X,LSS',1944,2048,'110','6'),
	(1140,'M37E','M37E','M',2020,2048,'105','7'),
	(1141,'M37','M37','M',1944,2098,'65','6'),
	(1143,'37D','L37D','LSS',1944,1951,'75','6.5'),
	(1144,'37C','37C','O',1948,2165,'65','4.5'),
	(1145,'37B','37B','O',1948,2027,'70','5.5'),
	(1146,'37','L37','LSS',1944,2048,'80','6.5'),
	(1148,'M38C','M38C','M',2027,2060,'60','5'),
	(1149,'M38H','M38H','M',1921,2237,'50','5'),
	(1150,'M38A','M38A','M',1921,2222,'65','5'),
	(1151,'38G','38G','O',1921,2247,'95','7'),
	(1152,'38D','38D','O',1855,2250,'70','5'),
	(1153,'38C','38C','O',2027,2060,'60','4'),
	(1154,'M38H Ext','M38HEX','M',1921,2222,'70','6'),
	(1155,'40A','L40A','LSS,D,X',1928,2195,'90','6.5'),
	(1156,'M40','M40','M',1928,2155,'72','6'),
	(1157,'M40 Ext','M40EXT','M',1928,2179,'78','7'),
	(1160,'41D','S41D','D,X,LSS',1880,2155,'100','13'),
	(1161,'M41F','M41F','M',1971,1880,'65','6'),
	(1163,'M41G','M41G','M',2157,1884,'100','7'),
	(1164,'41D Ext','L41DEX','LSS',1880,2259,'100','6.5'),
	(1166,'41C','L41C','LSS',1884,2021,'70','6.5'),
	(1167,'D41','LD41','LSS',1884,2155,'100','6.5'),
	(1168,'42','42','O',1921,2030,'50','4.5'),
	(1169,'M42','M42','M',1921,2030,'50','5'),
	(1170,'M42A','M42A','M',1921,2260,'60','5'),
	(1171,'M42B','M42B','M',1921,2167,'60','5'),
	(1172,'M42C','M42C','M',1921,2261,'65','6'),
	(1173,'M42D','M42D','M',1921,2166,'65','5'),
	(1174,'44C','44C','O',1921,2264,'45','4'),
	(1175,'M44C','M44C','M',1921,2266,'55','5'),
	(1176,'44A','44A','O',1921,2264,'40','4'),
	(1177,'44','44','O',1921,2270,'65','4.5'),
	(1178,'M44D','M44D','M',1921,2264,'40','5'),
	(1179,'44B','L44B','LSS',1929,2211,'60','6.5'),
	(1180,'N45B','LN45B','LSS',1928,1894,'65','6'),
	(1181,'M45E','M45E','M',1928,1911,'80','7'),
	(1182,'M45A Ext','M45AEX','M',2060,1890,'55','6'),
	(1183,'M45','M45','M',1939,1911,'50','5'),
	(1184,'A45B','LA45B','LSS',1928,2149,'55','5.5'),
	(1185,'45BM8','45BM8','O',2149,2097,'75','4'),
	(1186,'45B','45B','O',1928,2149,'55','4.5'),
	(1187,'M45A','M45A','M',1928,1965,'62','5'),
	(1188,'46G','46G','O,N',2050,2083,'65','5'),
	(1189,'M46A Cut','M46ACT','M',2165,1971,'35','5'),
	(1190,'M46','M46','M',2027,2083,'65','5'),
	(1191,'M46B','M46B','M',2030,2083,'70','5'),
	(1192,'46C','L46C','LSS',2083,2250,'65','5.5'),
	(1193,'46','46NS','N,O',2027,2083,'50','9'),
	(1196,'46G Cut','46GCU','O',2050,1971,'65','5'),
	(1197,'47','S47','D,O',2165,1884,'70','11'),
	(1198,'47A','S47A','D,O',1884,2275,'70','12'),
	(1199,'M47D Ext','M47DEX','M',1939,2014,'70','6'),
	(1200,'M47D','M47D','M',1884,2195,'100','0'),
	(1201,'A47','LA47','LSS',1884,2195,'100','7'),
	(1202,'47D','X47D','X,D',1884,2195,'100','10'),
	(1207,'48C','48C','O',1944,2083,'55','4.5'),
	(1208,'M48C','M48C','M',1944,2083,'55','5'),
	(1209,'M48B','M48B','M',2027,1912,'80','7'),
	(1210,'M48A Ext','M48AEX','M',2237,2005,'80','6'),
	(1211,'M48','M48','M',1944,2165,'39','4'),
	(1212,'48','48','O',1944,2165,'39','3.5'),
	(1213,'M48A','M48A','M',2237,2006,'65','5'),
	(1214,'49A','L49A','LSS,D',2164,1939,'65','5.5'),
	(1216,'PP49','SPP49','D',2083,2142,'100','17'),
	(1217,'M49 Ext','M49EXT','M',2174,1884,'80','6'),
	(1218,'49','49','O',1939,2164,'80','5.5'),
	(1219,'M49','LM49','LSS,M',1884,2048,'50','5.5'),
	(1221,'M50','M50','M',1921,2174,'65','6'),
	(1222,'M50 Ext','M50EX','M',1921,2282,'65','6'),
	(1223,'C51','LC51','LSS,D',1961,1883,'80','6.5'),
	(1224,'M51B','M51B','M',1867,2286,'65','6'),
	(1225,'M51A','M51A','M',1961,2290,'40','4'),
	(1226,'M51','M51','M',1939,2291,'70','6'),
	(1227,'T51','LT51NS','LSS N,LSS,X,AC,D',1961,1884,'60','12'),
	(1229,'51S','L51S','LSS',1867,1961,'70','6'),
	(1230,'51R','L51R','LSS',1941,1923,'70','6.5'),
	(1231,'51D','L51D','LSS',1921,1875,'105','7.5'),
	(1232,'H51 Ext','H51EXT','O',1921,2301,'105','7'),
	(1233,'D51','XD51','X,D',1941,2072,'70','9'),
	(1234,'B51','LB51','LSS,X,D',1939,1961,'70','6.5'),
	(1235,'A51','XA51','X,LSS,D,AC',1921,1875,'85','9'),
	(1237,'51','51N','N',1939,2302,'50','4.5'),
	(1238,'51F','51F','O',1939,2305,'55','4.5'),
	(1239,'M51E','M51E','M',1867,1923,'40','4'),
	(1240,'H51','LH51','LSS',1941,1875,'85','7'),
	(1242,'M51D','M51D','M',1867,1984,'95','7'),
	(1245,'E51','XE51','X',1941,1937,'85','9'),
	(1247,'51L','X51L','X',2083,1961,'80','10'),
	(1250,'V51','SV51','D',1939,1961,'70','13'),
	(1252,'B51 Ext','SB51EX','D',1941,1961,'90','14'),
	(1253,'M51P','M51P','M',1941,2293,'65','6'),
	(1254,'M51C','M51C','M',1939,1936,'70','6'),
	(1255,'M51G','M51G','M',1875,2295,'40','5'),
	(1256,'M51H','M51H','M',1867,1961,'70','6'),
	(1258,'M51M','M51M','M',1939,1923,'50','5'),
	(1260,'M51T','M51T','M',1961,2312,'52','5'),
	(1261,'M51T Cut','M51TCU','M',1961,2311,'50','5'),
	(1263,'PP51','PP51','LSS',1921,1875,'85','7'),
	(1265,'M51K','M51K','M',1961,1980,'65','6'),
	(1266,'M52G','M52GFS','M',1921,2317,'70','7'),
	(1267,'M52','M52','M',1872,2319,'20','3'),
	(1268,'M52P','M52P','M',1941,2302,'75','6'),
	(1269,'M52L','M52L','M',1941,1894,'70','6'),
	(1270,'M52K','M52K','M',1941,1911,'80','7'),
	(1271,'M52H','M52H','M',2319,2324,'60','6'),
	(1272,'52','52','O',1921,2319,'70','6'),
	(1273,'M52D','M52D','M',1941,2301,'70','7'),
	(1274,'M52B','M52B','M',1872,2115,'25','4'),
	(1275,'52B','L52B','LSS',1921,2115,'75','6.5'),
	(1276,'M52 Ext','M52EXT','M',2319,2123,'60','6'),
	(1277,'M53S','M53S','M',2083,2330,'70','7'),
	(1278,'M53K','M53K','M',2083,2332,'50','5'),
	(1279,'M53G','M53G','M',1971,2336,'30','4'),
	(1280,'M53','M53','M',1921,2164,'70','6'),
	(1281,'53P','L53P','LSS',1921,2337,'70','6.5'),
	(1282,'53E','53E','O',1921,2104,'60','5.5'),
	(1283,'M53E','M53E','M',1921,2104,'60','6'),
	(1284,'53','X53','X',1921,2164,'70','8.5'),
	(1285,'54','X54','X,D,LSS',1941,2164,'75','9'),
	(1286,'M54A','M54A','M',2164,2345,'50','5'),
	(1287,'M54B','M54B','M',1867,2047,'55','5'),
	(1288,'M54C','M54C','M',2164,2330,'50','4'),
	(1289,'M54E','M54E','M',1867,2332,'65','5'),
	(1290,'M54P','M54P','M',1939,2164,'75','6'),
	(1291,'M54','M54V','M',2164,2356,'50','6'),
	(1292,'54F','S54F','D,LSS',1880,2164,'70','11'),
	(1295,'54M','54M','O',1941,2104,'90','6'),
	(1297,'54 Cut','L54CT','LSS',1971,2102,'75','6.5'),
	(1298,'G54','LG54','LSS',1939,2339,'75','6'),
	(1299,'54G','54GFS','O',1941,2359,'110','6.5'),
	(1300,'M54H','M54HNS','M N',1867,2164,'50','9'),
	(1301,'54L','L54L','LSS',1941,2339,'90','6.5'),
	(1305,'54F Ext','L54FEX','LSS',1988,2360,'75','6.5'),
	(1306,'54T','L54T','LSS',1941,2333,'90','6.5'),
	(1307,'54T Cut','L54TCU','LSS',1939,2333,'65','6'),
	(1308,'54K','54K','O',1941,2361,'110','6.5'),
	(1309,'M55','M55','M',1875,2362,'33','4'),
	(1310,'M55D','M55D','M',1875,2370,'50','6'),
	(1311,'M55G','M55G','M',1875,2371,'42','5'),
	(1312,'M55 Ext','M55EXT','M',1875,2322,'25','4'),
	(1313,'M55C','M55C','M',2372,2377,'60','6'),
	(1314,'M55A','M55A','M',1921,2110,'40','4'),
	(1315,'M55B','M55B','M',1875,2110,'40','4'),
	(1316,'56','56N','N',1921,1912,'70','5.5'),
	(1317,'M56C Ext','M56CXT','M',1912,1971,'60','5'),
	(1318,'M56','M56','M',1921,2383,'70','6'),
	(1319,'56C Ext','56CET','O',1941,2068,'105','6'),
	(1320,'56P','L56P','LSS',1921,2389,'100','7'),
	(1321,'P56D','SP56D','D',1921,2270,'55','13'),
	(1322,'56K','L56K','LSS,O',1855,2394,'80','6.5'),
	(1323,'56W','56W','O',2251,1944,'75','6'),
	(1325,'56G','56G','O',2083,2395,'75','5.5'),
	(1326,'56E','56E','O',1989,2389,'70','6'),
	(1327,'56D','56D','O',1921,2270,'60','6'),
	(1328,'56C','56C','O',1921,1855,'48','4'),
	(1329,'56/56A','56/56A','O',1944,1912,'70','4.5'),
	(1330,'56M','56M','O',1944,2397,'70','5.5'),
	(1331,'56D Ext','56DEX','O',1941,2238,'70','6'),
	(1332,'57','57','O',1944,2394,'45','4.5'),
	(1333,'57G','57G','O',2394,2247,'75','5'),
	(1334,'57M','L57MN','LSS N',1941,2408,'70','6.5'),
	(1335,'57F','Z57F','D,O',1921,2410,'70','13'),
	(1336,'M57','M57','M',1921,2018,'40','5'),
	(1338,'T57','T57','O',1921,2415,'105','6.5'),
	(1339,'57FE','L57FE','LSS',1921,2416,'70','6.5'),
	(1340,'A57','XA57','X',1921,2401,'55','8.5'),
	(1341,'57A','57A','O',1944,2418,'60','5'),
	(1342,'PP57F','PP57F','LSS',1921,2410,'70','6.5'),
	(1344,'57E','57EFS','O',2394,2397,'60','5'),
	(1345,'57D','57D','O',1921,2420,'85','6.5'),
	(1346,'57C','57CNH','N',1944,2415,'70','5.5'),
	(1347,'57C Cut','57CCT','O',2394,2415,'80','4'),
	(1348,'57B','57BNH','N',1944,2428,'75','6'),
	(1349,'P57F','XP57F','X',1921,2410,'70','9'),
	(1350,'58','58HNH','N',1944,2431,'90','6.5'),
	(1351,'58H','58H','O',1944,2431,'75','6'),
	(1352,'58A','58A','O',1921,2394,'65','5.5'),
	(1353,'58A Cut','58ACU','O',2394,2415,'50','4.5'),
	(1354,'59','59','O',1944,2174,'73','5.5'),
	(1355,'59A','59A','O',2264,1948,'90','6'),
	(1356,'M60 Cut','M60CUT','M',1872,2432,'20','3'),
	(1357,'60E','L60E','LSS',1941,2433,'85','6.5'),
	(1358,'M60H','M60H','M',1921,2435,'70','7'),
	(1359,'M60D','M60D','M',1941,2436,'70','7'),
	(1360,'60','60FS','O',1921,2432,'70','6'),
	(1361,'60C','L60C','LSS',1921,2432,'70','6.5'),
	(1362,'60A','60AFS','O',1921,2437,'85','6'),
	(1363,'60G','L60G','LSS',1921,2319,'80','6.5'),
	(1364,'M60','M60','M',1939,2440,'80','7'),
	(1365,'61D Ext','61DEX','O',1921,2450,'120','7'),
	(1366,'M61E','M61E','M',1921,2450,'120','7'),
	(1367,'M61D Ext','M61DEX','M',2195,2450,'50','5'),
	(1368,'M61D','M61D','M',1941,2448,'105','6.5'),
	(1369,'M61C','M61C','M',2195,2456,'28','4'),
	(1370,'61E Cut','61ECT','O',1971,2450,'100','6.5'),
	(1371,'61D Cut','61DCT','O',2195,2394,'60','5'),
	(1372,'61B Ext','61BEXT','O',1971,2420,'100','6.5'),
	(1373,'61B','61B','O',1921,2452,'100','6.5'),
	(1374,'M61A','M61A','M',2006,2469,'70','6'),
	(1375,'62','S62','D,LSS,N,X',2164,2394,'75','13'),
	(1378,'M62','M62','M',2394,2195,'50','6'),
	(1379,'62D','62D','O',2479,1971,'70','5.5'),
	(1381,'62A','62A','O',2394,2006,'52','4.5'),
	(1383,'62E','62E','O',2480,1971,'60','5'),
	(1384,'64B','64B','O,LSS',1921,2389,'100','6.5'),
	(1386,'M64C','M64C','M',1921,2270,'70','6'),
	(1387,'M64D','M64D','M',1921,2482,'70','6'),
	(1388,'M64P','M64P','M',2217,2389,'80','7'),
	(1389,'M65G','M65G','M',2195,2495,'95','7'),
	(1390,'M65H','M65H','M',2394,2195,'85','7'),
	(1391,'M65E','M65E','M',2164,2006,'65','6'),
	(1392,'M65D','M65D','M',2195,2505,'65','7'),
	(1393,'M65C','M65C','M',2195,2438,'55','6'),
	(1394,'65B','L65B','LSS,X',2164,2006,'65','6'),
	(1395,'65A','L65A','LSS',1867,2338,'90','7'),
	(1396,'M65C Cut','M65CCU','M',2006,2485,'70','6'),
	(1398,'PP66','SPP66','D',2120,2164,'75','13'),
	(1399,'66','66','O',1875,2164,'75','5.5'),
	(1400,'M66','M66','M',1875,2164,'75','6'),
	(1401,'M66A','M66A','M',2115,2433,'50','5'),
	(1402,'70B','S70B','D,X',2195,1873,'75','13'),
	(1403,'D70','WD70V','AC,D,X,N,LSS',2006,1889,'70','30'),
	(1404,'70D','Y70D','D',2006,1923,'80','13'),
	(1405,'T70','T70','O',2083,1884,'50','4.5'),
	(1406,'M70','SM70','D,AC,X,M N,M',2083,1884,'65','11'),
	(1407,'G70','SG70','D,X',1948,2123,'75','14'),
	(1409,'C70','SC70','D,X,LSS',2394,2149,'65','13'),
	(1410,'70A70','S70A70','D,X',2195,2120,'110','15'),
	(1412,'70P','S70P','D',2232,1939,'80','13'),
	(1415,'70','X70V','X,N',1971,2123,'90','10.5'),
	(1416,'B70','XB70','X,LSS',2232,2149,'85','9'),
	(1420,'H70','XH70','X',2195,2115,'100','10.5'),
	(1423,'7070A','S7070A','D',2195,2120,'110','14'),
	(1424,'70A','Y70A','D',2195,2120,'110','15'),
	(1425,'D70 Ext','LD70EX','LSS',2232,1889,'100','7'),
	(1429,'70G','L70G','LSS',2188,1875,'75','6.5'),
	(1430,'70K','70K','O',2004,1884,'80','6'),
	(1431,'70L','70L','O',2155,1875,'90','6'),
	(1432,'A70','LA70','LSS',2195,1872,'75','6.5'),
	(1439,'M70A','M70A','M',2195,2083,'60','5'),
	(1440,'M70A Ext','M70AEX','M',2195,1951,'90','7'),
	(1441,'M70B','M70B','M',2195,2083,'60','5'),
	(1442,'M70C','M70C','M',1971,1875,'65','6'),
	(1443,'M70D','M70D','M',2201,1868,'50','5'),
	(1444,'M70E','M70E','M',2083,2356,'85','7'),
	(1445,'M70 Ext','M70EX','M',2083,2152,'95','10'),
	(1446,'M70F','M70F','M',2232,2149,'105','7'),
	(1447,'M70K','M70K','M',2083,1911,'70','7'),
	(1449,'71H','L71H','LSS',1921,2519,'80','6.5'),
	(1450,'71F','71F','O',1941,2259,'65','5.5'),
	(1451,'M71C','M71C','M',1921,2521,'75','5'),
	(1452,'71E','L71E','LSS,X',1921,2344,'90','6.5'),
	(1453,'71D','L71D','LSS',1921,2475,'60','6'),
	(1455,'M71E','M71ENS','M N',2006,2344,'50','10'),
	(1456,'M79','M79','M',1939,2523,'85','7'),
	(1457,'M80','M80','M',1875,2523,'50','5'),
	(1458,'M88C','M88C','M,M N',1867,2433,'55','5'),
	(1459,'88K','Z88K','D,LSS',1921,2433,'80','13'),
	(1460,'M88M','M88M','M',1921,2529,'80','7'),
	(1461,'M88 Ext','M88EXT','M',2083,2433,'70','5'),
	(1463,'M88A','M88A','M',1941,2530,'105','0'),
	(1464,'88R','L88R','LSS',1941,2532,'130','8.5'),
	(1465,'88C Ext','L88CET','LSS,O',2530,1939,'85','6.5'),
	(1466,'88C Cut','L88CCU','LSS',1941,2533,'85','6.5'),
	(1467,'88L','L88L','LSS',2048,2534,'85','6.5'),
	(1470,'M88D','M88D','M',2008,2380,'65','6'),
	(1471,'M88','M88','M',1948,2437,'50','5'),
	(1472,'M89','M89','M',2047,2114,'60','5'),
	(1473,'M89T','M89T','M',2048,2539,'70','6'),
	(1474,'101','L101','LSS,X,D,N',1855,2164,'100','7'),
	(1477,'101A','S101A','D',1855,2083,'80','13'),
	(1480,'103','X103','X',1944,2195,'65','8.5'),
	(1481,'114','X114','X,D',2394,2120,'100','12'),
	(1483,'114S','114SNH','N',2541,1971,'110','7'),
	(1484,'114 Cut','L114CU','LSS',2394,1971,'48','5.5'),
	(1485,'/M116','L/M116','LSS',1921,2546,'45','5'),
	(1486,'M116A','M116A','M',1921,2546,'45','5'),
	(1487,'M116L','M116L','M',1921,2250,'45','5'),
	(1488,'M118','M118','M',1875,2550,'50','6'),
	(1489,'M119','M119','M',2149,2152,'70','7'),
	(1490,'119','S119','D',1989,2142,'110','25'),
	(1491,'120','X120','X,N,D',1921,2195,'70','9'),
	(1492,'120C','L120C','LSS',1861,2551,'65','6.5'),
	(1495,'121A','121A','O',2270,1971,'60','6'),
	(1496,'M121G','M121G','M',2020,2083,'50','6'),
	(1497,'M121C','M121C','M',1912,2083,'105','7'),
	(1498,'121BH','121BH','O',2389,1971,'105','7'),
	(1499,'M121D','M121D','M',2211,2083,'90','7'),
	(1500,'M134A','M134A','M',1855,2005,'90','7'),
	(1501,'138','138','O',1912,2546,'85','6'),
	(1502,'138A','L138A','LSS',2030,1855,'70','5.5'),
	(1503,'M142','M142','M',2217,2218,'25','4'),
	(1504,'M142B','M142B','M',1921,2169,'50','5'),
	(1505,'M147C','SM147C','D,M',2155,1939,'70','12'),
	(1506,'M147A','M147A','M',1939,2004,'50','5'),
	(1507,'M147B','M147B','M',1939,2005,'50','5'),
	(1509,'M147CE','M147CE','M',1939,2178,'70','7'),
	(1510,'M147S','M147S','M',2259,1939,'75','7'),
	(1511,'M150','M150','M',1921,2195,'100','7'),
	(1512,'151','L151','LSS',1941,2295,'115','7'),
	(1513,'152B','X152B','X',1941,2115,'85','9'),
	(1514,'153','L153','LSS,X',1921,2338,'75','6.5'),
	(1516,'M154','M154','M',1939,2337,'65','6'),
	(1517,'154A','S154A','D',1939,2345,'90','14'),
	(1518,'155A','X155A','X',1941,2381,'90','9'),
	(1519,'159C','159C','O',1855,1971,'75','6'),
	(1520,'159','X159','X,O',1855,2174,'105','9'),
	(1521,'159A','S159A','D,N,O',1855,2083,'75','13'),
	(1522,'159D','159D','O',2264,2083,'65','5'),
	(1523,'159A Ext','159AEX','O',1912,2083,'90','13'),
	(1527,'159B','159B','O',1989,2083,'65','5'),
	(1528,'159E','159E','O',1912,2083,'105','6'),
	(1529,'M164','M164','M',2222,2217,'30','4'),
	(1530,'166','S166','D',2048,1875,'70','12'),
	(1531,'170T','X170T','X,D',2020,1875,'100','10.5'),
	(1532,'170L','S170L','D',2476,2120,'105','15'),
	(1533,'170P','S170P','D',2232,1875,'100','15'),
	(1534,'170','X170','X,D,LSS',2174,1875,'80','9'),
	(1535,'170B','X170B','X',2027,1875,'85','10'),
	(1536,'170E','X170E','X',2264,1875,'100','10.5'),
	(1537,'170K','X170K','X',2155,2123,'105','10.5'),
	(1538,'M170C','M170C','M',2027,2149,'70','6'),
	(1539,'170G','X170G','X',2030,1875,'90','10'),
	(1541,'M170CE','M170CE','M',2027,1884,'110','7'),
	(1543,'170A','X170A','X,D',2251,2120,'100','10.5'),
	(1544,'170CE','L170CE','LSS',2270,2149,'90','6.5'),
	(1547,'D170','D170','O',2174,1889,'80','6'),
	(1548,'M170B','M170B','M',2169,2149,'65','6'),
	(1549,'M170T','M170T','M',2021,1884,'75','7'),
	(1550,'228','S228','D',1855,2204,'60','11'),
	(1551,'232B','S232B','D',2132,2060,'45','8'),
	(1552,'232','S232','D',1944,2060,'40','7'),
	(1553,'232A','S232A','D',1989,1991,'65','11'),
	(1554,'242 Ext','X242EX','X',1928,2394,'75','9'),
	(1555,'242','S242','D,X',1921,2394,'65','12'),
	(1557,'PP242','PP242','LSS',1921,2394,'65','6'),
	(1558,'248','L248','LSS,D',1944,2475,'58','5.5'),
	(1559,'248 Ext','L248EX','LSS',1944,2157,'65','5.5'),
	(1560,'M248','M248','M',1944,2475,'70','6'),
	(1561,'M248A','M248A','M',1944,2476,'70','6'),
	(1563,'M253','M253','M',2080,2339,'70','6'),
	(1564,'254','Y254','D,LSS,X',1941,2164,'75','12'),
	(1568,'C256C','SC256C','D',1921,1855,'48','9'),
	(1569,'256C','S256C','D',1921,1855,'48','9'),
	(1570,'264','X264','X',2232,2389,'110','13.5'),
	(1571,'266','S266','D',2195,1875,'80','13'),
	(1572,'270','Y270','D',2006,2072,'85','13'),
	(1573,'370','W370V','AC',2195,1884,'105','35'),
	(1574,'M500','M500','M',1875,2561,'65','7'),
	(1575,'500','S500','D,X',1939,2561,'100','21'),
	(1577,'500A','X500A','X',2115,2561,'80','10'),
	(1578,'501','Z501','D',2164,2572,'90','14'),
	(1579,'502','S502','D',1921,2581,'105','19'),
	(1580,'505','X505','X',2394,2569,'85','10.5'),
	(1581,'510','S510','D',2083,2523,'90','14'),
	(1582,'512','S512','D',2394,2605,'90','14'),
	(1583,'514 Ext','X514EX','X',2606,2083,'105','16.5'),
	(1584,'514','X514','X',2610,2083,'90','12'),
	(1585,'515','S515','D',1875,2631,'80','19'),
	(1586,'517','S517','D',1872,2635,'75','15'),
	(1587,'518','Z518','D',1939,2550,'85','14'),
	(1588,'518 Ext','S518EX','D',1941,2550,'95','21'),
	(1589,'519','S519','D',1939,2624,'90','15'),
	(1590,'521','S521','D,X',1921,2624,'95','17'),
	(1591,'521A','W521AV','AC',1885,2624,'100','43'),
	(1593,'522','X522','X',1883,2642,'105','12'),
	(1594,'523','X523','X',1884,2651,'105','15'),
	(1595,'523A','X523A','X',1884,2649,'105','13.5'),
	(1596,'525','Z525','D',1948,2654,'85','15'),
	(1598,'527','X527','X',1921,2660,'120','16.5'),
	(1599,'533','X533','X',2661,2083,'100','10.5'),
	(1600,'538','S538','D',2164,2668,'80','14'),
	(1601,'547','S547','D',1944,2610,'95','15'),
	(1602,'549','S549','D',1884,2581,'95','15'),
	(1603,'551','X551','X',1889,2679,'95','10.5'),
	(1604,'551A','X551A','X',1961,1984,'70','9'),
	(1605,'553','Y553','D',1921,2581,'95','15'),
	(1606,'554','Z554','D,AC',1939,2581,'80','14'),
	(1609,'555','X555','X,D,X N',1875,2624,'60','9'),
	(1610,'555M','X555M','X',1875,2624,'80','10'),
	(1613,'557A','S557A','D',1944,2700,'105','19'),
	(1614,'557','Y557','D',1921,2698,'105','19'),
	(1616,'558','X558','X',1944,2702,'80','10'),
	(1617,'558B','X558B','X',2018,2712,'80','10.5'),
	(1618,'558M','X558M','X',2394,2481,'65','9'),
	(1619,'562','X562','X',2715,2006,'95','13.5'),
	(1620,'563','S563','D',2006,2610,'90','14'),
	(1621,'565A','S565A','D',2195,2654,'80','15'),
	(1622,'566','S566','D',2433,2624,'80','17'),
	(1623,'566A','S566A','D',1875,2569,'105','19'),
	(1625,'568','Y568','D',1883,2631,'85','21'),
	(1626,'570','W570V','AC,D',2083,1984,'105','38'),
	(1628,'571','S571','D',1921,2569,'120','19'),
	(1629,'572','X572','X',2006,2569,'75','9'),
	(1630,'578','S578','D',2433,2581,'60','13'),
	(1631,'579A','S579A','D',1875,2744,'80','15'),
	(1632,'579','X579','X',1921,2523,'90','10.5'),
	(1633,'580','X580','X',2195,2661,'80','10'),
	(1634,'581','X581','X',1939,2747,'105','12'),
	(1635,'582','Z582','D',1939,2747,'100','19'),
	(1636,'583','S583','D,X',1875,2581,'80','14'),
	(1637,'583A','S583A','D',2569,2581,'45','11'),
	(1639,'587','S587','D',1921,2624,'105','23'),
	(1640,'588','S588','D',1883,2631,'85','21'),
	(1641,'588C','W588CV','AC',2083,2631,'120','0'),
	(1642,'589','S589','D',1889,2631,'85','23'),
	(1643,'591','S591','D',1939,2772,'105','19'),
	(1644,'591A','S591A','D',2083,2775,'105','19'),
	(1645,'592','S592','D',1944,2610,'85','15'),
	(1647,'593','X593','X',1921,2715,'110','16.5'),
	(1648,'595','X595','X',1989,2712,'100','16.5'),
	(1649,'595A','X595A','X',1855,2712,'90','16.5'),
	(1650,'596','S596','D',2083,2569,'95','14'),
	(1651,'597','S597','D,AC',1939,2569,'95','15'),
	(1653,'599','W599V','AC,D',1939,2631,'95','0');
/*!40000 ALTER TABLE `appmodels_route` ENABLE KEYS*/;
UNLOCK TABLES;


#
# Table structure for table 'appmodels_routestage'
#

CREATE TABLE /*!32312 IF NOT EXISTS*/ `appmodels_routestage` (
  `id` int(11) NOT NULL AUTO_INCREMENT,
  `route_id` int(11) NOT NULL,
  `stage_id` int(11) NOT NULL,
  `sequence` int(11) NOT NULL,
  PRIMARY KEY (`id`),
  KEY `appmodels_routestage_route_id` (`route_id`),
  KEY `appmodels_routestage_stage_id` (`stage_id`),
  CONSTRAINT `route_id_refs_id_52c5639c` FOREIGN KEY (`route_id`) REFERENCES `appmodels_route` (`id`),
  CONSTRAINT `stage_id_refs_id_579b8715` FOREIGN KEY (`stage_id`) REFERENCES `appmodels_stage` (`id`)
) TYPE=InnoDB AUTO_INCREMENT=23931 /*!40100 DEFAULT CHARSET=latin1*/;



#
# Dumping data for table 'appmodels_routestage'
#

TRUNCATE TABLE `appmodels_routestage`;
LOCK TABLES `appmodels_routestage` WRITE;
/*!40000 ALTER TABLE `appmodels_routestage` DISABLE KEYS*/;
INSERT INTO `appmodels_routestage` (`id`, `route_id`, `stage_id`, `sequence`) VALUES
	(11951,828,1855,100),
	(11952,828,1856,200),
	(11953,828,1857,300),
	(11954,828,1858,400),
	(11955,828,1859,500),
	(11956,828,1860,600),
	(11957,828,1861,700),
	(11958,828,1862,800),
	(11959,828,1863,900),
	(11960,828,1864,1000),
	(11961,828,1865,1100),
	(11962,828,1866,1200),
	(11963,828,1867,1300),
	(11964,828,1868,1400),
	(11965,828,1869,1500),
	(11966,828,1870,1600),
	(11967,828,1871,1700),
	(11968,828,1872,1800),
	(11969,828,1873,1900),
	(11970,828,1874,2000),
	(11971,828,1875,2100),
	(11972,829,1855,100),
	(11973,829,1876,200),
	(11974,829,1857,300),
	(11975,829,1858,400),
	(11976,829,1859,500),
	(11977,829,1860,600),
	(11978,829,1861,700),
	(11979,829,1862,800),
	(11980,829,1877,900),
	(11981,829,1878,1000),
	(11982,829,1879,1100),
	(11983,829,1880,1200),
	(11984,829,1881,1300),
	(11985,829,1882,1400),
	(11986,829,1883,1500),
	(11987,829,1884,1600),
	(11988,830,1885,100),
	(11989,830,1877,200),
	(11990,830,1878,300),
	(11991,830,1879,400),
	(11992,830,1880,500),
	(11993,830,1881,600),
	(11994,830,1882,700),
	(11995,830,1886,800),
	(11996,830,1884,900),
	(11997,831,1855,100),
	(11998,831,1856,200),
	(11999,831,1857,300),
	(12000,831,1858,400),
	(12001,831,1859,500),
	(12002,831,1860,600),
	(12003,831,1861,700),
	(12004,831,1885,800),
	(12005,831,1877,900),
	(12006,831,1864,1000),
	(12007,831,1865,1100),
	(12008,831,1866,1200),
	(12009,831,1867,1300),
	(12010,831,1887,1400),
	(12011,831,1888,1500),
	(12012,831,1889,1600),
	(12013,831,1890,1700),
	(12014,831,1891,1800),
	(12015,831,1892,1900),
	(12016,831,1893,2000),
	(12056,835,1855,100),
	(12057,835,1856,200),
	(12058,835,1857,300),
	(12059,835,1858,400),
	(12060,835,1859,500),
	(12061,835,1860,600),
	(12062,835,1861,700),
	(12063,835,1862,800),
	(12064,835,1877,900),
	(12065,835,1878,1000),
	(12066,835,1879,1100),
	(12067,835,1880,1200),
	(12068,835,1881,1300),
	(12069,835,1882,1400),
	(12070,835,1886,1500),
	(12071,835,1884,1600),
	(12072,836,1894,100),
	(12073,836,1895,200),
	(12074,836,1896,300),
	(12075,836,1897,400),
	(12076,836,1898,500),
	(12077,836,1889,600),
	(12078,836,1899,700),
	(12079,836,1900,800),
	(12080,836,1884,900),
	(12081,836,1901,1000),
	(12082,836,1902,1100),
	(12083,836,1903,1200),
	(12084,836,1904,1300),
	(12085,836,1905,1400),
	(12086,836,1906,1500),
	(12087,836,1907,1600),
	(12088,836,1908,1700),
	(12089,836,1909,1800),
	(12090,837,1884,100),
	(12091,837,1900,200),
	(12092,837,1899,300),
	(12093,837,1889,400),
	(12094,837,1898,500),
	(12095,837,1910,600),
	(12096,837,1897,700),
	(12097,837,1911,800),
	(12098,838,1912,100),
	(12099,838,1913,200),
	(12100,838,1914,300),
	(12101,838,1915,400),
	(12102,838,1916,500),
	(12103,838,1917,600),
	(12104,838,1918,700),
	(12105,838,1919,800),
	(12106,838,1858,900),
	(12107,838,1859,1000),
	(12108,838,1860,1100),
	(12109,838,1861,1200),
	(12110,838,1862,1300),
	(12111,838,1877,1400),
	(12112,838,1878,1500),
	(12113,838,1879,1600),
	(12114,838,1920,1700),
	(12115,838,1881,1800),
	(12116,838,1882,1900),
	(12117,838,1886,2000),
	(12118,838,1884,2100),
	(12119,839,1921,100),
	(12120,839,1885,200),
	(12121,839,1877,300),
	(12122,839,1864,400),
	(12123,839,1865,500),
	(12124,839,1866,600),
	(12125,839,1887,700),
	(12126,839,1888,800),
	(12127,839,1922,900),
	(12128,839,1898,1000),
	(12129,839,1923,1100),
	(12130,840,1855,100),
	(12131,840,1876,200),
	(12132,840,1857,300),
	(12133,840,1858,400),
	(12134,840,1859,500),
	(12135,840,1860,600),
	(12136,840,1861,700),
	(12137,840,1885,800),
	(12138,840,1877,900),
	(12139,840,1864,1000),
	(12140,840,1865,1100),
	(12141,840,1866,1200),
	(12142,840,1867,1300),
	(12143,840,1887,1400),
	(12144,840,1888,1500),
	(12145,840,1889,1600),
	(12146,841,1912,100),
	(12147,841,1924,200),
	(12148,841,1925,300),
	(12149,841,1855,400),
	(12150,841,1876,500),
	(12151,841,1857,600),
	(12152,841,1858,700),
	(12153,841,1859,800),
	(12154,841,1860,900),
	(12155,841,1861,1000),
	(12156,841,1862,1100),
	(12157,841,1877,1200),
	(12158,841,1878,1300),
	(12159,841,1879,1400),
	(12160,841,1920,1500),
	(12161,841,1881,1600),
	(12162,841,1882,1700),
	(12163,841,1886,1800),
	(12164,841,1884,1900),
	(12274,848,1926,100),
	(12275,848,1859,200),
	(12276,848,1860,300),
	(12277,848,1861,400),
	(12278,848,1885,500),
	(12279,848,1877,600),
	(12280,848,1878,700),
	(12281,848,1879,800),
	(12282,848,1880,900),
	(12283,848,1881,1000),
	(12284,848,1883,1100),
	(12285,848,1927,1200),
	(12286,848,1884,1300),
	(12287,849,1928,100),
	(12288,849,1929,200),
	(12289,849,1877,300),
	(12290,849,1885,400),
	(12291,849,1930,500),
	(12292,849,1931,600),
	(12293,849,1932,700),
	(12294,850,1867,100),
	(12295,850,1887,200),
	(12296,850,1888,300),
	(12297,850,1922,400),
	(12298,850,1890,500),
	(12299,850,1891,600),
	(12300,850,1892,700),
	(12301,850,1933,800),
	(12302,850,1934,900),
	(12303,850,1935,1000),
	(12304,850,1936,1100),
	(12305,850,1937,1200),
	(12306,851,1885,100),
	(12307,851,1877,200),
	(12308,851,1864,300),
	(12309,851,1865,400),
	(12310,851,1938,500),
	(12311,851,1939,600),
	(12312,851,1867,700),
	(12313,851,1940,800),
	(12314,851,1868,900),
	(12315,851,1869,1000),
	(12316,851,1870,1100),
	(12317,851,1871,1200),
	(12318,852,1941,100),
	(12319,852,1885,200),
	(12320,852,1877,300),
	(12321,852,1878,400),
	(12322,852,1879,500),
	(12323,852,1880,600),
	(12324,853,1855,100),
	(12325,853,1856,200),
	(12326,853,1857,300),
	(12327,853,1942,400),
	(12328,853,1943,500),
	(12329,853,1944,600),
	(12330,853,1930,700),
	(12331,853,1885,800),
	(12332,853,1877,900),
	(12333,853,1878,1000),
	(12334,853,1945,1100),
	(12335,853,1946,1200),
	(12336,853,1947,1300),
	(12337,853,1880,1400),
	(12338,853,1881,1500),
	(12339,853,1882,1600),
	(12340,853,1886,1700),
	(12341,853,1884,1800),
	(12342,854,1948,100),
	(12343,854,1949,200),
	(12344,854,1950,300),
	(12345,854,1951,400),
	(12346,854,1952,500),
	(12347,854,1953,600),
	(12348,854,1939,700),
	(12349,854,1867,800),
	(12350,854,1954,900),
	(12351,854,1955,1000),
	(12352,854,1956,1100),
	(12353,855,1939,100),
	(12354,855,1867,200),
	(12355,855,1887,300),
	(12356,855,1888,400),
	(12357,855,1922,500),
	(12358,855,1890,600),
	(12359,855,1891,700),
	(12360,855,1892,800),
	(12361,855,1957,900),
	(12362,855,1958,1000),
	(12363,855,1959,1100),
	(12364,855,1960,1200),
	(12365,855,1961,1300),
	(12366,856,1948,100),
	(12367,856,1949,200),
	(12368,856,1950,300),
	(12369,856,1951,400),
	(12370,856,1962,500),
	(12371,856,1963,600),
	(12372,856,1867,700),
	(12373,856,1954,800),
	(12374,856,1883,900),
	(12375,856,1886,1000),
	(12376,856,1964,1100),
	(12403,859,1939,100),
	(12404,859,1867,200),
	(12405,859,1887,300),
	(12406,859,1888,400),
	(12407,859,1965,500),
	(12408,859,1899,600),
	(12409,859,1966,700),
	(12410,859,1967,800),
	(12411,859,1968,900),
	(12412,859,1969,1000),
	(12413,859,1970,1100),
	(12414,860,1971,100),
	(12415,860,1972,200),
	(12416,860,1973,300),
	(12417,860,1949,400),
	(12418,860,1950,500),
	(12419,860,1951,600),
	(12420,860,1962,700),
	(12421,860,1963,800),
	(12422,860,1867,900),
	(12423,860,1954,1000),
	(12424,860,1883,1100),
	(12425,860,1886,1200),
	(12426,860,1884,1300),
	(12427,861,1921,100),
	(12428,861,1885,200),
	(12429,861,1877,300),
	(12430,861,1878,400),
	(12431,861,1946,500),
	(12432,861,1974,600),
	(12433,861,1881,700),
	(12434,861,1883,800),
	(12435,861,1955,900),
	(12436,861,1956,1000),
	(12437,862,1883,100),
	(12438,862,1886,200),
	(12439,862,1966,300),
	(12440,862,1967,400),
	(12441,862,1968,500),
	(12442,862,1975,600),
	(12443,862,1976,700),
	(12444,862,1977,800),
	(12445,862,1978,900),
	(12446,862,1979,1000),
	(12447,862,1980,1100),
	(12448,862,1981,1200),
	(12449,862,1982,1300),
	(12450,862,1983,1400),
	(12451,862,1984,1500),
	(12485,866,1921,100),
	(12486,866,1885,200),
	(12487,866,1877,300),
	(12488,866,1878,400),
	(12489,866,1946,500),
	(12490,866,1974,600),
	(12491,866,1985,700),
	(12492,866,1986,800),
	(12493,866,1987,900),
	(12494,866,1956,1000),
	(12495,867,1988,100),
	(12496,867,1920,200),
	(12497,867,1881,300),
	(12498,867,1883,400),
	(12499,867,1954,500),
	(12500,867,1867,600),
	(12501,867,1939,700),
	(12515,869,1988,100),
	(12516,869,1920,200),
	(12517,869,1881,300),
	(12518,869,1883,400),
	(12519,869,1987,500),
	(12520,869,1956,600),
	(12534,871,1989,100),
	(12535,871,1942,200),
	(12536,871,1943,300),
	(12537,871,1860,400),
	(12538,871,1861,500),
	(12539,871,1885,600),
	(12540,871,1877,700),
	(12541,871,1929,800),
	(12542,871,1990,900),
	(12543,871,1991,1000),
	(12544,871,1881,1100),
	(12545,871,1882,1200),
	(12546,871,1886,1300),
	(12547,871,1964,1400),
	(12548,872,1989,100),
	(12549,872,1942,200),
	(12550,872,1943,300),
	(12551,872,1860,400),
	(12552,872,1861,500),
	(12553,872,1992,600),
	(12554,872,1993,700),
	(12555,872,1990,800),
	(12556,872,1991,900),
	(12557,872,1881,1000),
	(12558,872,1994,1100),
	(12559,872,1964,1200),
	(12560,872,1995,1300),
	(12561,872,1884,1400),
	(12576,874,1996,100),
	(12577,874,1989,200),
	(12578,874,1942,300),
	(12579,874,1943,400),
	(12580,874,1860,500),
	(12581,874,1861,600),
	(12582,874,1992,700),
	(12583,874,1993,800),
	(12584,874,1990,900),
	(12585,874,1991,1000),
	(12586,874,1881,1100),
	(12587,874,1994,1200),
	(12588,874,1964,1300),
	(12589,874,1995,1400),
	(12590,874,1884,1500),
	(12591,875,1939,100),
	(12592,875,1867,200),
	(12593,875,1997,300),
	(12594,875,1888,400),
	(12595,875,1922,500),
	(12596,875,1899,600),
	(12597,875,1900,700),
	(12598,875,1884,800),
	(12599,876,1861,100),
	(12600,876,1885,200),
	(12601,876,1998,300),
	(12602,876,1999,400),
	(12603,876,2000,500),
	(12604,876,2001,600),
	(12605,876,2002,700),
	(12606,876,2003,800),
	(12607,876,2004,900),
	(12608,876,2005,1000),
	(12609,876,2006,1100),
	(12618,878,1921,100),
	(12619,878,1885,200),
	(12620,878,1998,300),
	(12621,878,1999,400),
	(12622,878,2000,500),
	(12623,878,2001,600),
	(12624,878,2002,700),
	(12625,878,2007,800),
	(12626,878,2005,900),
	(12627,879,1884,100),
	(12628,879,1966,200),
	(12629,879,1899,300),
	(12630,879,1922,400),
	(12631,879,1888,500),
	(12632,879,1887,600),
	(12633,879,1867,700),
	(12634,879,1963,800),
	(12635,879,2008,900),
	(12636,880,1939,100),
	(12637,880,1867,200),
	(12638,880,1940,300),
	(12639,880,1997,400),
	(12640,880,1888,500),
	(12641,880,1889,600),
	(12642,880,1899,700),
	(12643,880,1956,800),
	(12644,881,1921,100),
	(12645,881,1885,200),
	(12646,881,1998,300),
	(12647,881,2009,400),
	(12648,881,2010,500),
	(12649,881,2011,600),
	(12650,881,2012,700),
	(12651,881,2013,800),
	(12652,881,2014,900),
	(12653,882,1921,100),
	(12654,882,1885,200),
	(12655,882,1998,300),
	(12656,882,2009,400),
	(12657,882,2010,500),
	(12658,882,2011,600),
	(12659,882,2012,700),
	(12660,882,2013,800),
	(12661,882,2014,900),
	(12662,883,1861,100),
	(12663,883,1885,200),
	(12664,883,1998,300),
	(12665,883,1999,400),
	(12666,883,2000,500),
	(12667,883,2001,600),
	(12668,883,2002,700),
	(12669,883,2015,800),
	(12679,885,1921,100),
	(12680,885,1885,200),
	(12681,885,1998,300),
	(12682,885,1999,400),
	(12683,885,2000,500),
	(12684,885,2001,600),
	(12685,885,2002,700),
	(12686,885,2003,800),
	(12687,885,2004,900),
	(12688,886,1921,100),
	(12689,886,1885,200),
	(12690,886,1998,300),
	(12691,886,2016,400),
	(12692,886,1931,500),
	(12693,886,2017,600),
	(12694,886,2018,700),
	(12695,886,2019,800),
	(12696,886,2020,900),
	(12697,887,1921,100),
	(12698,887,1885,200),
	(12699,887,1998,300),
	(12700,887,1999,400),
	(12701,887,2000,500),
	(12702,887,2001,600),
	(12703,887,2002,700),
	(12704,887,2021,800),
	(12705,888,1921,100),
	(12706,888,1885,200),
	(12707,888,2022,300),
	(12708,888,1999,400),
	(12709,888,2000,500),
	(12710,888,2001,600),
	(12711,888,2002,700),
	(12712,888,2007,800),
	(12713,888,2005,900),
	(12714,888,2023,1000),
	(12715,888,2006,1100),
	(12716,889,1941,100),
	(12717,889,1861,200),
	(12718,889,1860,300),
	(12719,889,1944,400),
	(12720,889,2024,500),
	(12721,889,2025,600),
	(12722,889,2026,700),
	(12723,889,2027,800),
	(12724,890,1941,100),
	(12725,890,1861,200),
	(12726,890,1860,300),
	(12727,890,1944,400),
	(12728,890,2024,500),
	(12729,890,2025,600),
	(12730,890,2026,700),
	(12731,890,2027,800),
	(12732,891,1989,100),
	(12733,891,1942,200),
	(12734,891,1859,300),
	(12735,891,1944,400),
	(12736,891,1930,500),
	(12737,891,2028,600),
	(12738,891,2024,700),
	(12739,891,2025,800),
	(12740,891,2026,900),
	(12741,891,2029,1000),
	(12742,891,2030,1100),
	(12743,892,1939,100),
	(12744,892,1867,200),
	(12745,892,1997,300),
	(12746,892,2031,400),
	(12747,892,2032,500),
	(12748,892,2033,600),
	(12749,892,2034,700),
	(12750,893,1941,100),
	(12751,893,1885,200),
	(12752,893,1877,300),
	(12753,893,1864,400),
	(12754,893,1865,500),
	(12755,893,1866,600),
	(12756,893,1867,700),
	(12757,893,1940,800),
	(12758,893,1887,900),
	(12759,893,2035,1000),
	(12760,893,2031,1100),
	(12761,893,2032,1200),
	(12762,893,2033,1300),
	(12763,893,2034,1400),
	(12764,894,1941,100),
	(12765,894,1885,200),
	(12766,894,2036,300),
	(12767,894,2037,400),
	(12768,894,2038,500),
	(12769,894,2039,600),
	(12770,894,2040,700),
	(12771,894,2041,800),
	(12772,894,1939,900),
	(12773,894,1963,1000),
	(12774,894,1952,1100),
	(12775,894,1951,1200),
	(12776,895,1989,100),
	(12777,895,1942,200),
	(12778,895,1859,300),
	(12779,895,1860,400),
	(12780,895,1861,500),
	(12781,895,1885,600),
	(12782,895,2036,700),
	(12783,895,2037,800),
	(12784,895,2038,900),
	(12785,895,2039,1000),
	(12786,895,2040,1100),
	(12787,895,1938,1200),
	(12788,895,1939,1300),
	(12789,895,1963,1400),
	(12790,895,2008,1500),
	(12791,896,2036,100),
	(12792,896,2037,200),
	(12793,896,2038,300),
	(12794,896,2042,400),
	(12795,896,2040,500),
	(12796,896,2041,600),
	(12797,896,1939,700),
	(12798,896,1867,800),
	(12799,896,1940,900),
	(12800,896,1887,1000),
	(12801,896,1888,1100),
	(12802,896,1922,1200),
	(12803,896,1890,1300),
	(12804,896,1891,1400),
	(12805,896,1892,1500),
	(12806,896,1893,1600),
	(12807,897,1944,100),
	(12808,897,1860,200),
	(12809,897,1861,300),
	(12810,897,1885,400),
	(12811,897,1877,500),
	(12812,897,1864,600),
	(12813,897,1865,700),
	(12814,897,1938,800),
	(12815,897,2043,900),
	(12816,898,1941,100),
	(12817,898,1992,200),
	(12818,898,1993,300),
	(12819,898,2044,400),
	(12820,898,1864,500),
	(12821,898,1865,600),
	(12822,898,1938,700),
	(12823,898,1953,800),
	(12824,898,1952,900),
	(12825,898,1949,1000),
	(12826,898,1950,1100),
	(12827,898,2045,1200),
	(12828,898,2046,1300),
	(12829,898,2047,1400),
	(12830,898,2048,1500),
	(12831,899,1921,100),
	(12832,899,1885,200),
	(12833,899,1877,300),
	(12834,899,1864,400),
	(12835,899,1865,500),
	(12836,899,1938,600),
	(12837,899,1953,700),
	(12838,899,1952,800),
	(12839,899,1949,900),
	(12840,899,1950,1000),
	(12841,899,2049,1100),
	(12857,901,1944,100),
	(12858,901,1860,200),
	(12859,901,1861,300),
	(12860,901,1885,400),
	(12861,901,1877,500),
	(12862,901,1864,600),
	(12863,901,1865,700),
	(12864,901,1938,800),
	(12865,901,1939,900),
	(12881,903,2050,100),
	(12882,903,1931,200),
	(12883,903,1944,300),
	(12884,903,1860,400),
	(12885,903,1861,500),
	(12886,903,1885,600),
	(12887,903,1877,700),
	(12888,903,1864,800),
	(12889,903,1865,900),
	(12890,903,1938,1000),
	(12891,903,1939,1100),
	(12912,906,1941,100),
	(12913,906,1885,200),
	(12914,906,1877,300),
	(12915,906,1864,400),
	(12916,906,2051,500),
	(12917,906,2052,600),
	(12918,906,1939,700),
	(12919,907,1890,100),
	(12920,907,1911,200),
	(12921,907,2053,300),
	(12922,907,1957,400),
	(12923,907,1958,500),
	(12924,907,1959,600),
	(12925,907,1960,700),
	(12926,907,1875,800),
	(12927,908,2048,100),
	(12928,908,2047,200),
	(12929,908,2046,300),
	(12930,908,2045,400),
	(12931,908,1948,500),
	(12932,908,2054,600),
	(12933,908,2055,700),
	(12934,908,1938,800),
	(12935,908,2056,900),
	(12936,908,1947,1000),
	(12937,908,2057,1100),
	(12938,908,1991,1200),
	(12939,909,1928,100),
	(12940,909,2058,200),
	(12941,909,2059,300),
	(12942,909,1947,400),
	(12943,909,2056,500),
	(12944,909,1938,600),
	(12945,909,1953,700),
	(12946,909,1952,800),
	(12947,909,1949,900),
	(12948,909,1950,1000),
	(12949,909,1951,1100),
	(12950,910,1939,100),
	(12951,910,1938,200),
	(12952,910,2056,300),
	(12953,910,1947,400),
	(12954,910,1879,500),
	(12955,910,2060,600),
	(12956,911,2061,100),
	(12957,911,1948,200),
	(12958,911,2062,300),
	(12959,911,2063,400),
	(12960,911,1939,500),
	(12961,911,2064,600),
	(12962,911,2065,700),
	(12963,911,1974,800),
	(12964,911,2066,900),
	(12965,911,1988,1000),
	(12977,913,1948,100),
	(12978,913,2054,200),
	(12979,913,2068,300),
	(12980,913,1938,400),
	(12981,913,2056,500),
	(12982,913,1947,600),
	(12983,913,2057,700),
	(12984,913,1991,800),
	(12985,914,1941,100),
	(12986,914,1885,200),
	(12987,914,1877,300),
	(12988,914,1878,400),
	(12989,914,1945,500),
	(12990,914,1865,600),
	(12991,914,1866,700),
	(12992,914,1867,800),
	(12993,914,1887,900),
	(12994,914,1888,1000),
	(12995,914,1889,1100),
	(12996,914,1898,1200),
	(12997,914,1910,1300),
	(12998,914,1890,1400),
	(12999,914,1911,1500),
	(13011,916,1948,100),
	(13012,916,2054,200),
	(13013,916,2055,300),
	(13014,916,1938,400),
	(13015,916,2056,500),
	(13016,916,1947,600),
	(13017,916,2057,700),
	(13018,916,1991,800),
	(13035,919,1939,100),
	(13036,919,1938,200),
	(13037,919,2056,300),
	(13038,919,1947,400),
	(13039,919,2057,500),
	(13040,919,1991,600),
	(13041,920,1939,100),
	(13042,920,2052,200),
	(13043,920,2051,300),
	(13044,920,1945,400),
	(13045,920,1878,500),
	(13046,920,2069,600),
	(13053,922,1939,100),
	(13054,922,1938,200),
	(13055,922,1865,300),
	(13056,922,1878,400),
	(13057,922,2069,500),
	(13058,922,1928,600),
	(13059,923,2070,100),
	(13060,923,2071,200),
	(13061,923,1896,300),
	(13062,923,1890,400),
	(13063,923,1911,500),
	(13064,923,2053,600),
	(13065,923,2072,700),
	(13066,923,2073,800),
	(13067,924,1921,100),
	(13068,924,1885,200),
	(13069,924,2036,300),
	(13070,924,2037,400),
	(13071,924,2038,500),
	(13072,924,2042,600),
	(13073,924,2074,700),
	(13074,924,2075,800),
	(13075,924,2001,900),
	(13076,924,2002,1000),
	(13077,924,2021,1100),
	(13078,925,1988,100),
	(13079,925,1920,200),
	(13080,925,1881,300),
	(13081,925,1882,400),
	(13082,925,1886,500),
	(13083,925,2076,600),
	(13084,925,1899,700),
	(13085,925,1922,800),
	(13086,925,1890,900),
	(13087,925,1891,1000),
	(13088,925,1892,1100),
	(13089,925,2077,1200),
	(13090,925,1958,1300),
	(13091,925,1959,1400),
	(13092,925,1960,1500),
	(13093,925,1961,1600),
	(13094,926,1921,100),
	(13095,926,1885,200),
	(13096,926,2078,300),
	(13097,926,2079,400),
	(13098,926,2080,500),
	(13099,926,2081,600),
	(13100,926,2082,700),
	(13101,926,2083,800),
	(13102,927,1921,100),
	(13103,927,1885,200),
	(13104,927,2084,300),
	(13105,927,2079,400),
	(13106,927,2080,500),
	(13107,927,2001,600),
	(13108,927,2002,700),
	(13109,927,2007,800),
	(13110,927,2006,900),
	(13111,927,2023,1000),
	(13112,927,2085,1100),
	(13113,928,1921,100),
	(13114,928,1885,200),
	(13115,928,2078,300),
	(13116,928,2079,400),
	(13117,928,2080,500),
	(13118,928,1858,600),
	(13119,928,2086,700),
	(13120,928,2021,800),
	(13121,929,1921,100),
	(13122,929,1885,200),
	(13123,929,1998,300),
	(13124,929,1999,400),
	(13125,929,2000,500),
	(13126,929,2087,600),
	(13127,929,2086,700),
	(13128,929,2021,800),
	(13129,930,1988,100),
	(13130,930,1880,200),
	(13131,930,1881,300),
	(13132,930,1883,400),
	(13133,930,1886,500),
	(13134,930,2076,600),
	(13135,930,1899,700),
	(13136,930,1889,800),
	(13137,930,1890,900),
	(13138,930,1891,1000),
	(13139,930,1892,1100),
	(13140,930,2072,1200),
	(13141,931,1921,100),
	(13142,931,1885,200),
	(13143,931,2078,300),
	(13144,931,2079,400),
	(13145,931,2080,500),
	(13146,931,2081,600),
	(13147,931,2082,700),
	(13148,931,2083,800),
	(13149,931,1972,900),
	(13150,931,2067,1000),
	(13151,931,2045,1100),
	(13152,931,1948,1200),
	(13161,933,1921,100),
	(13162,933,1885,200),
	(13163,933,2078,300),
	(13164,933,2079,400),
	(13165,933,2080,500),
	(13166,933,2081,600),
	(13167,933,2082,700),
	(13168,933,1972,800),
	(13169,933,1971,900),
	(13178,935,2083,100),
	(13179,935,2082,200),
	(13180,935,2081,300),
	(13181,935,2080,400),
	(13182,935,2079,500),
	(13183,935,2078,600),
	(13184,935,1885,700),
	(13185,935,1861,800),
	(13186,935,1860,900),
	(13187,935,1859,1000),
	(13188,935,1942,1100),
	(13189,935,1857,1200),
	(13190,935,1876,1300),
	(13191,935,1855,1400),
	(13192,935,1925,1500),
	(13193,935,1924,1600),
	(13194,935,1912,1700),
	(13195,936,1861,100),
	(13196,936,1885,200),
	(13197,936,2078,300),
	(13198,936,2079,400),
	(13199,936,2080,500),
	(13200,936,2088,600),
	(13201,936,2089,700),
	(13211,938,1861,100),
	(13212,938,1885,200),
	(13213,938,2078,300),
	(13214,938,2079,400),
	(13215,938,2080,500),
	(13216,938,2087,600),
	(13217,938,1858,700),
	(13246,941,1921,100),
	(13247,941,1885,200),
	(13248,941,1877,300),
	(13249,941,1864,400),
	(13250,941,2093,500),
	(13251,941,2094,600),
	(13252,941,2055,700),
	(13253,941,2054,800),
	(13254,941,1948,900),
	(13255,941,2061,1000),
	(13256,942,1921,100),
	(13257,942,1885,200),
	(13258,942,1877,300),
	(13259,942,1864,400),
	(13260,942,2093,500),
	(13261,942,2094,600),
	(13262,942,2055,700),
	(13263,942,2054,800),
	(13264,942,1948,900),
	(13265,942,2045,1000),
	(13266,942,2046,1100),
	(13267,942,2047,1200),
	(13268,942,2048,1300),
	(13269,943,1921,100),
	(13270,943,1885,200),
	(13271,943,1863,300),
	(13272,943,2036,400),
	(13273,943,2037,500),
	(13274,943,2038,600),
	(13275,943,2039,700),
	(13276,943,2094,800),
	(13277,943,2055,900),
	(13278,943,2054,1000),
	(13279,943,1948,1100),
	(13280,943,2061,1200),
	(13281,944,1941,100),
	(13282,944,1885,200),
	(13283,944,2036,300),
	(13284,944,2037,400),
	(13285,944,2038,500),
	(13286,944,2039,600),
	(13287,944,2094,700),
	(13288,944,2055,800),
	(13289,944,2054,900),
	(13290,944,2095,1000),
	(13291,944,1949,1100),
	(13292,944,1950,1200),
	(13293,944,1951,1300),
	(13294,945,1921,100),
	(13295,945,1885,200),
	(13296,945,1877,300),
	(13297,945,1864,400),
	(13298,945,2093,500),
	(13299,945,2094,600),
	(13300,945,2055,700),
	(13301,945,2054,800),
	(13302,945,1948,900),
	(13303,945,2045,1000),
	(13304,945,2046,1100),
	(13305,945,2047,1200),
	(13306,945,2048,1300),
	(13319,947,1921,100),
	(13320,947,1885,200),
	(13321,947,1877,300),
	(13322,947,1864,400),
	(13323,947,2093,500),
	(13324,947,2094,600),
	(13325,947,2055,700),
	(13326,947,2054,800),
	(13327,947,1948,900),
	(13328,947,2045,1000),
	(13329,947,2046,1100),
	(13330,947,2047,1200),
	(13331,947,2096,1300),
	(13332,947,2097,1400),
	(13333,948,1921,100),
	(13334,948,1885,200),
	(13335,948,1877,300),
	(13336,948,1864,400),
	(13337,948,2093,500),
	(13338,948,2094,600),
	(13339,948,2055,700),
	(13340,948,2054,800),
	(13341,948,1948,900),
	(13381,952,1941,100),
	(13382,952,1885,200),
	(13383,952,1863,300),
	(13384,952,2036,400),
	(13385,952,2037,500),
	(13386,952,2038,600),
	(13387,952,2039,700),
	(13388,952,2094,800),
	(13389,952,2055,900),
	(13390,952,2054,1000),
	(13391,952,1948,1100),
	(13392,952,2098,1200),
	(13419,955,1921,100),
	(13420,955,1885,200),
	(13421,955,1863,300),
	(13422,955,2036,400),
	(13423,955,2099,500),
	(13424,955,2100,600),
	(13425,955,2039,700),
	(13426,955,2101,800),
	(13427,955,2054,900),
	(13428,955,1948,1000),
	(13429,956,1921,100),
	(13430,956,1885,200),
	(13431,956,1877,300),
	(13432,956,1864,400),
	(13433,956,2093,500),
	(13434,956,2094,600),
	(13435,956,2055,700),
	(13436,956,2054,800),
	(13437,956,1948,900),
	(13438,956,2045,1000),
	(13439,956,2067,1100),
	(13440,956,1971,1200),
	(13441,957,1921,100),
	(13442,957,1885,200),
	(13443,957,1877,300),
	(13444,957,1864,400),
	(13445,957,2093,500),
	(13446,957,2094,600),
	(13447,957,2055,700),
	(13448,957,2054,800),
	(13449,957,1948,900),
	(13450,957,2045,1000),
	(13451,957,2046,1100),
	(13452,957,2047,1200),
	(13453,957,2102,1300),
	(13454,957,2103,1400),
	(13455,957,2104,1500),
	(13456,958,1971,100),
	(13457,958,1972,200),
	(13458,958,1973,300),
	(13459,958,1948,400),
	(13460,958,2045,500),
	(13461,958,2046,600),
	(13462,958,2047,700),
	(13463,958,2102,800),
	(13464,958,2103,900),
	(13465,958,2104,1000),
	(13466,959,1921,100),
	(13467,959,1885,200),
	(13468,959,1877,300),
	(13469,959,1864,400),
	(13470,959,2093,500),
	(13471,959,2094,600),
	(13472,959,2055,700),
	(13473,959,2054,800),
	(13474,959,1948,900),
	(13475,959,2045,1000),
	(13476,959,2105,1100),
	(13477,959,2106,1200),
	(13478,959,2107,1300),
	(13479,959,2096,1400),
	(13480,959,2097,1500),
	(13493,961,1939,100),
	(13494,961,1867,200),
	(13495,961,1868,300),
	(13496,961,1869,400),
	(13497,961,2108,500),
	(13498,961,1895,600),
	(13499,961,1894,700),
	(13500,961,1890,800),
	(13501,961,1911,900),
	(13502,962,1941,100),
	(13503,962,1885,200),
	(13504,962,1877,300),
	(13505,962,1864,400),
	(13506,962,1865,500),
	(13507,962,1866,600),
	(13508,962,1867,700),
	(13509,962,1954,800),
	(13510,962,1985,900),
	(13511,963,1875,100),
	(13512,963,2109,200),
	(13513,963,2110,300),
	(13514,963,2111,400),
	(13515,963,2112,500),
	(13516,963,2113,600),
	(13517,963,2114,700),
	(13518,964,2115,100),
	(13519,964,2116,200),
	(13520,964,1874,300),
	(13521,964,1875,400),
	(13522,964,2117,500),
	(13523,964,2118,600),
	(13524,964,2119,700),
	(13525,964,2120,800),
	(13526,964,2121,900),
	(13527,964,2122,1000),
	(13528,964,2123,1100),
	(13529,965,1875,100),
	(13530,965,2109,200),
	(13531,965,2108,300),
	(13532,965,2111,400),
	(13533,965,2112,500),
	(13534,965,2124,600),
	(13535,966,1875,100),
	(13536,966,2117,200),
	(13537,966,2118,300),
	(13538,966,2119,400),
	(13539,966,2120,500),
	(13540,966,2121,600),
	(13541,966,2125,700),
	(13542,966,2123,800),
	(13543,966,2126,900),
	(13544,966,2127,1000),
	(13545,967,1948,100),
	(13546,967,1949,200),
	(13547,967,1950,300),
	(13548,967,1951,400),
	(13549,967,1962,500),
	(13550,967,2128,600),
	(13551,967,1868,700),
	(13552,967,2129,800),
	(13553,967,1870,900),
	(13554,967,1871,1000),
	(13555,967,1872,1100),
	(13556,967,1873,1200),
	(13557,967,1874,1300),
	(13558,967,1875,1400),
	(13559,968,2130,100),
	(13560,968,2071,200),
	(13561,968,1869,300),
	(13562,968,1868,400),
	(13563,968,1867,500),
	(13564,968,1866,600),
	(13565,968,1865,700),
	(13566,968,1864,800),
	(13567,968,1877,900),
	(13568,968,1885,1000),
	(13569,968,1941,1100),
	(13570,969,1941,100),
	(13571,969,1862,200),
	(13572,969,1863,300),
	(13573,969,1864,400),
	(13574,969,1865,500),
	(13575,969,1866,600),
	(13576,969,1867,700),
	(13577,969,1868,800),
	(13578,969,1869,900),
	(13579,969,1870,1000),
	(13580,969,1871,1100),
	(13581,969,1872,1200),
	(13582,969,1873,1300),
	(13583,969,1874,1400),
	(13584,969,1875,1500),
	(13585,969,2117,1600),
	(13586,969,2118,1700),
	(13587,969,2119,1800),
	(13588,969,2120,1900),
	(13589,970,1941,100),
	(13590,970,1862,200),
	(13591,970,1863,300),
	(13592,970,1864,400),
	(13593,970,1865,500),
	(13594,970,1866,600),
	(13595,970,1867,700),
	(13596,970,1868,800),
	(13597,970,2129,900),
	(13598,970,1870,1000),
	(13599,970,1871,1100),
	(13600,970,1872,1200),
	(13601,970,1873,1300),
	(13602,970,1874,1400),
	(13603,970,1875,1500),
	(13604,970,2117,1600),
	(13605,970,2118,1700),
	(13606,970,2119,1800),
	(13607,970,2120,1900),
	(13608,970,2121,2000),
	(13609,970,2122,2100),
	(13610,970,2123,2200),
	(13653,973,1875,100),
	(13654,973,2117,200),
	(13655,973,2118,300),
	(13656,973,2119,400),
	(13657,973,2120,500),
	(13658,973,2121,600),
	(13659,973,2122,700),
	(13660,973,2123,800),
	(13661,974,1941,100),
	(13662,974,1885,200),
	(13663,974,1877,300),
	(13664,974,1864,400),
	(13665,974,1865,500),
	(13666,974,2131,600),
	(13667,974,1867,700),
	(13668,974,1940,800),
	(13669,974,1868,900),
	(13670,974,2129,1000),
	(13671,974,1870,1100),
	(13672,974,1871,1200),
	(13673,974,1872,1300),
	(13674,974,1873,1400),
	(13675,974,1874,1500),
	(13676,974,1875,1600),
	(13677,974,2117,1700),
	(13678,974,2118,1800),
	(13679,975,1939,100),
	(13680,975,1867,200),
	(13681,975,1868,300),
	(13682,975,1869,400),
	(13683,975,1870,500),
	(13684,975,1871,600),
	(13685,975,1872,700),
	(13686,975,1873,800),
	(13687,975,1874,900),
	(13688,975,1875,1000),
	(13689,975,2117,1100),
	(13690,975,2118,1200),
	(13691,975,2119,1300),
	(13692,975,2120,1400),
	(13693,975,2121,1500),
	(13694,975,2122,1600),
	(13695,975,2123,1700),
	(13696,976,1941,100),
	(13697,976,1885,200),
	(13698,976,1863,300),
	(13699,976,1864,400),
	(13700,976,1865,500),
	(13701,976,1866,600),
	(13702,976,1867,700),
	(13703,976,1868,800),
	(13704,976,1869,900),
	(13705,976,1870,1000),
	(13706,976,1871,1100),
	(13707,976,1872,1200),
	(13708,976,1873,1300),
	(13709,976,1874,1400),
	(13710,976,1875,1500),
	(13711,977,1941,100),
	(13712,977,1862,200),
	(13713,977,1863,300),
	(13714,977,1864,400),
	(13715,977,1865,500),
	(13716,977,1866,600),
	(13717,977,1867,700),
	(13718,977,1997,800),
	(13719,977,2031,900),
	(13720,977,2129,1000),
	(13721,977,1896,1100),
	(13722,977,1890,1200),
	(13723,977,1911,1300),
	(13724,978,2132,100),
	(13725,978,1944,200),
	(13726,978,1860,300),
	(13727,978,1861,400),
	(13728,978,1862,500),
	(13729,978,1863,600),
	(13730,978,1864,700),
	(13731,978,1865,800),
	(13732,978,1866,900),
	(13733,978,1867,1000),
	(13734,978,1868,1100),
	(13735,978,1869,1200),
	(13736,978,1870,1300),
	(13737,978,1871,1400),
	(13738,978,1872,1500),
	(13739,978,1873,1600),
	(13740,978,1874,1700),
	(13741,978,1875,1800),
	(13742,978,2117,1900),
	(13743,978,2118,2000),
	(13744,978,2119,2100),
	(13745,978,2120,2200),
	(13774,981,1941,100),
	(13775,981,1885,200),
	(13776,981,1877,300),
	(13777,981,1864,400),
	(13778,981,1865,500),
	(13779,981,1866,600),
	(13780,981,1867,700),
	(13781,981,1868,800),
	(13782,981,2133,900),
	(13783,981,2107,1000),
	(13784,981,2106,1100),
	(13785,981,2134,1200),
	(13786,982,1921,100),
	(13787,982,1885,200),
	(13788,982,1877,300),
	(13789,982,1864,400),
	(13790,982,1865,500),
	(13791,982,1866,600),
	(13792,982,1963,700),
	(13793,982,2008,800),
	(13794,983,1861,100),
	(13795,983,1885,200),
	(13796,983,1877,300),
	(13797,983,1864,400),
	(13798,983,1865,500),
	(13799,983,1866,600),
	(13800,983,1867,700),
	(13801,983,1887,800),
	(13802,983,1888,900),
	(13803,983,2135,1000),
	(13877,988,1921,100),
	(13878,988,1885,200),
	(13879,988,1877,300),
	(13880,988,1864,400),
	(13881,988,1865,500),
	(13882,988,1866,600),
	(13883,988,1867,700),
	(13884,988,1868,800),
	(13885,988,2128,900),
	(13886,988,1962,1000),
	(13887,988,2008,1100),
	(13925,991,1941,100),
	(13926,991,1885,200),
	(13927,991,1877,300),
	(13928,991,1864,400),
	(13929,991,1865,500),
	(13930,991,1866,600),
	(13931,991,1867,700),
	(13932,991,1868,800),
	(13951,993,1921,100),
	(13952,993,1992,200),
	(13953,993,1993,300),
	(13954,993,1990,400),
	(13955,993,1991,500),
	(13956,993,1881,600),
	(13957,993,1882,700),
	(13958,993,1886,800),
	(13959,993,1884,900),
	(13960,993,1901,1000),
	(13961,993,1902,1100),
	(13962,993,1903,1200),
	(13963,993,1904,1300),
	(13964,993,1905,1400),
	(13965,993,1906,1500),
	(13966,993,1907,1600),
	(13967,993,1908,1700),
	(13968,993,1909,1800),
	(13969,993,2139,1900),
	(13970,993,2140,2000),
	(13971,993,2141,2100),
	(13972,993,2142,2200),
	(13973,994,1883,100),
	(13974,994,1886,200),
	(13975,994,1966,300),
	(13976,994,1967,400),
	(13977,994,1968,500),
	(13978,994,1975,600),
	(13979,994,1976,700),
	(13980,994,1977,800),
	(13981,994,1978,900),
	(13982,994,1979,1000),
	(13983,994,1980,1100),
	(13984,994,2143,1200),
	(13985,994,2144,1300),
	(13986,994,2145,1400),
	(13987,994,2146,1500),
	(13988,994,2147,1600),
	(13989,994,2148,1700),
	(13990,994,1984,1800),
	(13991,995,1889,100),
	(13992,995,1899,200),
	(13993,995,1900,300),
	(13994,995,1884,400),
	(13995,995,1901,500),
	(13996,995,1902,600),
	(13997,995,1903,700),
	(13998,995,1904,800),
	(13999,995,1905,900),
	(14000,995,1906,1000),
	(14001,995,1907,1100),
	(14002,995,1908,1200),
	(14003,995,1909,1300),
	(14004,996,1921,100),
	(14005,996,1992,200),
	(14006,996,1993,300),
	(14007,996,1990,400),
	(14008,996,1991,500),
	(14009,996,1881,600),
	(14010,996,1882,700),
	(14011,996,1886,800),
	(14012,996,1884,900),
	(14013,996,1901,1000),
	(14014,996,1902,1100),
	(14015,996,1903,1200),
	(14016,996,1904,1300),
	(14017,996,1905,1400),
	(14018,996,1906,1500),
	(14041,998,1921,100),
	(14042,998,1862,200),
	(14043,998,1863,300),
	(14044,998,1864,400),
	(14045,998,1865,500),
	(14046,998,1866,600),
	(14047,998,1867,700),
	(14048,998,1954,800),
	(14049,998,1883,900),
	(14050,998,1886,1000),
	(14051,998,1884,1100),
	(14052,998,1901,1200),
	(14053,998,1902,1300),
	(14054,998,1903,1400),
	(14055,998,1904,1500),
	(14056,998,1905,1600),
	(14057,998,1906,1700),
	(14058,998,1907,1800),
	(14059,998,1908,1900),
	(14060,998,1909,2000),
	(14061,998,2139,2100),
	(14062,998,2140,2200),
	(14063,998,2141,2300),
	(14064,998,2142,2400),
	(14065,999,1939,100),
	(14066,999,1867,200),
	(14067,999,1954,300),
	(14068,999,1955,400),
	(14069,999,2076,500),
	(14070,999,1967,600),
	(14071,999,1968,700),
	(14072,999,1975,800),
	(14073,999,1976,900),
	(14074,999,1977,1000),
	(14075,999,1978,1100),
	(14076,999,1979,1200),
	(14077,999,1980,1300),
	(14078,999,1981,1400),
	(14079,999,1982,1500),
	(14080,999,1983,1600),
	(14081,999,1984,1700),
	(14104,1001,1883,100),
	(14105,1001,1886,200),
	(14106,1001,1966,300),
	(14107,1001,1967,400),
	(14108,1001,1968,500),
	(14109,1001,1975,600),
	(14110,1001,1976,700),
	(14111,1001,1977,800),
	(14112,1001,1978,900),
	(14113,1001,1979,1000),
	(14114,1001,1980,1100),
	(14115,1001,2143,1200),
	(14116,1001,2144,1300),
	(14117,1002,1921,100),
	(14118,1002,1992,200),
	(14119,1002,1993,300),
	(14120,1002,1990,400),
	(14121,1002,1991,500),
	(14122,1002,1881,600),
	(14123,1002,1882,700),
	(14124,1002,1886,800),
	(14125,1002,1884,900),
	(14126,1002,1901,1000),
	(14127,1002,1902,1100),
	(14128,1002,1903,1200),
	(14129,1002,1904,1300),
	(14130,1002,1905,1400),
	(14131,1002,1906,1500),
	(14132,1002,1907,1600),
	(14133,1002,1908,1700),
	(14134,1002,1909,1800),
	(14135,1002,2139,1900),
	(14136,1002,2140,2000),
	(14137,1002,2141,2100),
	(14138,1002,2142,2200),
	(14139,1003,1939,100),
	(14140,1003,1867,200),
	(14141,1003,1954,300),
	(14142,1003,1883,400),
	(14143,1003,1886,500),
	(14144,1003,1884,600),
	(14145,1003,1901,700),
	(14146,1003,1902,800),
	(14147,1003,1903,900),
	(14148,1003,1904,1000),
	(14149,1003,1905,1100),
	(14150,1003,1906,1200),
	(14151,1003,1907,1300),
	(14152,1003,1908,1400),
	(14153,1003,1909,1500),
	(14154,1003,2139,1600),
	(14155,1003,2140,1700),
	(14156,1003,2141,1800),
	(14157,1003,2142,1900),
	(14158,1004,1861,100),
	(14159,1004,1885,200),
	(14160,1004,1863,300),
	(14161,1004,1864,400),
	(14162,1004,1865,500),
	(14163,1004,1866,600),
	(14164,1004,1867,700),
	(14165,1004,1954,800),
	(14166,1004,1883,900),
	(14167,1004,1886,1000),
	(14168,1004,1884,1100),
	(14186,1006,1921,100),
	(14187,1006,1862,200),
	(14188,1006,1863,300),
	(14189,1006,1864,400),
	(14190,1006,1878,500),
	(14191,1006,1879,600),
	(14192,1006,1920,700),
	(14193,1006,1881,800),
	(14194,1006,1883,900),
	(14195,1006,1886,1000),
	(14196,1006,1884,1100),
	(14197,1006,1901,1200),
	(14198,1006,1902,1300),
	(14199,1006,1903,1400),
	(14200,1006,1904,1500),
	(14201,1006,1905,1600),
	(14202,1006,1906,1700),
	(14203,1006,1907,1800),
	(14204,1006,1908,1900),
	(14205,1006,1909,2000),
	(14206,1006,2139,2100),
	(14207,1006,2140,2200),
	(14208,1006,2141,2300),
	(14209,1006,2142,2400),
	(14210,1007,1939,100),
	(14211,1007,1867,200),
	(14212,1007,1954,300),
	(14213,1007,1883,400),
	(14214,1007,1886,500),
	(14215,1007,1884,600),
	(14216,1007,1901,700),
	(14217,1007,1902,800),
	(14218,1007,1903,900),
	(14219,1007,1904,1000),
	(14220,1007,1905,1100),
	(14221,1007,1906,1200),
	(14222,1007,1907,1300),
	(14223,1007,1908,1400),
	(14224,1007,1909,1500),
	(14266,1010,1939,100),
	(14267,1010,1867,200),
	(14268,1010,1954,300),
	(14269,1010,1883,400),
	(14270,1010,1886,500),
	(14271,1010,2076,600),
	(14272,1010,1967,700),
	(14273,1010,1968,800),
	(14274,1010,1975,900),
	(14275,1010,1976,1000),
	(14276,1010,1977,1100),
	(14288,1012,1939,100),
	(14289,1012,1867,200),
	(14290,1012,1954,300),
	(14291,1012,1883,400),
	(14292,1012,1886,500),
	(14293,1012,2076,600),
	(14294,1012,1967,700),
	(14295,1012,1968,800),
	(14296,1012,1975,900),
	(14297,1012,1976,1000),
	(14298,1012,1977,1100),
	(14299,1012,1978,1200),
	(14300,1012,1979,1300),
	(14301,1012,1980,1400),
	(14302,1012,1981,1500),
	(14303,1012,1982,1600),
	(14304,1012,1983,1700),
	(14305,1012,1984,1800),
	(14306,1013,1939,100),
	(14307,1013,1867,200),
	(14308,1013,1954,300),
	(14309,1013,1883,400),
	(14310,1013,2150,500),
	(14311,1013,2076,600),
	(14312,1013,1967,700),
	(14313,1013,1968,800),
	(14314,1013,1969,900),
	(14315,1013,1970,1000),
	(14316,1014,1867,100),
	(14317,1014,1954,200),
	(14318,1014,1883,300),
	(14319,1014,1886,400),
	(14320,1014,2076,500),
	(14321,1014,1967,600),
	(14322,1014,1968,700),
	(14323,1014,1975,800),
	(14324,1014,1976,900),
	(14325,1014,1977,1000),
	(14326,1014,1978,1100),
	(14327,1014,2151,1200),
	(14328,1014,2152,1300),
	(14329,1015,1883,100),
	(14330,1015,1886,200),
	(14331,1015,2076,300),
	(14332,1015,1967,400),
	(14333,1015,1968,500),
	(14334,1015,1975,600),
	(14335,1015,1976,700),
	(14336,1015,1977,800),
	(14337,1015,1978,900),
	(14338,1015,2151,1000),
	(14339,1015,2152,1100),
	(14364,1017,1921,100),
	(14365,1017,1885,200),
	(14366,1017,2153,300),
	(14367,1017,1999,400),
	(14368,1017,2010,500),
	(14369,1017,2011,600),
	(14370,1017,2012,700),
	(14371,1017,2013,800),
	(14372,1017,2006,900),
	(14373,1017,2154,1000),
	(14374,1017,2155,1100),
	(14375,1017,2156,1200),
	(14376,1017,2157,1300),
	(14377,1018,2006,100),
	(14378,1018,2154,200),
	(14379,1018,2158,300),
	(14380,1018,2159,400),
	(14381,1018,2160,500),
	(14382,1018,2161,600),
	(14383,1018,2162,700),
	(14384,1018,2163,800),
	(14385,1018,2164,900),
	(14386,1019,1921,100),
	(14387,1019,1885,200),
	(14388,1019,2153,300),
	(14389,1019,1999,400),
	(14390,1019,2010,500),
	(14391,1019,2011,600),
	(14392,1019,2165,700),
	(14393,1019,2166,800),
	(14394,1019,2167,900),
	(14395,1019,2168,1000),
	(14396,1019,2169,1100),
	(14397,1020,2006,100),
	(14398,1020,2154,200),
	(14399,1020,2170,300),
	(14400,1020,2171,400),
	(14401,1020,2172,500),
	(14402,1020,2173,600),
	(14403,1020,2174,700),
	(14404,1021,2006,100),
	(14405,1021,2154,200),
	(14406,1021,2023,300),
	(14407,1021,2160,400),
	(14408,1021,2162,500),
	(14409,1021,2174,600),
	(14410,1022,2093,100),
	(14411,1022,2042,200),
	(14412,1022,2074,300),
	(14413,1022,2075,400),
	(14414,1022,2081,500),
	(14415,1022,2082,600),
	(14416,1022,1972,700),
	(14417,1022,1971,800),
	(14418,1023,1921,100),
	(14419,1023,1885,200),
	(14420,1023,2153,300),
	(14421,1023,1999,400),
	(14422,1023,2010,500),
	(14423,1023,2011,600),
	(14424,1023,2012,700),
	(14425,1023,2013,800),
	(14426,1023,2006,900),
	(14427,1023,2007,1000),
	(14428,1023,2175,1100),
	(14429,1024,1863,100),
	(14430,1024,2036,200),
	(14431,1024,2099,300),
	(14432,1024,2079,400),
	(14433,1024,2080,500),
	(14434,1024,2001,600),
	(14435,1024,2002,700),
	(14436,1024,2007,800),
	(14437,1024,2006,900),
	(14438,1024,2154,1000),
	(14439,1024,2155,1100),
	(14440,1024,2176,1200),
	(14441,1024,2177,1300),
	(14442,1025,2006,100),
	(14443,1025,2154,200),
	(14444,1025,2170,300),
	(14445,1025,2178,400),
	(14446,1026,1921,100),
	(14447,1026,1885,200),
	(14448,1026,2153,300),
	(14449,1026,1999,400),
	(14450,1026,2010,500),
	(14451,1026,2011,600),
	(14452,1026,2165,700),
	(14453,1027,1921,100),
	(14454,1027,1885,200),
	(14455,1027,2153,300),
	(14456,1027,1999,400),
	(14457,1027,2010,500),
	(14458,1027,2011,600),
	(14459,1027,2012,700),
	(14460,1027,2013,800),
	(14461,1027,2006,900),
	(14462,1027,2154,1000),
	(14463,1027,2155,1100),
	(14464,1027,2176,1200),
	(14465,1027,2179,1300),
	(14466,1028,2006,100),
	(14467,1028,2154,200),
	(14468,1028,2170,300),
	(14469,1028,2171,400),
	(14470,1028,2180,500),
	(14471,1029,1921,100),
	(14472,1029,1992,200),
	(14473,1029,1993,300),
	(14474,1029,1990,400),
	(14475,1029,1991,500),
	(14476,1029,1881,600),
	(14477,1029,1882,700),
	(14478,1029,2150,800),
	(14479,1029,1966,900),
	(14480,1029,1967,1000),
	(14481,1029,1968,1100),
	(14482,1029,1975,1200),
	(14483,1029,1976,1300),
	(14484,1029,1977,1400),
	(14485,1029,1978,1500),
	(14486,1029,1979,1600),
	(14487,1029,1980,1700),
	(14488,1029,1981,1800),
	(14489,1029,1982,1900),
	(14490,1029,1983,2000),
	(14491,1029,1984,2100),
	(14492,1030,1921,100),
	(14493,1030,1992,200),
	(14494,1030,1993,300),
	(14495,1030,1990,400),
	(14496,1030,1991,500),
	(14497,1030,1881,600),
	(14498,1030,1883,700),
	(14499,1030,1954,800),
	(14500,1030,1868,900),
	(14501,1030,2133,1000),
	(14502,1030,2181,1100),
	(14503,1030,2182,1200),
	(14504,1031,1941,100),
	(14505,1031,1992,200),
	(14506,1031,1993,300),
	(14507,1031,1990,400),
	(14508,1031,1991,500),
	(14509,1031,1881,600),
	(14510,1031,1883,700),
	(14511,1031,1954,800),
	(14512,1031,1868,900),
	(14513,1031,1869,1000),
	(14514,1031,1870,1100),
	(14515,1031,1871,1200),
	(14516,1031,1872,1300),
	(14517,1031,1873,1400),
	(14518,1031,1874,1500),
	(14519,1031,1875,1600),
	(14520,1031,2117,1700),
	(14521,1031,2118,1800),
	(14522,1031,2119,1900),
	(14523,1031,2120,2000),
	(14524,1031,2121,2100),
	(14525,1031,2122,2200),
	(14526,1031,2123,2300),
	(14550,1033,1941,100),
	(14551,1033,1992,200),
	(14552,1033,1993,300),
	(14553,1033,1990,400),
	(14554,1033,1879,500),
	(14555,1033,1920,600),
	(14556,1033,1974,700),
	(14557,1033,1985,800),
	(14558,1033,1954,900),
	(14559,1033,1868,1000),
	(14560,1033,1869,1100),
	(14561,1033,1870,1200),
	(14562,1033,1871,1300),
	(14563,1033,1872,1400),
	(14564,1033,1873,1500),
	(14565,1033,1874,1600),
	(14566,1033,1875,1700),
	(14588,1035,1855,100),
	(14589,1035,1856,200),
	(14590,1035,1857,300),
	(14591,1035,2183,400),
	(14592,1035,1859,500),
	(14593,1035,1860,600),
	(14594,1035,1861,700),
	(14595,1035,1921,800),
	(14596,1035,1992,900),
	(14597,1035,1993,1000),
	(14598,1035,1990,1100),
	(14599,1035,1991,1200),
	(14600,1035,1881,1300),
	(14601,1035,1882,1400),
	(14602,1035,1966,1500),
	(14603,1035,1967,1600),
	(14604,1035,1968,1700),
	(14605,1035,1975,1800),
	(14606,1035,1976,1900),
	(14607,1035,1977,2000),
	(14608,1035,1978,2100),
	(14609,1035,1979,2200),
	(14610,1035,1980,2300),
	(14611,1035,1981,2400),
	(14612,1035,1982,2500),
	(14613,1035,1983,2600),
	(14614,1035,1984,2700),
	(14615,1036,1921,100),
	(14616,1036,1992,200),
	(14617,1036,1993,300),
	(14618,1036,1990,400),
	(14619,1036,1991,500),
	(14620,1036,1881,600),
	(14621,1036,1883,700),
	(14622,1036,1954,800),
	(14623,1036,1887,900),
	(14624,1036,1888,1000),
	(14625,1036,1965,1100),
	(14654,1039,1921,100),
	(14655,1039,1992,200),
	(14656,1039,1993,300),
	(14657,1039,1990,400),
	(14658,1039,1879,500),
	(14659,1039,1880,600),
	(14660,1039,1974,700),
	(14661,1039,1985,800),
	(14662,1039,1954,900),
	(14663,1039,1868,1000),
	(14664,1039,1869,1100),
	(14665,1039,1870,1200),
	(14666,1039,1871,1300),
	(14667,1039,1872,1400),
	(14668,1039,1873,1500),
	(14669,1040,1921,100),
	(14670,1040,1992,200),
	(14671,1040,1993,300),
	(14672,1040,1990,400),
	(14673,1040,1991,500),
	(14674,1040,1881,600),
	(14675,1040,1882,700),
	(14676,1040,1995,800),
	(14677,1040,2076,900),
	(14678,1040,1967,1000),
	(14679,1040,1968,1100),
	(14680,1040,1969,1200),
	(14681,1040,1970,1300),
	(14699,1042,1921,100),
	(14700,1042,1992,200),
	(14701,1042,1993,300),
	(14702,1042,1990,400),
	(14703,1042,1960,500),
	(14704,1042,1880,600),
	(14705,1042,1974,700),
	(14706,1042,1985,800),
	(14707,1042,1954,900),
	(14708,1042,2149,1000),
	(14726,1044,1941,100),
	(14727,1044,1992,200),
	(14728,1044,1993,300),
	(14729,1044,1990,400),
	(14730,1044,1991,500),
	(14731,1044,1881,600),
	(14732,1044,1883,700),
	(14733,1044,1954,800),
	(14734,1044,1868,900),
	(14735,1044,2133,1000),
	(14736,1044,2107,1100),
	(14737,1044,2184,1200),
	(14738,1044,2047,1300),
	(14739,1044,2102,1400),
	(14740,1044,2185,1500),
	(14741,1044,2186,1600),
	(14765,1046,1941,100),
	(14766,1046,1885,200),
	(14767,1046,1877,300),
	(14768,1046,1878,400),
	(14769,1046,1879,500),
	(14770,1046,1880,600),
	(14771,1047,1921,100),
	(14772,1047,1992,200),
	(14773,1047,1993,300),
	(14774,1047,1990,400),
	(14775,1047,1991,500),
	(14776,1047,1881,600),
	(14777,1047,1994,700),
	(14778,1047,1964,800),
	(14779,1047,1995,900),
	(14780,1047,1884,1000),
	(14781,1048,1921,100),
	(14782,1048,1992,200),
	(14783,1048,1993,300),
	(14784,1048,1990,400),
	(14785,1048,1991,500),
	(14786,1048,1881,600),
	(14787,1048,1883,700),
	(14788,1048,1954,800),
	(14789,1048,1868,900),
	(14790,1048,2133,1000),
	(14791,1048,2187,1100),
	(14792,1049,1885,100),
	(14793,1049,2036,200),
	(14794,1049,2044,300),
	(14795,1049,1878,400),
	(14796,1049,1879,500),
	(14797,1049,1880,600),
	(14798,1050,1921,100),
	(14799,1050,1992,200),
	(14800,1050,1993,300),
	(14801,1050,1990,400),
	(14802,1050,1991,500),
	(14803,1050,1881,600),
	(14804,1050,1883,700),
	(14805,1050,1954,800),
	(14806,1050,1868,900),
	(14807,1050,2133,1000),
	(14808,1050,2107,1100),
	(14809,1050,2184,1200),
	(14810,1050,2047,1300),
	(14811,1050,2048,1400),
	(14812,1050,2163,1500),
	(14813,1050,2164,1600),
	(14849,1053,1921,100),
	(14850,1053,1992,200),
	(14851,1053,1993,300),
	(14852,1053,1990,400),
	(14853,1053,1991,500),
	(14854,1053,1881,600),
	(14855,1053,1883,700),
	(14856,1053,1954,800),
	(14857,1053,1887,900),
	(14858,1053,1888,1000),
	(14859,1053,1965,1100),
	(14860,1053,1898,1200),
	(14861,1053,1910,1300),
	(14862,1053,1890,1400),
	(14863,1053,1911,1500),
	(14864,1054,2132,100),
	(14865,1054,1944,200),
	(14866,1054,1860,300),
	(14867,1054,1861,400),
	(14868,1054,1992,500),
	(14869,1054,1993,600),
	(14870,1054,1990,700),
	(14871,1054,1991,800),
	(14872,1054,1881,900),
	(14873,1054,1883,1000),
	(14874,1054,1954,1100),
	(14875,1054,1887,1200),
	(14876,1054,1888,1300),
	(14877,1054,1922,1400),
	(14878,1054,1898,1500),
	(14879,1054,1910,1600),
	(14880,1054,1890,1700),
	(14881,1054,1911,1800),
	(14882,1054,2053,1900),
	(14883,1054,1893,2000),
	(14884,1055,1921,100),
	(14885,1055,1992,200),
	(14886,1055,1993,300),
	(14887,1055,1990,400),
	(14888,1055,1991,500),
	(14889,1055,1881,600),
	(14890,1055,1882,700),
	(14891,1055,1886,800),
	(14892,1055,1900,900),
	(14893,1055,1967,1000),
	(14894,1055,1968,1100),
	(14895,1055,1975,1200),
	(14896,1055,1976,1300),
	(14897,1055,1977,1400),
	(14898,1055,1978,1500),
	(14899,1055,2151,1600),
	(14900,1055,2152,1700),
	(14914,1057,1889,100),
	(14915,1057,1890,200),
	(14916,1057,1891,300),
	(14917,1057,1892,400),
	(14918,1057,2073,500),
	(14919,1057,1958,600),
	(14920,1057,1959,700),
	(14921,1057,1960,800),
	(14922,1057,1875,900),
	(14940,1059,2188,100),
	(14941,1059,2165,200),
	(14942,1059,2011,300),
	(14943,1059,2010,400),
	(14944,1059,1999,500),
	(14945,1059,2153,600),
	(14946,1059,2036,700),
	(14947,1059,2189,800),
	(14948,1059,1929,900),
	(14949,1059,1928,1000),
	(14950,1060,2006,100),
	(14951,1060,2013,200),
	(14952,1060,2012,300),
	(14953,1060,2011,400),
	(14954,1060,2010,500),
	(14955,1060,1999,600),
	(14956,1060,2153,700),
	(14957,1060,2036,800),
	(14958,1060,2189,900),
	(14959,1060,1929,1000),
	(14960,1060,1990,1100),
	(14961,1060,1991,1200),
	(14962,1060,1881,1300),
	(14963,1060,1882,1400),
	(14964,1060,1886,1500),
	(14965,1060,1884,1600),
	(14966,1061,1884,100),
	(14967,1061,1886,200),
	(14968,1061,1883,300),
	(14969,1061,1954,400),
	(14970,1061,1867,500),
	(14971,1061,1866,600),
	(14972,1061,1865,700),
	(14973,1061,1864,800),
	(14974,1061,2190,900),
	(14975,1061,2036,1000),
	(14976,1061,2078,1100),
	(14977,1061,1999,1200),
	(14978,1061,2010,1300),
	(14979,1061,2011,1400),
	(14980,1061,2012,1500),
	(14981,1061,2013,1600),
	(14982,1061,2191,1700),
	(14983,1061,2014,1800),
	(14984,1062,1889,100),
	(14985,1062,1888,200),
	(14986,1062,1887,300),
	(14987,1062,1867,400),
	(14988,1062,1866,500),
	(14989,1062,1865,600),
	(14990,1062,1864,700),
	(14991,1062,2044,800),
	(14992,1062,2036,900),
	(14993,1062,2078,1000),
	(14994,1062,1999,1100),
	(14995,1062,2010,1200),
	(14996,1062,2011,1300),
	(14997,1062,2165,1400),
	(14998,1063,1964,100),
	(14999,1063,1886,200),
	(15000,1063,1883,300),
	(15001,1063,1954,400),
	(15002,1063,1867,500),
	(15003,1063,1866,600),
	(15004,1063,1865,700),
	(15005,1063,1864,800),
	(15006,1063,2044,900),
	(15007,1063,2036,1000),
	(15008,1063,2153,1100),
	(15009,1063,1999,1200),
	(15010,1063,2188,1300),
	(15025,1065,1902,100),
	(15026,1065,1901,200),
	(15027,1065,1884,300),
	(15028,1065,1886,400),
	(15029,1065,2192,500),
	(15030,1065,1994,600),
	(15031,1065,1881,700),
	(15032,1065,1920,800),
	(15033,1065,1947,900),
	(15034,1065,1946,1000),
	(15035,1065,1944,1100),
	(15036,1065,2042,1200),
	(15037,1065,2037,1300),
	(15038,1065,2036,1400),
	(15039,1066,1964,100),
	(15040,1066,1886,200),
	(15041,1066,1883,300),
	(15042,1066,1954,400),
	(15043,1066,1867,500),
	(15044,1066,1866,600),
	(15045,1066,1865,700),
	(15046,1066,1864,800),
	(15047,1066,2044,900),
	(15048,1066,2036,1000),
	(15049,1066,2153,1100),
	(15050,1066,1999,1200),
	(15051,1066,2188,1300),
	(15089,1070,2021,100),
	(15090,1070,2086,200),
	(15091,1070,2087,300),
	(15092,1070,2080,400),
	(15093,1070,2079,500),
	(15094,1070,2100,600),
	(15095,1070,2093,700),
	(15096,1070,2194,800),
	(15097,1070,2060,900),
	(15098,1071,2195,100),
	(15099,1071,2196,200),
	(15100,1071,2197,300),
	(15101,1071,2155,400),
	(15102,1071,2154,500),
	(15103,1071,2006,600),
	(15104,1071,2007,700),
	(15105,1071,2002,800),
	(15106,1071,2001,900),
	(15107,1071,2080,1000),
	(15108,1071,2079,1100),
	(15109,1071,2042,1200),
	(15110,1071,2093,1300),
	(15111,1071,2194,1400),
	(15112,1071,2060,1500),
	(15113,1072,1928,100),
	(15114,1072,2060,200),
	(15115,1072,2194,300),
	(15116,1072,2093,400),
	(15117,1072,2094,500),
	(15118,1072,2055,600),
	(15119,1072,2054,700),
	(15120,1072,1948,800),
	(15121,1072,2045,900),
	(15122,1072,2046,1000),
	(15123,1072,2047,1100),
	(15124,1072,2048,1200),
	(15125,1072,2163,1300),
	(15126,1072,2164,1400),
	(15141,1074,1928,100),
	(15142,1074,1929,200),
	(15143,1074,2044,300),
	(15144,1074,1864,400),
	(15145,1074,2093,500),
	(15146,1074,2094,600),
	(15147,1074,2054,700),
	(15148,1074,1948,800),
	(15149,1074,2045,900),
	(15150,1074,2046,1000),
	(15193,1078,1939,100),
	(15194,1078,2055,200),
	(15195,1078,2054,300),
	(15196,1078,1948,400),
	(15197,1078,2045,500),
	(15198,1078,2067,600),
	(15199,1078,1971,700),
	(15200,1078,2090,800),
	(15201,1078,2091,900),
	(15202,1078,2161,1000),
	(15203,1078,2162,1100),
	(15204,1078,2174,1200),
	(15217,1080,1928,100),
	(15218,1080,1929,200),
	(15219,1080,2044,300),
	(15220,1080,2198,400),
	(15221,1080,2042,500),
	(15222,1080,2074,600),
	(15223,1080,2075,700),
	(15224,1080,2001,800),
	(15225,1080,2002,900),
	(15226,1080,2013,1000),
	(15227,1080,2006,1100),
	(15228,1080,2154,1200),
	(15229,1080,2155,1300),
	(15230,1080,2197,1400),
	(15231,1080,2196,1500),
	(15232,1080,2195,1600),
	(15233,1081,1928,100),
	(15234,1081,1929,200),
	(15235,1081,2044,300),
	(15236,1081,2198,400),
	(15237,1081,2042,500),
	(15238,1081,2074,600),
	(15239,1081,2075,700),
	(15240,1081,2001,800),
	(15241,1081,2002,900),
	(15242,1081,2013,1000),
	(15243,1081,2006,1100),
	(15244,1081,2154,1200),
	(15245,1081,2155,1300),
	(15246,1082,2042,100),
	(15247,1082,2074,200),
	(15248,1082,2075,300),
	(15249,1082,2001,400),
	(15250,1082,2002,500),
	(15251,1082,2199,600),
	(15252,1082,2005,700),
	(15253,1083,1991,100),
	(15254,1083,1990,200),
	(15255,1083,2059,300),
	(15256,1083,2200,400),
	(15257,1083,1864,500),
	(15258,1083,2044,600),
	(15259,1083,2036,700),
	(15260,1083,2153,800),
	(15261,1083,1999,900),
	(15262,1083,2010,1000),
	(15263,1083,2011,1100),
	(15264,1083,2165,1200),
	(15265,1084,2083,100),
	(15266,1084,2082,200),
	(15267,1084,2081,300),
	(15268,1084,2080,400),
	(15269,1084,2079,500),
	(15270,1084,2099,600),
	(15271,1084,2036,700),
	(15272,1084,1863,800),
	(15273,1084,1929,900),
	(15274,1084,1928,1000),
	(15275,1085,1928,100),
	(15276,1085,1929,200),
	(15277,1085,2044,300),
	(15278,1085,2198,400),
	(15279,1085,2042,500),
	(15280,1085,2074,600),
	(15281,1085,2075,700),
	(15282,1085,2001,800),
	(15283,1085,2002,900),
	(15284,1085,2003,1000),
	(15285,1085,2004,1100),
	(15286,1086,1928,100),
	(15287,1086,1929,200),
	(15288,1086,2044,300),
	(15289,1086,2198,400),
	(15290,1086,2042,500),
	(15291,1086,2074,600),
	(15292,1086,2075,700),
	(15293,1086,2001,800),
	(15294,1086,2002,900),
	(15295,1086,2007,1000),
	(15296,1086,2005,1100),
	(15297,1087,2201,100),
	(15298,1087,2202,200),
	(15299,1087,2002,300),
	(15300,1087,2001,400),
	(15301,1087,2080,500),
	(15302,1087,2079,600),
	(15303,1087,2099,700),
	(15304,1087,2036,800),
	(15305,1087,1863,900),
	(15306,1087,1929,1000),
	(15307,1087,1928,1100),
	(15316,1089,1928,100),
	(15317,1089,1929,200),
	(15318,1089,2044,300),
	(15319,1089,2198,400),
	(15320,1089,2042,500),
	(15321,1089,2074,600),
	(15322,1089,2075,700),
	(15323,1089,2001,800),
	(15324,1089,2002,900),
	(15325,1089,2013,1000),
	(15326,1089,2006,1100),
	(15327,1089,2154,1200),
	(15328,1089,2155,1300),
	(15329,1089,2156,1400),
	(15330,1089,2157,1500),
	(15331,1090,1928,100),
	(15332,1090,1929,200),
	(15333,1090,2044,300),
	(15334,1090,2198,400),
	(15335,1090,2042,500),
	(15336,1090,2074,600),
	(15337,1090,2075,700),
	(15338,1090,2001,800),
	(15339,1090,2002,900),
	(15340,1090,2007,1000),
	(15341,1090,2005,1100),
	(15382,1094,2089,100),
	(15383,1094,2088,200),
	(15384,1094,2080,300),
	(15385,1094,2079,400),
	(15386,1094,2099,500),
	(15387,1094,2036,600),
	(15388,1094,1863,700),
	(15389,1094,1929,800),
	(15390,1094,1928,900),
	(15422,1098,1912,100),
	(15423,1098,1924,200),
	(15424,1098,1925,300),
	(15425,1098,1855,400),
	(15426,1098,1876,500),
	(15427,1098,1857,600),
	(15428,1098,1942,700),
	(15429,1098,1943,800),
	(15430,1098,1944,900),
	(15431,1098,1930,1000),
	(15432,1098,1885,1100),
	(15433,1098,1863,1200),
	(15434,1098,2204,1300),
	(15448,1100,2205,100),
	(15449,1100,1877,200),
	(15450,1100,2206,300),
	(15451,1100,1930,400),
	(15452,1100,1944,500),
	(15453,1100,1943,600),
	(15454,1100,1942,700),
	(15455,1100,1989,800),
	(15456,1101,2204,100),
	(15457,1101,1863,200),
	(15458,1101,1885,300),
	(15459,1101,1930,400),
	(15460,1101,1944,500),
	(15461,1101,1943,600),
	(15462,1101,1942,700),
	(15463,1101,1857,800),
	(15464,1101,1856,900),
	(15465,1101,1855,1000),
	(15466,1101,1925,1100),
	(15467,1101,2207,1200),
	(15468,1101,2208,1300),
	(15469,1101,2209,1400),
	(15470,1101,2210,1500),
	(15471,1101,2211,1600),
	(15472,1102,1855,100),
	(15473,1102,1856,200),
	(15474,1102,1857,300),
	(15475,1102,1942,400),
	(15476,1102,1943,500),
	(15477,1102,1944,600),
	(15478,1102,1930,700),
	(15479,1102,1885,800),
	(15480,1102,1863,900),
	(15481,1102,2036,1000),
	(15482,1103,1855,100),
	(15483,1103,1856,200),
	(15484,1103,1857,300),
	(15485,1103,1942,400),
	(15486,1103,1943,500),
	(15487,1103,1944,600),
	(15488,1103,1930,700),
	(15489,1103,1885,800),
	(15490,1103,1877,900),
	(15491,1103,1929,1000),
	(15492,1103,1928,1100),
	(15493,1104,2030,100),
	(15494,1104,2029,200),
	(15495,1104,2026,300),
	(15496,1104,2025,400),
	(15497,1104,2009,500),
	(15498,1104,1998,600),
	(15499,1104,2078,700),
	(15500,1104,2036,800),
	(15501,1104,2044,900),
	(15502,1104,1929,1000),
	(15503,1104,1928,1100),
	(15504,1105,2030,100),
	(15505,1105,2029,200),
	(15506,1105,2026,300),
	(15507,1105,2025,400),
	(15508,1105,2009,500),
	(15509,1105,1998,600),
	(15510,1105,2078,700),
	(15511,1105,2036,800),
	(15512,1105,2044,900),
	(15513,1105,1864,1000),
	(15514,1105,1865,1100),
	(15515,1105,1866,1200),
	(15516,1105,1867,1300),
	(15517,1105,1954,1400),
	(15518,1105,1883,1500),
	(15519,1105,1886,1600),
	(15520,1105,1884,1700),
	(15521,1105,1901,1800),
	(15522,1105,1902,1900),
	(15523,1105,1903,2000),
	(15524,1105,1904,2100),
	(15525,1105,1905,2200),
	(15526,1105,2212,2300),
	(15527,1106,2213,100),
	(15528,1106,2025,200),
	(15529,1106,2214,300),
	(15530,1106,2215,400),
	(15531,1106,2216,500),
	(15532,1106,2100,600),
	(15533,1106,2200,700),
	(15534,1106,1879,800),
	(15535,1106,1920,900),
	(15536,1106,1881,1000),
	(15537,1106,1883,1100),
	(15538,1106,1886,1200),
	(15539,1106,1964,1300),
	(15553,1108,2217,100),
	(15554,1108,2025,200),
	(15555,1108,2009,300),
	(15556,1108,1998,400),
	(15557,1108,1999,500),
	(15558,1108,2000,600),
	(15559,1108,2080,700),
	(15560,1108,2081,800),
	(15561,1108,2082,900),
	(15562,1108,2090,1000),
	(15563,1108,2091,1100),
	(15564,1108,2161,1200),
	(15565,1108,2162,1300),
	(15566,1108,2174,1400),
	(15581,1110,2083,100),
	(15582,1110,2082,200),
	(15583,1110,2081,300),
	(15584,1110,2080,400),
	(15585,1110,2079,500),
	(15586,1110,2100,600),
	(15587,1110,2200,700),
	(15588,1110,1879,800),
	(15589,1110,1880,900),
	(15590,1111,2218,100),
	(15591,1111,2219,200),
	(15592,1111,2220,300),
	(15593,1111,2026,400),
	(15594,1111,2025,500),
	(15595,1111,2009,600),
	(15596,1111,1998,700),
	(15597,1111,2153,800),
	(15598,1111,2036,900),
	(15599,1111,2044,1000),
	(15600,1111,1878,1100),
	(15601,1111,1879,1200),
	(15602,1111,1880,1300),
	(15603,1112,2217,100),
	(15604,1112,2025,200),
	(15605,1112,2009,300),
	(15606,1112,1998,400),
	(15607,1112,1999,500),
	(15608,1112,2000,600),
	(15609,1112,2080,700),
	(15610,1112,2081,800),
	(15611,1112,2082,900),
	(15612,1112,2090,1000),
	(15613,1112,2091,1100),
	(15614,1112,2161,1200),
	(15615,1112,2162,1300),
	(15616,1112,2174,1400),
	(15617,1113,2030,100),
	(15618,1113,2029,200),
	(15619,1113,2026,300),
	(15620,1113,2025,400),
	(15621,1113,2214,500),
	(15622,1113,2215,600),
	(15623,1113,2216,700),
	(15624,1113,2042,800),
	(15625,1113,2200,900),
	(15626,1113,1879,1000),
	(15627,1113,1880,1100),
	(15645,1115,2217,100),
	(15646,1115,2025,200),
	(15647,1115,2009,300),
	(15648,1115,1998,400),
	(15649,1115,2215,500),
	(15650,1115,2216,600),
	(15651,1115,2100,700),
	(15652,1115,1865,800),
	(15653,1115,1938,900),
	(15654,1115,1939,1000),
	(15655,1115,1867,1100),
	(15656,1115,1887,1200),
	(15657,1115,1888,1300),
	(15658,1115,1889,1400),
	(15659,1116,2217,100),
	(15660,1116,2025,200),
	(15661,1116,2009,300),
	(15662,1116,1998,400),
	(15663,1116,2153,500),
	(15664,1116,2036,600),
	(15665,1116,2189,700),
	(15666,1116,1929,800),
	(15667,1116,1928,900),
	(15668,1117,2030,100),
	(15669,1117,2029,200),
	(15670,1117,2026,300),
	(15671,1117,2025,400),
	(15672,1117,2009,500),
	(15673,1117,1998,600),
	(15674,1117,2221,700),
	(15675,1117,2216,800),
	(15676,1117,2100,900),
	(15677,1117,1865,1000),
	(15678,1117,1938,1100),
	(15679,1117,1939,1200),
	(15680,1117,1867,1300),
	(15681,1117,1887,1400),
	(15682,1117,1888,1500),
	(15683,1117,1889,1600),
	(15684,1118,2222,100),
	(15685,1118,2223,200),
	(15686,1118,2224,300),
	(15687,1118,2018,400),
	(15688,1118,2213,500),
	(15689,1118,2025,600),
	(15690,1118,2214,700),
	(15691,1118,2215,800),
	(15692,1118,2216,900),
	(15693,1118,2225,1000),
	(15694,1118,2200,1100),
	(15695,1118,1879,1200),
	(15696,1118,1920,1300),
	(15697,1118,1881,1400),
	(15698,1118,1882,1500),
	(15699,1118,1886,1600),
	(15700,1118,1884,1700),
	(15701,1119,2169,100),
	(15702,1119,2220,200),
	(15703,1119,2026,300),
	(15704,1119,2213,400),
	(15705,1119,2226,500),
	(15706,1119,2016,600),
	(15707,1119,1998,700),
	(15708,1119,2215,800),
	(15709,1119,2216,900),
	(15710,1119,2100,1000),
	(15711,1119,1865,1100),
	(15712,1119,1938,1200),
	(15713,1119,1939,1300),
	(15714,1119,1867,1400),
	(15715,1119,1887,1500),
	(15716,1119,1888,1600),
	(15717,1119,1889,1700),
	(15718,1120,2213,100),
	(15719,1120,2025,200),
	(15720,1120,2214,300),
	(15721,1120,2215,400),
	(15722,1120,2216,500),
	(15723,1120,2100,600),
	(15724,1120,2200,700),
	(15725,1120,1879,800),
	(15726,1120,1920,900),
	(15727,1120,1881,1000),
	(15728,1120,1882,1100),
	(15729,1120,1886,1200),
	(15730,1120,1884,1300),
	(15731,1121,2030,100),
	(15732,1121,2029,200),
	(15733,1121,2026,300),
	(15734,1121,2025,400),
	(15735,1121,2009,500),
	(15736,1121,1998,600),
	(15737,1121,2078,700),
	(15738,1121,2036,800),
	(15739,1121,2044,900),
	(15740,1121,1864,1000),
	(15741,1121,1865,1100),
	(15742,1121,1866,1200),
	(15743,1121,1867,1300),
	(15744,1121,1954,1400),
	(15745,1121,1883,1500),
	(15746,1121,1886,1600),
	(15747,1121,1884,1700),
	(15762,1123,2222,100),
	(15763,1123,2227,200),
	(15764,1123,2224,300),
	(15765,1123,2018,400),
	(15766,1123,2213,500),
	(15767,1123,2025,600),
	(15768,1123,2009,700),
	(15769,1123,1998,800),
	(15770,1123,2153,900),
	(15771,1123,2036,1000),
	(15772,1123,2189,1100),
	(15773,1123,2060,1200),
	(15787,1125,2217,100),
	(15788,1125,2025,200),
	(15789,1125,2009,300),
	(15790,1125,1998,400),
	(15791,1125,2153,500),
	(15792,1125,2036,600),
	(15793,1125,2189,700),
	(15794,1125,1929,800),
	(15795,1125,1928,900),
	(15796,1126,2169,100),
	(15797,1126,2220,200),
	(15798,1126,2026,300),
	(15799,1126,2025,400),
	(15800,1126,2214,500),
	(15801,1126,2153,600),
	(15802,1126,2036,700),
	(15803,1126,2189,800),
	(15804,1126,1929,900),
	(15805,1126,1928,1000),
	(15806,1127,2213,100),
	(15807,1127,2025,200),
	(15808,1127,2009,300),
	(15809,1127,1998,400),
	(15810,1127,2215,500),
	(15811,1127,2216,600),
	(15812,1127,2100,700),
	(15813,1127,1865,800),
	(15814,1127,1938,900),
	(15815,1127,1939,1000),
	(15816,1127,1867,1100),
	(15817,1127,2228,1200),
	(15818,1128,1944,100),
	(15819,1128,2229,200),
	(15820,1128,1885,300),
	(15821,1128,1877,400),
	(15822,1128,2060,500),
	(15823,1129,2050,100),
	(15824,1129,2207,200),
	(15825,1129,1944,300),
	(15826,1129,2229,400),
	(15827,1129,1885,500),
	(15828,1129,1877,600),
	(15829,1129,2060,700),
	(15830,1130,1989,100),
	(15831,1130,1942,200),
	(15832,1130,1943,300),
	(15833,1130,1944,400),
	(15834,1130,2229,500),
	(15835,1130,1885,600),
	(15836,1130,1877,700),
	(15837,1130,2060,800),
	(15838,1130,2230,900),
	(15839,1130,2057,1000),
	(15840,1130,1991,1100),
	(15841,1131,2132,100),
	(15842,1131,1944,200),
	(15843,1131,2229,300),
	(15844,1131,1885,400),
	(15845,1131,1877,500),
	(15846,1131,2060,600),
	(15847,1132,1921,100),
	(15848,1132,2229,200),
	(15849,1132,1944,300),
	(15850,1132,2059,400),
	(15851,1132,1932,500),
	(15852,1133,2231,100),
	(15853,1133,1931,200),
	(15854,1133,1944,300),
	(15855,1133,2229,400),
	(15856,1133,1885,500),
	(15857,1133,1863,600),
	(15858,1133,2036,700),
	(15859,1133,2204,800),
	(15860,1134,2006,100),
	(15861,1134,2007,200),
	(15862,1134,2002,300),
	(15863,1134,2001,400),
	(15864,1134,2000,500),
	(15865,1134,1999,600),
	(15866,1134,2022,700),
	(15867,1134,1930,800),
	(15868,1134,1944,900),
	(15869,1134,1943,1000),
	(15870,1134,1942,1100),
	(15871,1134,1857,1200),
	(15872,1134,1876,1300),
	(15873,1134,1855,1400),
	(15888,1136,2232,100),
	(15889,1136,2233,200),
	(15890,1136,2195,300),
	(15891,1136,2196,400),
	(15892,1136,2197,500),
	(15893,1136,2155,600),
	(15894,1136,2154,700),
	(15895,1136,2006,800),
	(15896,1136,2007,900),
	(15897,1136,2002,1000),
	(15898,1136,2001,1100),
	(15899,1136,2000,1200),
	(15900,1136,1999,1300),
	(15901,1136,2022,1400),
	(15902,1136,1930,1500),
	(15903,1136,1944,1600),
	(15904,1136,1943,1700),
	(15905,1136,1942,1800),
	(15906,1136,1857,1900),
	(15907,1136,1876,2000),
	(15908,1136,1855,2100),
	(15909,1137,1921,100),
	(15910,1137,1885,200),
	(15911,1137,2022,300),
	(15912,1137,1999,400),
	(15913,1137,2188,500),
	(15914,1138,1944,100),
	(15915,1138,1930,200),
	(15916,1138,2022,300),
	(15917,1138,2215,400),
	(15918,1138,2216,500),
	(15919,1138,2225,600),
	(15920,1138,2234,700),
	(15921,1138,2094,800),
	(15922,1138,2055,900),
	(15923,1138,2054,1000),
	(15924,1138,1948,1100),
	(15925,1138,2045,1200),
	(15926,1138,2046,1300),
	(15927,1138,2047,1400),
	(15928,1138,2048,1500),
	(15944,1140,2020,100),
	(15945,1140,2019,200),
	(15946,1140,2235,300),
	(15947,1140,1931,400),
	(15948,1140,2016,500),
	(15949,1140,1998,600),
	(15950,1140,2036,700),
	(15951,1140,2037,800),
	(15952,1140,2038,900),
	(15953,1140,2039,1000),
	(15954,1140,2094,1100),
	(15955,1140,2055,1200),
	(15956,1140,2054,1300),
	(15957,1140,1948,1400),
	(15958,1140,2045,1500),
	(15959,1140,2046,1600),
	(15960,1140,2047,1700),
	(15961,1140,2048,1800),
	(15962,1141,1944,100),
	(15963,1141,1930,200),
	(15964,1141,2022,300),
	(15965,1141,2215,400),
	(15966,1141,2216,500),
	(15967,1141,2100,600),
	(15968,1141,2039,700),
	(15969,1141,2101,800),
	(15970,1141,2054,900),
	(15971,1141,1948,1000),
	(15972,1141,2098,1100),
	(15988,1143,1944,100),
	(15989,1143,1930,200),
	(15990,1143,2022,300),
	(15991,1143,2215,400),
	(15992,1143,2216,500),
	(15993,1143,2225,600),
	(15994,1143,2234,700),
	(15995,1143,2094,800),
	(15996,1143,2055,900),
	(15997,1143,2054,1000),
	(15998,1143,2095,1100),
	(15999,1143,1949,1200),
	(16000,1143,1950,1300),
	(16001,1143,1951,1400),
	(16002,1144,1948,100),
	(16003,1144,2054,200),
	(16004,1144,2094,300),
	(16005,1144,2042,400),
	(16006,1144,2037,500),
	(16007,1144,2153,600),
	(16008,1144,1999,700),
	(16009,1144,2010,800),
	(16010,1144,2011,900),
	(16011,1144,2165,1000),
	(16012,1145,1948,100),
	(16013,1145,2054,200),
	(16014,1145,2094,300),
	(16015,1145,2042,400),
	(16016,1145,2079,500),
	(16017,1145,2000,600),
	(16018,1145,1999,700),
	(16019,1145,2236,800),
	(16020,1145,2025,900),
	(16021,1145,2026,1000),
	(16022,1145,2027,1100),
	(16023,1146,1944,100),
	(16024,1146,1930,200),
	(16025,1146,2022,300),
	(16026,1146,2215,400),
	(16027,1146,2216,500),
	(16028,1146,2100,600),
	(16029,1146,2039,700),
	(16030,1146,2094,800),
	(16031,1146,2055,900),
	(16032,1146,2054,1000),
	(16033,1146,1948,1100),
	(16034,1146,2045,1200),
	(16035,1146,2046,1300),
	(16036,1146,2047,1400),
	(16037,1146,2048,1500),
	(16053,1148,2027,100),
	(16054,1148,2026,200),
	(16055,1148,2025,300),
	(16056,1148,2009,400),
	(16057,1148,2022,500),
	(16058,1148,2206,600),
	(16059,1148,1877,700),
	(16060,1148,2060,800),
	(16061,1149,1921,100),
	(16062,1149,1861,200),
	(16063,1149,1860,300),
	(16064,1149,1944,400),
	(16065,1149,1931,500),
	(16066,1149,2235,600),
	(16067,1149,2018,700),
	(16068,1149,2224,800),
	(16069,1149,2237,900),
	(16070,1150,1921,100),
	(16071,1150,1861,200),
	(16072,1150,1860,300),
	(16073,1150,1944,400),
	(16074,1150,1931,500),
	(16075,1150,2235,600),
	(16076,1150,2018,700),
	(16077,1150,2224,800),
	(16078,1150,2223,900),
	(16079,1150,2222,1000),
	(16080,1151,1921,100),
	(16081,1151,1861,200),
	(16082,1151,1860,300),
	(16083,1151,1944,400),
	(16084,1151,1931,500),
	(16085,1151,2235,600),
	(16086,1151,2018,700),
	(16087,1151,2224,800),
	(16088,1151,2237,900),
	(16089,1151,2238,1000),
	(16090,1151,2239,1100),
	(16091,1151,2240,1200),
	(16092,1151,2241,1300),
	(16093,1151,2242,1400),
	(16094,1151,2243,1500),
	(16095,1151,2244,1600),
	(16096,1151,2245,1700),
	(16097,1151,2246,1800),
	(16098,1151,2247,1900),
	(16099,1152,1855,100),
	(16100,1152,1856,200),
	(16101,1152,1857,300),
	(16102,1152,1942,400),
	(16103,1152,1943,500),
	(16104,1152,1944,600),
	(16105,1152,1931,700),
	(16106,1152,2235,800),
	(16107,1152,2018,900),
	(16108,1152,2248,1000),
	(16109,1152,2249,1100),
	(16110,1152,2250,1200),
	(16111,1153,2027,100),
	(16112,1153,2026,200),
	(16113,1153,2025,300),
	(16114,1153,2009,400),
	(16115,1153,2022,500),
	(16116,1153,2206,600),
	(16117,1153,1877,700),
	(16118,1153,2060,800),
	(16119,1154,1921,100),
	(16120,1154,1861,200),
	(16121,1154,1860,300),
	(16122,1154,1944,400),
	(16123,1154,1931,500),
	(16124,1154,2235,600),
	(16125,1154,2018,700),
	(16126,1154,2224,800),
	(16127,1154,2251,900),
	(16128,1154,2252,1000),
	(16129,1154,2238,1100),
	(16130,1154,2253,1200),
	(16131,1154,2222,1300),
	(16132,1155,1928,100),
	(16133,1155,1929,200),
	(16134,1155,2189,300),
	(16135,1155,2036,400),
	(16136,1155,2078,500),
	(16137,1155,2079,600),
	(16138,1155,2080,700),
	(16139,1155,2001,800),
	(16140,1155,2002,900),
	(16141,1155,2007,1000),
	(16142,1155,2006,1100),
	(16143,1155,2154,1200),
	(16144,1155,2155,1300),
	(16145,1155,2197,1400),
	(16146,1155,2196,1500),
	(16147,1155,2195,1600),
	(16148,1156,1928,100),
	(16149,1156,1929,200),
	(16150,1156,2189,300),
	(16151,1156,2036,400),
	(16152,1156,2078,500),
	(16153,1156,2079,600),
	(16154,1156,2000,700),
	(16155,1156,2254,800),
	(16156,1156,2012,900),
	(16157,1156,2013,1000),
	(16158,1156,2006,1100),
	(16159,1156,2154,1200),
	(16160,1156,2155,1300),
	(16161,1157,1928,100),
	(16162,1157,1929,200),
	(16163,1157,2189,300),
	(16164,1157,2036,400),
	(16165,1157,2078,500),
	(16166,1157,2079,600),
	(16167,1157,2000,700),
	(16168,1157,2254,800),
	(16169,1157,2012,900),
	(16170,1157,2013,1000),
	(16171,1157,2006,1100),
	(16172,1157,2154,1200),
	(16173,1157,2155,1300),
	(16174,1157,2176,1400),
	(16175,1157,2179,1500),
	(16208,1160,1880,100),
	(16209,1160,1974,200),
	(16210,1160,2065,300),
	(16211,1160,1865,400),
	(16212,1160,2042,500),
	(16213,1160,2079,600),
	(16214,1160,2080,700),
	(16215,1160,2001,800),
	(16216,1160,2002,900),
	(16217,1160,2013,1000),
	(16218,1160,2255,1100),
	(16219,1160,2256,1200),
	(16220,1160,2154,1300),
	(16221,1160,2155,1400),
	(16222,1161,1971,100),
	(16223,1161,1972,200),
	(16224,1161,2082,300),
	(16225,1161,2081,400),
	(16226,1161,2075,500),
	(16227,1161,2074,600),
	(16228,1161,2257,700),
	(16229,1161,1865,800),
	(16230,1161,2056,900),
	(16231,1161,1947,1000),
	(16232,1161,1880,1100),
	(16247,1163,2157,100),
	(16248,1163,2156,200),
	(16249,1163,2155,300),
	(16250,1163,2154,400),
	(16251,1163,2006,500),
	(16252,1163,2007,600),
	(16253,1163,2002,700),
	(16254,1163,2001,800),
	(16255,1163,2080,900),
	(16256,1163,2079,1000),
	(16257,1163,2225,1100),
	(16258,1163,2200,1200),
	(16259,1163,1879,1300),
	(16260,1163,1920,1400),
	(16261,1163,1881,1500),
	(16262,1163,1882,1600),
	(16263,1163,1886,1700),
	(16264,1163,1884,1800),
	(16265,1164,1880,100),
	(16266,1164,1974,200),
	(16267,1164,2065,300),
	(16268,1164,1865,400),
	(16269,1164,2042,500),
	(16270,1164,2079,600),
	(16271,1164,2080,700),
	(16272,1164,2001,800),
	(16273,1164,2002,900),
	(16274,1164,2013,1000),
	(16275,1164,2255,1100),
	(16276,1164,2256,1200),
	(16277,1164,2154,1300),
	(16278,1164,2155,1400),
	(16279,1164,2197,1500),
	(16280,1164,2258,1600),
	(16281,1164,2259,1700),
	(16296,1166,1884,100),
	(16297,1166,1886,200),
	(16298,1166,1882,300),
	(16299,1166,1881,400),
	(16300,1166,1920,500),
	(16301,1166,1947,600),
	(16302,1166,2056,700),
	(16303,1166,1865,800),
	(16304,1166,2225,900),
	(16305,1166,2079,1000),
	(16306,1166,2080,1100),
	(16307,1166,2001,1200),
	(16308,1166,2002,1300),
	(16309,1166,2021,1400),
	(16310,1167,1884,100),
	(16311,1167,1886,200),
	(16312,1167,1882,300),
	(16313,1167,1881,400),
	(16314,1167,1880,500),
	(16315,1167,1974,600),
	(16316,1167,2065,700),
	(16317,1167,1865,800),
	(16318,1167,2042,900),
	(16319,1167,2079,1000),
	(16320,1167,2080,1100),
	(16321,1167,2001,1200),
	(16322,1167,2002,1300),
	(16323,1167,2013,1400),
	(16324,1167,2255,1500),
	(16325,1167,2256,1600),
	(16326,1167,2154,1700),
	(16327,1167,2155,1800),
	(16328,1168,1921,100),
	(16329,1168,1885,200),
	(16330,1168,2028,300),
	(16331,1168,2016,400),
	(16332,1168,2226,500),
	(16333,1168,2213,600),
	(16334,1168,2026,700),
	(16335,1168,2029,800),
	(16336,1168,2030,900),
	(16337,1169,1921,100),
	(16338,1169,1885,200),
	(16339,1169,2028,300),
	(16340,1169,2016,400),
	(16341,1169,2226,500),
	(16342,1169,2213,600),
	(16343,1169,2026,700),
	(16344,1169,2029,800),
	(16345,1169,2030,900),
	(16346,1170,1921,100),
	(16347,1170,1885,200),
	(16348,1170,2022,300),
	(16349,1170,2024,400),
	(16350,1170,2226,500),
	(16351,1170,2217,600),
	(16352,1170,2026,700),
	(16353,1170,2029,800),
	(16354,1170,2030,900),
	(16355,1170,2260,1000),
	(16356,1171,1921,100),
	(16357,1171,1885,200),
	(16358,1171,2022,300),
	(16359,1171,2009,400),
	(16360,1171,2025,500),
	(16361,1171,2026,600),
	(16362,1171,2220,700),
	(16363,1171,2168,800),
	(16364,1171,2167,900),
	(16365,1172,1921,100),
	(16366,1172,1885,200),
	(16367,1172,2028,300),
	(16368,1172,2016,400),
	(16369,1172,2226,500),
	(16370,1172,2213,600),
	(16371,1172,2026,700),
	(16372,1172,2220,800),
	(16373,1172,2168,900),
	(16374,1172,2218,1000),
	(16375,1172,2261,1100),
	(16376,1173,1921,100),
	(16377,1173,1885,200),
	(16378,1173,1998,300),
	(16379,1173,2009,400),
	(16380,1173,2025,500),
	(16381,1173,2026,600),
	(16382,1173,2220,700),
	(16383,1173,2219,800),
	(16384,1173,2167,900),
	(16385,1173,2166,1000),
	(16386,1174,1921,100),
	(16387,1174,1861,200),
	(16388,1174,1860,300),
	(16389,1174,1944,400),
	(16390,1174,2262,500),
	(16391,1174,2263,600),
	(16392,1174,2264,700),
	(16393,1175,1921,100),
	(16394,1175,1861,200),
	(16395,1175,1860,300),
	(16396,1175,1944,400),
	(16397,1175,2262,500),
	(16398,1175,2263,600),
	(16399,1175,2265,700),
	(16400,1175,2266,800),
	(16401,1176,1921,100),
	(16402,1176,1861,200),
	(16403,1176,1860,300),
	(16404,1176,1944,400),
	(16405,1176,1942,500),
	(16406,1176,2264,600),
	(16407,1177,1921,100),
	(16408,1177,1861,200),
	(16409,1177,1860,300),
	(16410,1177,1944,400),
	(16411,1177,2086,500),
	(16412,1177,1942,600),
	(16413,1177,1857,700),
	(16414,1177,2267,800),
	(16415,1177,2268,900),
	(16416,1177,2269,1000),
	(16417,1177,2270,1100),
	(16418,1178,1921,100),
	(16419,1178,1861,200),
	(16420,1178,1860,300),
	(16421,1178,1944,400),
	(16422,1178,2207,500),
	(16423,1178,2271,600),
	(16424,1178,2272,700),
	(16425,1178,2264,800),
	(16426,1179,1929,100),
	(16427,1179,1993,200),
	(16428,1179,1992,300),
	(16429,1179,1861,400),
	(16430,1179,1860,500),
	(16431,1179,1859,600),
	(16432,1179,1942,700),
	(16433,1179,1857,800),
	(16434,1179,1876,900),
	(16435,1179,1855,1000),
	(16436,1179,1925,1100),
	(16437,1179,2207,1200),
	(16438,1179,2208,1300),
	(16439,1179,2209,1400),
	(16440,1179,2210,1500),
	(16441,1179,2211,1600),
	(16442,1180,1928,100),
	(16443,1180,2069,200),
	(16444,1180,2060,300),
	(16445,1180,2059,400),
	(16446,1180,1947,500),
	(16447,1180,2056,600),
	(16448,1180,1866,700),
	(16449,1180,1867,800),
	(16450,1180,2149,900),
	(16451,1180,1869,1000),
	(16452,1180,2273,1100),
	(16453,1180,1895,1200),
	(16454,1180,1894,1300),
	(16455,1181,1928,100),
	(16456,1181,1929,200),
	(16457,1181,2274,300),
	(16458,1181,1879,400),
	(16459,1181,1947,500),
	(16460,1181,2056,600),
	(16461,1181,1866,700),
	(16462,1181,1867,800),
	(16463,1181,1887,900),
	(16464,1181,1888,1000),
	(16465,1181,1965,1100),
	(16466,1181,1898,1200),
	(16467,1181,1910,1300),
	(16468,1181,1890,1400),
	(16469,1181,1911,1500),
	(16470,1182,2060,100),
	(16471,1182,2194,200),
	(16472,1182,1946,300),
	(16473,1182,1974,400),
	(16474,1182,1866,500),
	(16475,1182,1867,600),
	(16476,1182,1887,700),
	(16477,1182,1888,800),
	(16478,1182,1965,900),
	(16479,1182,1898,1000),
	(16480,1182,1910,1100),
	(16481,1182,1890,1200),
	(16482,1183,1939,100),
	(16483,1183,1867,200),
	(16484,1183,1997,300),
	(16485,1183,1888,400),
	(16486,1183,1922,500),
	(16487,1183,1898,600),
	(16488,1183,1910,700),
	(16489,1183,1890,800),
	(16490,1183,1911,900),
	(16491,1184,1928,100),
	(16492,1184,1929,200),
	(16493,1184,2060,300),
	(16494,1184,1879,400),
	(16495,1184,1947,500),
	(16496,1184,2056,600),
	(16497,1184,1866,700),
	(16498,1184,1867,800),
	(16499,1184,2149,900),
	(16500,1185,2149,100),
	(16501,1185,2133,200),
	(16502,1185,2107,300),
	(16503,1185,2097,400),
	(16504,1186,1928,100),
	(16505,1186,2069,200),
	(16506,1186,2274,300),
	(16507,1186,1879,400),
	(16508,1186,1947,500),
	(16509,1186,2056,600),
	(16510,1186,1866,700),
	(16511,1186,1867,800),
	(16512,1186,2149,900),
	(16513,1187,1928,100),
	(16514,1187,2060,200),
	(16515,1187,2194,300),
	(16516,1187,1946,400),
	(16517,1187,1974,500),
	(16518,1187,1866,600),
	(16519,1187,1867,700),
	(16520,1187,1887,800),
	(16521,1187,1888,900),
	(16522,1187,1965,1000),
	(16523,1188,2050,100),
	(16524,1188,1931,200),
	(16525,1188,2213,300),
	(16526,1188,2025,400),
	(16527,1188,2010,500),
	(16528,1188,2011,600),
	(16529,1188,1858,700),
	(16530,1188,2081,800),
	(16531,1188,2082,900),
	(16532,1188,2083,1000),
	(16533,1189,2165,100),
	(16534,1189,2275,200),
	(16535,1189,1858,300),
	(16536,1189,2088,400),
	(16537,1189,2089,500),
	(16538,1189,1972,600),
	(16539,1189,1971,700),
	(16540,1190,2027,100),
	(16541,1190,2026,200),
	(16542,1190,2025,300),
	(16543,1190,2010,400),
	(16544,1190,2011,500),
	(16545,1190,1858,600),
	(16546,1190,2081,700),
	(16547,1190,2082,800),
	(16548,1190,2083,900),
	(16549,1191,2030,100),
	(16550,1191,2029,200),
	(16551,1191,2026,300),
	(16552,1191,2025,400),
	(16553,1191,2010,500),
	(16554,1191,2011,600),
	(16555,1191,1858,700),
	(16556,1191,2081,800),
	(16557,1191,2082,900),
	(16558,1191,2083,1000),
	(16559,1192,2083,100),
	(16560,1192,2082,200),
	(16561,1192,2081,300),
	(16562,1192,1858,400),
	(16563,1192,2011,500),
	(16564,1192,2010,600),
	(16565,1192,2025,700),
	(16566,1192,2213,800),
	(16567,1192,2018,900),
	(16568,1192,2248,1000),
	(16569,1192,2276,1100),
	(16570,1192,2250,1200),
	(16571,1193,2027,100),
	(16572,1193,2026,200),
	(16573,1193,2025,300),
	(16574,1193,2010,400),
	(16575,1193,2011,500),
	(16576,1193,1858,600),
	(16577,1193,2081,700),
	(16578,1193,2082,800),
	(16579,1193,2083,900),
	(16599,1196,2050,100),
	(16600,1196,1931,200),
	(16601,1196,2213,300),
	(16602,1196,2025,400),
	(16603,1196,2010,500),
	(16604,1196,2011,600),
	(16605,1196,1858,700),
	(16606,1196,2081,800),
	(16607,1196,2082,900),
	(16608,1196,1972,1000),
	(16609,1196,1971,1100),
	(16610,1197,2165,100),
	(16611,1197,2275,200),
	(16612,1197,1858,300),
	(16613,1197,2075,400),
	(16614,1197,2074,500),
	(16615,1197,2225,600),
	(16616,1197,2040,700),
	(16617,1197,1938,800),
	(16618,1197,1939,900),
	(16619,1197,1867,1000),
	(16620,1197,1954,1100),
	(16621,1197,1883,1200),
	(16622,1197,1886,1300),
	(16623,1197,1964,1400),
	(16624,1197,1884,1500),
	(16625,1198,1884,100),
	(16626,1198,1964,200),
	(16627,1198,1886,300),
	(16628,1198,1883,400),
	(16629,1198,1954,500),
	(16630,1198,1867,600),
	(16631,1198,1939,700),
	(16632,1198,1938,800),
	(16633,1198,2040,900),
	(16634,1198,2042,1000),
	(16635,1198,2079,1100),
	(16636,1198,2000,1200),
	(16637,1198,2275,1300),
	(16638,1199,1939,100),
	(16639,1199,2041,200),
	(16640,1199,2040,300),
	(16641,1199,2042,400),
	(16642,1199,2079,500),
	(16643,1199,2080,600),
	(16644,1199,2087,700),
	(16645,1199,2254,800),
	(16646,1199,2012,900),
	(16647,1199,2013,1000),
	(16648,1199,2014,1100),
	(16649,1200,1884,100),
	(16650,1200,1886,200),
	(16651,1200,1883,300),
	(16652,1200,1954,400),
	(16653,1200,1867,500),
	(16654,1200,1939,600),
	(16655,1200,1938,700),
	(16656,1200,2040,800),
	(16657,1200,2042,900),
	(16658,1200,2074,1000),
	(16659,1200,2075,1100),
	(16660,1200,2001,1200),
	(16661,1200,2013,1300),
	(16662,1200,2006,1400),
	(16663,1200,2154,1500),
	(16664,1200,2155,1600),
	(16665,1200,2197,1700),
	(16666,1200,2196,1800),
	(16667,1200,2195,1900),
	(16668,1201,1884,100),
	(16669,1201,1886,200),
	(16670,1201,1883,300),
	(16671,1201,1954,400),
	(16672,1201,1867,500),
	(16673,1201,1939,600),
	(16674,1201,1938,700),
	(16675,1201,2040,800),
	(16676,1201,2042,900),
	(16677,1201,2074,1000),
	(16678,1201,2075,1100),
	(16679,1201,2001,1200),
	(16680,1201,2002,1300),
	(16681,1201,2013,1400),
	(16682,1201,2006,1500),
	(16683,1201,2154,1600),
	(16684,1201,2155,1700),
	(16685,1201,2197,1800),
	(16686,1201,2196,1900),
	(16687,1201,2195,2000),
	(16688,1202,1884,100),
	(16689,1202,1886,200),
	(16690,1202,1883,300),
	(16691,1202,1954,400),
	(16692,1202,1867,500),
	(16693,1202,1939,600),
	(16694,1202,1938,700),
	(16695,1202,2040,800),
	(16696,1202,2042,900),
	(16697,1202,2074,1000),
	(16698,1202,2075,1100),
	(16699,1202,2001,1200),
	(16700,1202,2013,1300),
	(16701,1202,2006,1400),
	(16702,1202,2154,1500),
	(16703,1202,2155,1600),
	(16704,1202,2197,1700),
	(16705,1202,2196,1800),
	(16706,1202,2195,1900),
	(16769,1207,1944,100),
	(16770,1207,1877,200),
	(16771,1207,2009,300),
	(16772,1207,2010,400),
	(16773,1207,2011,500),
	(16774,1207,2012,600),
	(16775,1207,2277,700),
	(16776,1207,2002,800),
	(16777,1207,2278,900),
	(16778,1207,2083,1000),
	(16779,1208,1944,100),
	(16780,1208,1877,200),
	(16781,1208,2009,300),
	(16782,1208,2010,400),
	(16783,1208,2011,500),
	(16784,1208,2012,600),
	(16785,1208,2277,700),
	(16786,1208,2002,800),
	(16787,1208,2278,900),
	(16788,1208,2083,1000),
	(16789,1209,2027,100),
	(16790,1209,2026,200),
	(16791,1209,2213,300),
	(16792,1209,2018,400),
	(16793,1209,2224,500),
	(16794,1209,2237,600),
	(16795,1209,2238,700),
	(16796,1209,2279,800),
	(16797,1209,2280,900),
	(16798,1209,2269,1000),
	(16799,1209,2208,1100),
	(16800,1209,2207,1200),
	(16801,1209,1925,1300),
	(16802,1209,1924,1400),
	(16803,1209,1912,1500),
	(16804,1210,2237,100),
	(16805,1210,2224,200),
	(16806,1210,2018,300),
	(16807,1210,2217,400),
	(16808,1210,2025,500),
	(16809,1210,2010,600),
	(16810,1210,2011,700),
	(16811,1210,2012,800),
	(16812,1210,2013,900),
	(16813,1210,2006,1000),
	(16814,1210,2005,1100),
	(16815,1211,1944,100),
	(16816,1211,2016,200),
	(16817,1211,2009,300),
	(16818,1211,2010,400),
	(16819,1211,2011,500),
	(16820,1211,2165,600),
	(16821,1212,1944,100),
	(16822,1212,2016,200),
	(16823,1212,2009,300),
	(16824,1212,2010,400),
	(16825,1212,2011,500),
	(16826,1212,2165,600),
	(16827,1213,2237,100),
	(16828,1213,2224,200),
	(16829,1213,2018,300),
	(16830,1213,2213,400),
	(16831,1213,2025,500),
	(16832,1213,2010,600),
	(16833,1213,2011,700),
	(16834,1213,2012,800),
	(16835,1213,2013,900),
	(16836,1213,2006,1000),
	(16837,1214,2164,100),
	(16838,1214,2163,200),
	(16839,1214,2048,300),
	(16840,1214,2047,400),
	(16841,1214,2046,500),
	(16842,1214,2045,600),
	(16843,1214,1950,700),
	(16844,1214,1949,800),
	(16845,1214,1952,900),
	(16846,1214,1953,1000),
	(16847,1214,1939,1100),
	(16859,1216,2083,100),
	(16860,1216,1973,200),
	(16861,1216,1867,300),
	(16862,1216,1866,400),
	(16863,1216,2128,500),
	(16864,1216,2149,600),
	(16865,1216,1954,700),
	(16866,1216,1882,800),
	(16867,1216,1886,900),
	(16868,1216,1884,1000),
	(16869,1216,1901,1100),
	(16870,1216,1902,1200),
	(16871,1216,1903,1300),
	(16872,1216,1904,1400),
	(16873,1216,1905,1500),
	(16874,1216,1906,1600),
	(16875,1216,1907,1700),
	(16876,1216,1908,1800),
	(16877,1216,1909,1900),
	(16878,1216,2139,2000),
	(16879,1216,2140,2100),
	(16880,1216,2141,2200),
	(16881,1216,2142,2300),
	(16882,1217,2174,100),
	(16883,1217,2162,200),
	(16884,1217,2163,300),
	(16885,1217,2048,400),
	(16886,1217,2047,500),
	(16887,1217,2096,600),
	(16888,1217,2107,700),
	(16889,1217,2133,800),
	(16890,1217,1868,900),
	(16891,1217,1954,1000),
	(16892,1217,1883,1100),
	(16893,1217,1886,1200),
	(16894,1217,1884,1300),
	(16895,1218,1939,100),
	(16896,1218,1953,200),
	(16897,1218,1952,300),
	(16898,1218,1949,400),
	(16899,1218,1948,500),
	(16900,1218,2045,600),
	(16901,1218,2046,700),
	(16902,1218,2047,800),
	(16903,1218,2102,900),
	(16904,1218,2103,1000),
	(16905,1218,2104,1100),
	(16906,1218,2163,1200),
	(16907,1218,2164,1300),
	(16908,1219,1884,100),
	(16909,1219,1886,200),
	(16910,1219,1883,300),
	(16911,1219,1954,400),
	(16912,1219,1868,500),
	(16913,1219,2133,600),
	(16914,1219,2107,700),
	(16915,1219,2096,800),
	(16916,1219,2047,900),
	(16917,1219,2281,1000),
	(16918,1219,2048,1100),
	(16929,1221,1921,100),
	(16930,1221,1885,200),
	(16931,1221,2078,300),
	(16932,1221,2079,400),
	(16933,1221,2080,500),
	(16934,1221,2081,600),
	(16935,1221,2082,700),
	(16936,1221,2090,800),
	(16937,1221,2091,900),
	(16938,1221,2161,1000),
	(16939,1221,2162,1100),
	(16940,1221,2174,1200),
	(16941,1222,1921,100),
	(16942,1222,1885,200),
	(16943,1222,2078,300),
	(16944,1222,2079,400),
	(16945,1222,2080,500),
	(16946,1222,2081,600),
	(16947,1222,2082,700),
	(16948,1222,2090,800),
	(16949,1222,2091,900),
	(16950,1222,2161,1000),
	(16951,1222,2162,1100),
	(16952,1222,2174,1200),
	(16953,1222,2282,1300),
	(16954,1223,1961,100),
	(16955,1223,1960,200),
	(16956,1223,1959,300),
	(16957,1223,1958,400),
	(16958,1223,2077,500),
	(16959,1223,2283,600),
	(16960,1223,2284,700),
	(16961,1223,1977,800),
	(16962,1223,2285,900),
	(16963,1223,1906,1000),
	(16964,1223,1905,1100),
	(16965,1223,1904,1200),
	(16966,1223,1903,1300),
	(16967,1223,1902,1400),
	(16968,1223,1901,1500),
	(16969,1223,1884,1600),
	(16970,1223,1886,1700),
	(16971,1223,1883,1800),
	(16972,1224,1867,100),
	(16973,1224,1887,200),
	(16974,1224,1888,300),
	(16975,1224,1965,400),
	(16976,1224,1890,500),
	(16977,1224,1891,600),
	(16978,1224,1892,700),
	(16979,1224,1933,800),
	(16980,1224,1934,900),
	(16981,1224,1935,1000),
	(16982,1224,1936,1100),
	(16983,1224,1937,1200),
	(16984,1224,2286,1300),
	(16985,1225,1961,100),
	(16986,1225,1960,200),
	(16987,1225,2287,300),
	(16988,1225,2288,400),
	(16989,1225,2289,500),
	(16990,1225,2290,600),
	(16991,1226,1939,100),
	(16992,1226,1867,200),
	(16993,1226,1887,300),
	(16994,1226,1888,400),
	(16995,1226,1922,500),
	(16996,1226,1890,600),
	(16997,1226,1891,700),
	(16998,1226,1892,800),
	(16999,1226,2283,900),
	(17000,1226,2284,1000),
	(17001,1226,1977,1100),
	(17002,1226,2291,1200),
	(17003,1227,1961,100),
	(17004,1227,1960,200),
	(17005,1227,1959,300),
	(17006,1227,1958,400),
	(17007,1227,1957,500),
	(17008,1227,2283,600),
	(17009,1227,2284,700),
	(17010,1227,1977,800),
	(17011,1227,1976,900),
	(17012,1227,1975,1000),
	(17013,1227,1968,1100),
	(17014,1227,1967,1200),
	(17015,1227,2076,1300),
	(17016,1227,1884,1400),
	(17031,1229,1867,100),
	(17032,1229,1997,200),
	(17033,1229,2031,300),
	(17034,1229,2129,400),
	(17035,1229,1896,500),
	(17036,1229,1890,600),
	(17037,1229,1911,700),
	(17038,1229,2053,800),
	(17039,1229,2205,900),
	(17040,1229,1958,1000),
	(17041,1229,1959,1100),
	(17042,1229,1960,1200),
	(17043,1229,1961,1300),
	(17044,1230,1941,100),
	(17045,1230,1885,200),
	(17046,1230,1877,300),
	(17047,1230,1864,400),
	(17048,1230,1865,500),
	(17049,1230,1866,600),
	(17050,1230,1867,700),
	(17051,1230,1997,800),
	(17052,1230,1861,900),
	(17053,1230,2031,1000),
	(17054,1230,2292,1100),
	(17055,1230,2087,1200),
	(17056,1230,2293,1300),
	(17057,1230,1910,1400),
	(17058,1230,1890,1500),
	(17059,1230,1923,1600),
	(17060,1231,1921,100),
	(17061,1231,1862,200),
	(17062,1231,1863,300),
	(17063,1231,1864,400),
	(17064,1231,1865,500),
	(17065,1231,1866,600),
	(17066,1231,1867,700),
	(17067,1231,1887,800),
	(17068,1231,1888,900),
	(17069,1231,1965,1000),
	(17070,1231,1890,1100),
	(17071,1231,1891,1200),
	(17072,1231,1892,1300),
	(17073,1231,1957,1400),
	(17074,1231,2294,1500),
	(17075,1231,2295,1600),
	(17076,1231,2296,1700),
	(17077,1231,2297,1800),
	(17078,1231,2288,1900),
	(17079,1231,2287,2000),
	(17080,1231,1960,2100),
	(17081,1231,1875,2200),
	(17082,1232,1921,100),
	(17083,1232,1992,200),
	(17084,1232,1993,300),
	(17085,1232,1990,400),
	(17086,1232,1879,500),
	(17087,1232,1880,600),
	(17088,1232,1881,700),
	(17089,1232,1883,800),
	(17090,1232,1886,900),
	(17091,1232,1966,1000),
	(17092,1232,1899,1100),
	(17093,1232,1965,1200),
	(17094,1232,1890,1300),
	(17095,1232,1891,1400),
	(17096,1232,1892,1500),
	(17097,1232,2077,1600),
	(17098,1232,1958,1700),
	(17099,1232,1959,1800),
	(17100,1232,1960,1900),
	(17101,1232,2298,2000),
	(17102,1232,2299,2100),
	(17103,1232,2300,2200),
	(17104,1232,2301,2300),
	(17105,1233,1941,100),
	(17106,1233,1885,200),
	(17107,1233,1863,300),
	(17108,1233,1864,400),
	(17109,1233,1865,500),
	(17110,1233,1866,600),
	(17111,1233,1867,700),
	(17112,1233,1887,800),
	(17113,1233,1888,900),
	(17114,1233,1965,1000),
	(17115,1233,1890,1100),
	(17116,1233,1891,1200),
	(17117,1233,1892,1300),
	(17118,1233,2072,1400),
	(17119,1234,1939,100),
	(17120,1234,1867,200),
	(17121,1234,1868,300),
	(17122,1234,1869,400),
	(17123,1234,2071,500),
	(17124,1234,1896,600),
	(17125,1234,1890,700),
	(17126,1234,1911,800),
	(17127,1234,2053,900),
	(17128,1234,2077,1000),
	(17129,1234,1958,1100),
	(17130,1234,1959,1200),
	(17131,1234,1960,1300),
	(17132,1234,1961,1400),
	(17133,1235,1921,100),
	(17134,1235,1862,200),
	(17135,1235,1863,300),
	(17136,1235,1864,400),
	(17137,1235,1865,500),
	(17138,1235,1866,600),
	(17139,1235,1867,700),
	(17140,1235,1887,800),
	(17141,1235,1888,900),
	(17142,1235,1922,1000),
	(17143,1235,1890,1100),
	(17144,1235,1891,1200),
	(17145,1235,1892,1300),
	(17146,1235,2077,1400),
	(17147,1235,1958,1500),
	(17148,1235,1959,1600),
	(17149,1235,1960,1700),
	(17150,1235,1875,1800),
	(17169,1237,1939,100),
	(17170,1237,1867,200),
	(17171,1237,1887,300),
	(17172,1237,1888,400),
	(17173,1237,1922,500),
	(17174,1237,1898,600),
	(17175,1237,1910,700),
	(17176,1237,1897,800),
	(17177,1237,2302,900),
	(17178,1238,1939,100),
	(17179,1238,1867,200),
	(17180,1238,1887,300),
	(17181,1238,1888,400),
	(17182,1238,1922,500),
	(17183,1238,1890,600),
	(17184,1238,2303,700),
	(17185,1238,2304,800),
	(17186,1238,2305,900),
	(17187,1239,1867,100),
	(17188,1239,1887,200),
	(17189,1239,1888,300),
	(17190,1239,1965,400),
	(17191,1239,1898,500),
	(17192,1239,1923,600),
	(17193,1240,1941,100),
	(17194,1240,1992,200),
	(17195,1240,1993,300),
	(17196,1240,1990,400),
	(17197,1240,1879,500),
	(17198,1240,1880,600),
	(17199,1240,1881,700),
	(17200,1240,1882,800),
	(17201,1240,1886,900),
	(17202,1240,1966,1000),
	(17203,1240,1899,1100),
	(17204,1240,1965,1200),
	(17205,1240,1890,1300),
	(17206,1240,1891,1400),
	(17207,1240,1892,1500),
	(17208,1240,2077,1600),
	(17209,1240,1958,1700),
	(17210,1240,1959,1800),
	(17211,1240,1960,1900),
	(17212,1240,1875,2000),
	(17231,1242,1867,100),
	(17232,1242,1887,200),
	(17233,1242,1888,300),
	(17234,1242,1965,400),
	(17235,1242,1890,500),
	(17236,1242,1891,600),
	(17237,1242,1892,700),
	(17238,1242,1933,800),
	(17239,1242,1934,900),
	(17240,1242,1935,1000),
	(17241,1242,1936,1100),
	(17242,1242,1937,1200),
	(17243,1242,2286,1300),
	(17244,1242,2144,1400),
	(17245,1242,2145,1500),
	(17246,1242,2146,1600),
	(17247,1242,2147,1700),
	(17248,1242,2148,1800),
	(17249,1242,1984,1900),
	(17282,1245,1941,100),
	(17283,1245,1885,200),
	(17284,1245,1863,300),
	(17285,1245,1864,400),
	(17286,1245,1865,500),
	(17287,1245,1866,600),
	(17288,1245,1867,700),
	(17289,1245,1887,800),
	(17290,1245,1888,900),
	(17291,1245,1922,1000),
	(17292,1245,1890,1100),
	(17293,1245,1891,1200),
	(17294,1245,1892,1300),
	(17295,1245,1933,1400),
	(17296,1245,1934,1500),
	(17297,1245,1935,1600),
	(17298,1245,1936,1700),
	(17299,1245,1937,1800),
	(17314,1247,2083,100),
	(17315,1247,1973,200),
	(17316,1247,2306,300),
	(17317,1247,1962,400),
	(17318,1247,2128,500),
	(17319,1247,1868,600),
	(17320,1247,1940,700),
	(17321,1247,1887,800),
	(17322,1247,1888,900),
	(17323,1247,1922,1000),
	(17324,1247,1890,1100),
	(17325,1247,1891,1200),
	(17326,1247,1892,1300),
	(17327,1247,2077,1400),
	(17328,1247,1958,1500),
	(17329,1247,1959,1600),
	(17330,1247,1960,1700),
	(17331,1247,1961,1800),
	(17366,1250,1939,100),
	(17367,1250,1867,200),
	(17368,1250,1868,300),
	(17369,1250,1869,400),
	(17370,1250,2042,500),
	(17371,1250,1896,600),
	(17372,1250,1890,700),
	(17373,1250,1911,800),
	(17374,1250,2053,900),
	(17375,1250,2077,1000),
	(17376,1250,1958,1100),
	(17377,1250,1959,1200),
	(17378,1250,1960,1300),
	(17379,1250,1961,1400),
	(17394,1252,1941,100),
	(17395,1252,1885,200),
	(17396,1252,1877,300),
	(17397,1252,1864,400),
	(17398,1252,1865,500),
	(17399,1252,1866,600),
	(17400,1252,1867,700),
	(17401,1252,1868,800),
	(17402,1252,1869,900),
	(17403,1252,2071,1000),
	(17404,1252,1896,1100),
	(17405,1252,1890,1200),
	(17406,1252,1911,1300),
	(17407,1252,2053,1400),
	(17408,1252,2077,1500),
	(17409,1252,1958,1600),
	(17410,1252,1959,1700),
	(17411,1252,1960,1800),
	(17412,1252,1961,1900),
	(17413,1253,1941,100),
	(17414,1253,1885,200),
	(17415,1253,1877,300),
	(17416,1253,1864,400),
	(17417,1253,1865,500),
	(17418,1253,1866,600),
	(17419,1253,1867,700),
	(17420,1253,1997,800),
	(17421,1253,2031,900),
	(17422,1253,2032,1000),
	(17423,1253,2087,1100),
	(17424,1253,2293,1200),
	(17425,1254,1939,100),
	(17426,1254,1867,200),
	(17427,1254,1887,300),
	(17428,1254,1888,400),
	(17429,1254,1922,500),
	(17430,1254,1890,600),
	(17431,1254,1891,700),
	(17432,1254,1892,800),
	(17433,1254,2283,900),
	(17434,1254,2284,1000),
	(17435,1254,2307,1100),
	(17436,1254,2308,1200),
	(17437,1254,1936,1300),
	(17438,1255,1875,100),
	(17439,1255,1960,200),
	(17440,1255,1959,300),
	(17441,1255,2166,400),
	(17442,1255,2297,500),
	(17443,1255,2296,600),
	(17444,1255,2295,700),
	(17445,1256,1867,100),
	(17446,1256,1887,200),
	(17447,1256,1888,300),
	(17448,1256,1965,400),
	(17449,1256,1890,500),
	(17450,1256,1891,600),
	(17451,1256,1892,700),
	(17452,1256,2077,800),
	(17453,1256,1958,900),
	(17454,1256,1959,1000),
	(17455,1256,1960,1100),
	(17456,1256,1961,1200),
	(17471,1258,1939,100),
	(17472,1258,1867,200),
	(17473,1258,1997,300),
	(17474,1258,2031,400),
	(17475,1258,2129,500),
	(17476,1258,1896,600),
	(17477,1258,1890,700),
	(17478,1258,1923,800),
	(17493,1260,1961,100),
	(17494,1260,1960,200),
	(17495,1260,2287,300),
	(17496,1260,2288,400),
	(17497,1260,2289,500),
	(17498,1260,2290,600),
	(17499,1260,2310,700),
	(17500,1260,2311,800),
	(17501,1260,2312,900),
	(17502,1261,1961,100),
	(17503,1261,1960,200),
	(17504,1261,2287,300),
	(17505,1261,2288,400),
	(17506,1261,2289,500),
	(17507,1261,2290,600),
	(17508,1261,2310,700),
	(17509,1261,2311,800),
	(17526,1263,1921,100),
	(17527,1263,1992,200),
	(17528,1263,1935,300),
	(17529,1263,1990,400),
	(17530,1263,1991,500),
	(17531,1263,1881,600),
	(17532,1263,1883,700),
	(17533,1263,1954,800),
	(17534,1263,1887,900),
	(17535,1263,1888,1000),
	(17536,1263,1965,1100),
	(17537,1263,1890,1200),
	(17538,1263,1891,1300),
	(17539,1263,1892,1400),
	(17540,1263,1957,1500),
	(17541,1263,1958,1600),
	(17542,1263,1959,1700),
	(17543,1263,1960,1800),
	(17544,1263,1875,1900),
	(17563,1265,1961,100),
	(17564,1265,1960,200),
	(17565,1265,2287,300),
	(17566,1265,2288,400),
	(17567,1265,2297,500),
	(17568,1265,2315,600),
	(17569,1265,1934,700),
	(17570,1265,1935,800),
	(17571,1265,1936,900),
	(17572,1265,1937,1000),
	(17573,1265,2286,1100),
	(17574,1265,2143,1200),
	(17575,1265,1980,1300),
	(17576,1266,1921,100),
	(17577,1266,1862,200),
	(17578,1266,1863,300),
	(17579,1266,1864,400),
	(17580,1266,1865,500),
	(17581,1266,1866,600),
	(17582,1266,1867,700),
	(17583,1266,1868,800),
	(17584,1266,1869,900),
	(17585,1266,1870,1000),
	(17586,1266,1871,1100),
	(17587,1266,1872,1200),
	(17588,1266,2316,1300),
	(17589,1266,2317,1400),
	(17590,1267,1872,100),
	(17591,1267,2318,200),
	(17592,1267,2319,300),
	(17593,1268,1941,100),
	(17594,1268,1862,200),
	(17595,1268,1863,300),
	(17596,1268,1864,400),
	(17597,1268,1865,500),
	(17598,1268,1866,600),
	(17599,1268,1867,700),
	(17600,1268,1868,800),
	(17601,1268,1869,900),
	(17602,1268,2108,1000),
	(17603,1268,1896,1100),
	(17604,1268,1895,1200),
	(17605,1268,1894,1300),
	(17606,1268,2302,1400),
	(17607,1269,1941,100),
	(17608,1269,1885,200),
	(17609,1269,1877,300),
	(17610,1269,1864,400),
	(17611,1269,1865,500),
	(17612,1269,1866,600),
	(17613,1269,1867,700),
	(17614,1269,1868,800),
	(17615,1269,2320,900),
	(17616,1269,1869,1000),
	(17617,1269,2321,1100),
	(17618,1269,1895,1200),
	(17619,1269,1894,1300),
	(17620,1270,1941,100),
	(17621,1270,1885,200),
	(17622,1270,1863,300),
	(17623,1270,1864,400),
	(17624,1270,1865,500),
	(17625,1270,1866,600),
	(17626,1270,1867,700),
	(17627,1270,1997,800),
	(17628,1270,2031,900),
	(17629,1270,1869,1000),
	(17630,1270,1896,1100),
	(17631,1270,1895,1200),
	(17632,1270,1894,1300),
	(17633,1270,1890,1400),
	(17634,1270,1911,1500),
	(17635,1271,2319,100),
	(17636,1271,2318,200),
	(17637,1271,1872,300),
	(17638,1271,1873,400),
	(17639,1271,1874,500),
	(17640,1271,1875,600),
	(17641,1271,2136,700),
	(17642,1271,2137,800),
	(17643,1271,2138,900),
	(17644,1271,2322,1000),
	(17645,1271,2323,1100),
	(17646,1271,2324,1200),
	(17647,1272,1921,100),
	(17648,1272,1862,200),
	(17649,1272,1863,300),
	(17650,1272,1864,400),
	(17651,1272,1865,500),
	(17652,1272,1866,600),
	(17653,1272,1867,700),
	(17654,1272,1868,800),
	(17655,1272,1869,900),
	(17656,1272,1870,1000),
	(17657,1272,1871,1100),
	(17658,1272,1872,1200),
	(17659,1272,2318,1300),
	(17660,1272,2319,1400),
	(17661,1273,1941,100),
	(17662,1273,1862,200),
	(17663,1273,1863,300),
	(17664,1273,1864,400),
	(17665,1273,1865,500),
	(17666,1273,1866,600),
	(17667,1273,1867,700),
	(17668,1273,1868,800),
	(17669,1273,1869,900),
	(17670,1273,1870,1000),
	(17671,1273,1871,1100),
	(17672,1273,1872,1200),
	(17673,1273,1873,1300),
	(17674,1273,2300,1400),
	(17675,1273,2301,1500),
	(17676,1274,1872,100),
	(17677,1274,1873,200),
	(17678,1274,2116,300),
	(17679,1274,2115,400),
	(17680,1275,1921,100),
	(17681,1275,1885,200),
	(17682,1275,1877,300),
	(17683,1275,1864,400),
	(17684,1275,1865,500),
	(17685,1275,1866,600),
	(17686,1275,1867,700),
	(17687,1275,1940,800),
	(17688,1275,1868,900),
	(17689,1275,1869,1000),
	(17690,1275,1870,1100),
	(17691,1275,1871,1200),
	(17692,1275,1872,1300),
	(17693,1275,1873,1400),
	(17694,1275,2116,1500),
	(17695,1275,2115,1600),
	(17696,1276,2319,100),
	(17697,1276,2318,200),
	(17698,1276,1872,300),
	(17699,1276,1873,400),
	(17700,1276,1874,500),
	(17701,1276,1875,600),
	(17702,1276,2117,700),
	(17703,1276,2118,800),
	(17704,1276,2119,900),
	(17705,1276,2120,1000),
	(17706,1276,2121,1100),
	(17707,1276,2122,1200),
	(17708,1276,2123,1300),
	(17709,1277,2083,100),
	(17710,1277,1972,200),
	(17711,1277,1971,300),
	(17712,1277,2090,400),
	(17713,1277,2091,500),
	(17714,1277,2161,600),
	(17715,1277,2162,700),
	(17716,1277,2174,800),
	(17717,1277,2325,900),
	(17718,1277,2326,1000),
	(17719,1277,2327,1100),
	(17720,1277,2328,1200),
	(17721,1277,2329,1300),
	(17722,1277,2330,1400),
	(17723,1278,2083,100),
	(17724,1278,2278,200),
	(17725,1278,2090,300),
	(17726,1278,2091,400),
	(17727,1278,2161,500),
	(17728,1278,2162,600),
	(17729,1278,2163,700),
	(17730,1278,2164,800),
	(17731,1278,2331,900),
	(17732,1278,2332,1000),
	(17733,1279,1971,100),
	(17734,1279,2090,200),
	(17735,1279,2091,300),
	(17736,1279,2161,400),
	(17737,1279,2162,500),
	(17738,1279,2163,600),
	(17739,1279,2164,700),
	(17740,1279,2331,800),
	(17741,1279,2333,900),
	(17742,1279,2334,1000),
	(17743,1279,2335,1100),
	(17744,1279,2336,1200),
	(17745,1280,1921,100),
	(17746,1280,1885,200),
	(17747,1280,2078,300),
	(17748,1280,2079,400),
	(17749,1280,2080,500),
	(17750,1280,2081,600),
	(17751,1280,2082,700),
	(17752,1280,2090,800),
	(17753,1280,2091,900),
	(17754,1280,2161,1000),
	(17755,1280,2162,1100),
	(17756,1280,2163,1200),
	(17757,1280,2164,1300),
	(17758,1281,1921,100),
	(17759,1281,1885,200),
	(17760,1281,2078,300),
	(17761,1281,2079,400),
	(17762,1281,2080,500),
	(17763,1281,2081,600),
	(17764,1281,2082,700),
	(17765,1281,2090,800),
	(17766,1281,2091,900),
	(17767,1281,2161,1000),
	(17768,1281,2162,1100),
	(17769,1281,2163,1200),
	(17770,1281,2104,1300),
	(17771,1281,2337,1400),
	(17772,1282,1921,100),
	(17773,1282,1885,200),
	(17774,1282,2078,300),
	(17775,1282,2079,400),
	(17776,1282,2080,500),
	(17777,1282,2081,600),
	(17778,1282,2082,700),
	(17779,1282,2090,800),
	(17780,1282,2091,900),
	(17781,1282,2161,1000),
	(17782,1282,2162,1100),
	(17783,1282,2163,1200),
	(17784,1282,2104,1300),
	(17785,1283,1921,100),
	(17786,1283,1885,200),
	(17787,1283,2078,300),
	(17788,1283,2079,400),
	(17789,1283,2080,500),
	(17790,1283,2081,600),
	(17791,1283,2082,700),
	(17792,1283,2090,800),
	(17793,1283,2091,900),
	(17794,1283,2161,1000),
	(17795,1283,2162,1100),
	(17796,1283,2163,1200),
	(17797,1283,2104,1300),
	(17798,1284,1921,100),
	(17799,1284,1885,200),
	(17800,1284,2078,300),
	(17801,1284,2079,400),
	(17802,1284,2080,500),
	(17803,1284,2081,600),
	(17804,1284,2082,700),
	(17805,1284,2090,800),
	(17806,1284,2091,900),
	(17807,1284,2161,1000),
	(17808,1284,2162,1100),
	(17809,1284,2163,1200),
	(17810,1284,2164,1300),
	(17811,1285,1941,100),
	(17812,1285,1862,200),
	(17813,1285,1863,300),
	(17814,1285,1864,400),
	(17815,1285,1865,500),
	(17816,1285,1866,600),
	(17817,1285,1867,700),
	(17818,1285,1868,800),
	(17819,1285,2133,900),
	(17820,1285,2107,1000),
	(17821,1285,2097,1100),
	(17822,1285,2047,1200),
	(17823,1285,2048,1300),
	(17824,1285,2163,1400),
	(17825,1285,2164,1500),
	(17826,1286,2164,100),
	(17827,1286,2331,200),
	(17828,1286,2338,300),
	(17829,1286,2339,400),
	(17830,1286,2340,500),
	(17831,1286,2341,600),
	(17832,1286,2342,700),
	(17833,1286,2343,800),
	(17834,1286,2344,900),
	(17835,1286,2345,1000),
	(17836,1287,1867,100),
	(17837,1287,1868,200),
	(17838,1287,2133,300),
	(17839,1287,2107,400),
	(17840,1287,2346,500),
	(17841,1287,2347,600),
	(17842,1287,2348,700),
	(17843,1287,2185,800),
	(17844,1287,2102,900),
	(17845,1287,2047,1000),
	(17846,1288,2164,100),
	(17847,1288,2349,200),
	(17848,1288,2350,300),
	(17849,1288,2092,400),
	(17850,1288,2351,500),
	(17851,1288,2330,600),
	(17852,1289,1867,100),
	(17853,1289,1868,200),
	(17854,1289,2133,300),
	(17855,1289,2107,400),
	(17856,1289,2097,500),
	(17857,1289,2047,600),
	(17858,1289,2048,700),
	(17859,1289,2163,800),
	(17860,1289,2164,900),
	(17861,1289,2331,1000),
	(17862,1289,2332,1100),
	(17863,1290,1939,100),
	(17864,1290,1867,200),
	(17865,1290,1868,300),
	(17866,1290,2133,400),
	(17867,1290,2107,500),
	(17868,1290,2096,600),
	(17869,1290,2047,700),
	(17870,1290,2102,800),
	(17871,1290,2103,900),
	(17872,1290,2104,1000),
	(17873,1290,2163,1100),
	(17874,1290,2164,1200),
	(17875,1291,2164,100),
	(17876,1291,2331,200),
	(17877,1291,2338,300),
	(17878,1291,2339,400),
	(17879,1291,2340,500),
	(17880,1291,2341,600),
	(17881,1291,2352,700),
	(17882,1291,2353,800),
	(17883,1291,2354,900),
	(17884,1291,2355,1000),
	(17885,1291,2356,1100),
	(17886,1292,1880,100),
	(17887,1292,1881,200),
	(17888,1292,1883,300),
	(17889,1292,1954,400),
	(17890,1292,1868,500),
	(17891,1292,2133,600),
	(17892,1292,2107,700),
	(17893,1292,2184,800),
	(17894,1292,2047,900),
	(17895,1292,2048,1000),
	(17896,1292,2163,1100),
	(17897,1292,2164,1200),
	(17928,1295,1941,100),
	(17929,1295,1885,200),
	(17930,1295,1877,300),
	(17931,1295,1864,400),
	(17932,1295,1865,500),
	(17933,1295,1866,600),
	(17934,1295,1867,700),
	(17935,1295,1868,800),
	(17936,1295,2133,900),
	(17937,1295,2107,1000),
	(17938,1295,2097,1100),
	(17939,1295,2047,1200),
	(17940,1295,2102,1300),
	(17941,1295,2103,1400),
	(17942,1295,2104,1500),
	(17958,1297,1971,100),
	(17959,1297,1972,200),
	(17960,1297,1973,300),
	(17961,1297,1948,400),
	(17962,1297,2045,500),
	(17963,1297,2105,600),
	(17964,1297,2106,700),
	(17965,1297,2107,800),
	(17966,1297,2096,900),
	(17967,1297,2184,1000),
	(17968,1297,2358,1100),
	(17969,1297,2102,1200),
	(17970,1298,1939,100),
	(17971,1298,1867,200),
	(17972,1298,2149,300),
	(17973,1298,2133,400),
	(17974,1298,2107,500),
	(17975,1298,2097,600),
	(17976,1298,2047,700),
	(17977,1298,2048,800),
	(17978,1298,2163,900),
	(17979,1298,2164,1000),
	(17980,1298,2331,1100),
	(17981,1298,2338,1200),
	(17982,1298,2339,1300),
	(17983,1299,1941,100),
	(17984,1299,1862,200),
	(17985,1299,1863,300),
	(17986,1299,1864,400),
	(17987,1299,1865,500),
	(17988,1299,1866,600),
	(17989,1299,1867,700),
	(17990,1299,1868,800),
	(17991,1299,2133,900),
	(17992,1299,2107,1000),
	(17993,1299,2097,1100),
	(17994,1299,2047,1200),
	(17995,1299,2048,1300),
	(17996,1299,2163,1400),
	(17997,1299,2164,1500),
	(17998,1299,2331,1600),
	(17999,1299,2338,1700),
	(18000,1299,2339,1800),
	(18001,1299,2359,1900),
	(18002,1300,1867,100),
	(18003,1300,1868,200),
	(18004,1300,2133,300),
	(18005,1300,2107,400),
	(18006,1300,2097,500),
	(18007,1300,2047,600),
	(18008,1300,2048,700),
	(18009,1300,2163,800),
	(18010,1300,2164,900),
	(18011,1301,1941,100),
	(18012,1301,1862,200),
	(18013,1301,1863,300),
	(18014,1301,1864,400),
	(18015,1301,1865,500),
	(18016,1301,1866,600),
	(18017,1301,1867,700),
	(18018,1301,1868,800),
	(18019,1301,2133,900),
	(18020,1301,2107,1000),
	(18021,1301,2097,1100),
	(18022,1301,2047,1200),
	(18023,1301,2048,1300),
	(18024,1301,2163,1400),
	(18025,1301,2164,1500),
	(18026,1301,2331,1600),
	(18027,1301,2338,1700),
	(18028,1301,2339,1800),
	(18071,1305,1988,100),
	(18072,1305,1920,200),
	(18073,1305,1881,300),
	(18074,1305,1883,400),
	(18075,1305,1954,500),
	(18076,1305,1868,600),
	(18077,1305,2154,700),
	(18078,1305,2107,800),
	(18079,1305,2184,900),
	(18080,1305,2047,1000),
	(18081,1305,2048,1100),
	(18082,1305,2163,1200),
	(18083,1305,2164,1300),
	(18084,1305,2331,1400),
	(18085,1305,2360,1500),
	(18086,1306,1941,100),
	(18087,1306,1862,200),
	(18088,1306,1863,300),
	(18089,1306,1864,400),
	(18090,1306,1865,500),
	(18091,1306,1866,600),
	(18092,1306,1867,700),
	(18093,1306,1868,800),
	(18094,1306,2133,900),
	(18095,1306,2107,1000),
	(18096,1306,2184,1100),
	(18097,1306,2047,1200),
	(18098,1306,2048,1300),
	(18099,1306,2163,1400),
	(18100,1306,2164,1500),
	(18101,1306,2331,1600),
	(18102,1306,2333,1700),
	(18103,1307,1939,100),
	(18104,1307,1867,200),
	(18105,1307,1868,300),
	(18106,1307,2133,400),
	(18107,1307,2107,500),
	(18108,1307,2184,600),
	(18109,1307,2047,700),
	(18110,1307,2048,800),
	(18111,1307,2163,900),
	(18112,1307,2164,1000),
	(18113,1307,2331,1100),
	(18114,1307,2333,1200),
	(18115,1308,1941,100),
	(18116,1308,1862,200),
	(18117,1308,1863,300),
	(18118,1308,1864,400),
	(18119,1308,1865,500),
	(18120,1308,1866,600),
	(18121,1308,1867,700),
	(18122,1308,1868,800),
	(18123,1308,2133,900),
	(18124,1308,2107,1000),
	(18125,1308,2184,1100),
	(18126,1308,2047,1200),
	(18127,1308,2048,1300),
	(18128,1308,2163,1400),
	(18129,1308,2164,1500),
	(18130,1308,2331,1600),
	(18131,1308,2338,1700),
	(18132,1308,2339,1800),
	(18133,1308,2340,1900),
	(18134,1308,2361,2000),
	(18135,1309,1875,100),
	(18136,1309,2136,200),
	(18137,1309,2137,300),
	(18138,1309,2138,400),
	(18139,1309,2322,500),
	(18140,1309,2362,600),
	(18141,1310,1875,100),
	(18142,1310,2117,200),
	(18143,1310,2118,300),
	(18144,1310,2363,400),
	(18145,1310,2364,500),
	(18146,1310,2365,600),
	(18147,1310,2366,700),
	(18148,1310,2367,800),
	(18149,1310,2368,900),
	(18150,1310,2369,1000),
	(18151,1310,2370,1100),
	(18152,1311,1875,100),
	(18153,1311,2117,200),
	(18154,1311,2118,300),
	(18155,1311,2363,400),
	(18156,1311,2364,500),
	(18157,1311,2365,600),
	(18158,1311,2366,700),
	(18159,1311,2367,800),
	(18160,1311,2371,900),
	(18161,1312,1875,100),
	(18162,1312,2136,200),
	(18163,1312,2137,300),
	(18164,1312,2138,400),
	(18165,1312,2322,500),
	(18166,1313,2372,100),
	(18167,1313,1875,200),
	(18168,1313,2117,300),
	(18169,1313,2118,400),
	(18170,1313,2119,500),
	(18171,1313,2373,600),
	(18172,1313,2374,700),
	(18173,1313,2375,800),
	(18174,1313,2367,900),
	(18175,1313,2368,1000),
	(18176,1313,2376,1100),
	(18177,1313,2377,1200),
	(18178,1314,1921,100),
	(18179,1314,1862,200),
	(18180,1314,1863,300),
	(18181,1314,1864,400),
	(18182,1314,1865,500),
	(18183,1314,1866,600),
	(18184,1314,1867,700),
	(18185,1314,1868,800),
	(18186,1314,1869,900),
	(18187,1314,1870,1000),
	(18188,1314,1871,1100),
	(18189,1314,1872,1200),
	(18190,1314,2378,1300),
	(18191,1314,2379,1400),
	(18192,1314,2380,1500),
	(18193,1314,2381,1600),
	(18194,1314,2110,1700),
	(18195,1315,1875,100),
	(18196,1315,2109,200),
	(18197,1315,2108,300),
	(18198,1315,2382,400),
	(18199,1315,2108,500),
	(18200,1315,2110,600),
	(18201,1316,1921,100),
	(18202,1316,1861,200),
	(18203,1316,1860,300),
	(18204,1316,1859,400),
	(18205,1316,1858,500),
	(18206,1316,1919,600),
	(18207,1316,1918,700),
	(18208,1316,1917,800),
	(18209,1316,1916,900),
	(18210,1316,1915,1000),
	(18211,1316,1914,1100),
	(18212,1316,1913,1200),
	(18213,1316,1912,1300),
	(18214,1317,1912,100),
	(18215,1317,1924,200),
	(18216,1317,1925,300),
	(18217,1317,1855,400),
	(18218,1317,1876,500),
	(18219,1317,1857,600),
	(18220,1317,1942,700),
	(18221,1317,1859,800),
	(18222,1317,1860,900),
	(18223,1317,1861,1000),
	(18224,1317,1885,1100),
	(18225,1317,2078,1200),
	(18226,1317,2079,1300),
	(18227,1317,2080,1400),
	(18228,1317,2081,1500),
	(18229,1317,2082,1600),
	(18230,1317,1972,1700),
	(18231,1317,1971,1800),
	(18232,1318,1921,100),
	(18233,1318,1861,200),
	(18234,1318,1860,300),
	(18235,1318,1944,400),
	(18236,1318,1943,500),
	(18237,1318,1942,600),
	(18238,1318,1857,700),
	(18239,1318,1856,800),
	(18240,1318,1855,900),
	(18241,1318,1925,1000),
	(18242,1318,2207,1100),
	(18243,1318,2383,1200),
	(18244,1319,1941,100),
	(18245,1319,2229,200),
	(18246,1319,2384,300),
	(18247,1319,1859,400),
	(18248,1319,1942,500),
	(18249,1319,1857,600),
	(18250,1319,1876,700),
	(18251,1319,1855,800),
	(18252,1319,2068,900),
	(18253,1320,1921,100),
	(18254,1320,1861,200),
	(18255,1320,1860,300),
	(18256,1320,1944,400),
	(18257,1320,1943,500),
	(18258,1320,1942,600),
	(18259,1320,1857,700),
	(18260,1320,1876,800),
	(18261,1320,1855,900),
	(18262,1320,1925,1000),
	(18263,1320,2207,1100),
	(18264,1320,2208,1200),
	(18265,1320,2209,1300),
	(18266,1320,2210,1400),
	(18267,1320,2385,1500),
	(18268,1320,2386,1600),
	(18269,1320,2387,1700),
	(18270,1320,2388,1800),
	(18271,1320,2389,1900),
	(18272,1321,1921,100),
	(18273,1321,1861,200),
	(18274,1321,1860,300),
	(18275,1321,1859,400),
	(18276,1321,1942,500),
	(18277,1321,1857,600),
	(18278,1321,2267,700),
	(18279,1321,2268,800),
	(18280,1321,2269,900),
	(18281,1321,2270,1000),
	(18282,1322,1989,100),
	(18283,1322,1857,200),
	(18284,1322,1856,300),
	(18285,1322,1855,400),
	(18286,1322,1925,500),
	(18287,1322,2207,600),
	(18288,1322,2208,700),
	(18289,1322,2209,800),
	(18290,1322,2390,900),
	(18291,1322,2391,1000),
	(18292,1322,2241,1100),
	(18293,1322,2392,1200),
	(18294,1322,2239,1300),
	(18295,1322,2393,1400),
	(18296,1322,2394,1500),
	(18297,1323,2251,100),
	(18298,1323,2224,200),
	(18299,1323,2223,300),
	(18300,1323,2280,400),
	(18301,1323,2269,500),
	(18302,1323,2208,600),
	(18303,1323,2207,700),
	(18304,1323,1925,800),
	(18305,1323,1855,900),
	(18306,1323,1856,1000),
	(18307,1323,1857,1100),
	(18308,1323,1942,1200),
	(18309,1323,1943,1300),
	(18310,1323,1944,1400),
	(18326,1325,2083,100),
	(18327,1325,2082,200),
	(18328,1325,2081,300),
	(18329,1325,2080,400),
	(18330,1325,2079,500),
	(18331,1325,2078,600),
	(18332,1325,1885,700),
	(18333,1325,1861,800),
	(18334,1325,1860,900),
	(18335,1325,1859,1000),
	(18336,1325,1942,1100),
	(18337,1325,1857,1200),
	(18338,1325,2395,1300),
	(18339,1326,1989,100),
	(18340,1326,1857,200),
	(18341,1326,1856,300),
	(18342,1326,1855,400),
	(18343,1326,1925,500),
	(18344,1326,2207,600),
	(18345,1326,2208,700),
	(18346,1326,2209,800),
	(18347,1326,2210,900),
	(18348,1326,2385,1000),
	(18349,1326,2386,1100),
	(18350,1326,2387,1200),
	(18351,1326,2388,1300),
	(18352,1326,2389,1400),
	(18353,1327,1921,100),
	(18354,1327,1861,200),
	(18355,1327,1860,300),
	(18356,1327,1859,400),
	(18357,1327,1942,500),
	(18358,1327,1857,600),
	(18359,1327,2267,700),
	(18360,1327,2268,800),
	(18361,1327,2269,900),
	(18362,1327,2270,1000),
	(18363,1328,1921,100),
	(18364,1328,2229,200),
	(18365,1328,2384,300),
	(18366,1328,1859,400),
	(18367,1328,1942,500),
	(18368,1328,1857,600),
	(18369,1328,1856,700),
	(18370,1328,1855,800),
	(18371,1329,1944,100),
	(18372,1329,1943,200),
	(18373,1329,1942,300),
	(18374,1329,1857,400),
	(18375,1329,1856,500),
	(18376,1329,1855,600),
	(18377,1329,1916,700),
	(18378,1329,1915,800),
	(18379,1329,1914,900),
	(18380,1329,1913,1000),
	(18381,1329,1912,1100),
	(18382,1330,1944,100),
	(18383,1330,1943,200),
	(18384,1330,1942,300),
	(18385,1330,1857,400),
	(18386,1330,1856,500),
	(18387,1330,1855,600),
	(18388,1330,1925,700),
	(18389,1330,2207,800),
	(18390,1330,2208,900),
	(18391,1330,2209,1000),
	(18392,1330,2210,1100),
	(18393,1330,2396,1200),
	(18394,1330,2397,1300),
	(18395,1331,1941,100),
	(18396,1331,1861,200),
	(18397,1331,1860,300),
	(18398,1331,1859,400),
	(18399,1331,1942,500),
	(18400,1331,1857,600),
	(18401,1331,2267,700),
	(18402,1331,2268,800),
	(18403,1331,2269,900),
	(18404,1331,2280,1000),
	(18405,1331,2238,1100),
	(18406,1332,1944,100),
	(18407,1332,1931,200),
	(18408,1332,2235,300),
	(18409,1332,2018,400),
	(18410,1332,2237,500),
	(18411,1332,2398,600),
	(18412,1332,2399,700),
	(18413,1332,2400,800),
	(18414,1332,2394,900),
	(18415,1333,2394,100),
	(18416,1333,2401,200),
	(18417,1333,2402,300),
	(18418,1333,2309,400),
	(18419,1333,2403,500),
	(18420,1333,2404,600),
	(18421,1333,2405,700),
	(18422,1333,2244,800),
	(18423,1333,2245,900),
	(18424,1333,2246,1000),
	(18425,1333,2247,1100),
	(18426,1334,1941,100),
	(18427,1334,1861,200),
	(18428,1334,1860,300),
	(18429,1334,1944,400),
	(18430,1334,1931,500),
	(18431,1334,2235,600),
	(18432,1334,2018,700),
	(18433,1334,2237,800),
	(18434,1334,2398,900),
	(18435,1334,2399,1000),
	(18436,1334,2400,1100),
	(18437,1334,2394,1200),
	(18438,1334,2406,1300),
	(18439,1334,1887,1400),
	(18440,1334,2407,1500),
	(18441,1334,2084,1600),
	(18442,1334,2408,1700),
	(18443,1335,1921,100),
	(18444,1335,1861,200),
	(18445,1335,1860,300),
	(18446,1335,1944,400),
	(18447,1335,1931,500),
	(18448,1335,2235,600),
	(18449,1335,2018,700),
	(18450,1335,2237,800),
	(18451,1335,2398,900),
	(18452,1335,2399,1000),
	(18453,1335,2400,1100),
	(18454,1335,2394,1200),
	(18455,1335,2401,1300),
	(18456,1335,2402,1400),
	(18457,1335,2409,1500),
	(18458,1335,2410,1600),
	(18459,1336,1921,100),
	(18460,1336,1861,200),
	(18461,1336,1860,300),
	(18462,1336,1944,400),
	(18463,1336,1931,500),
	(18464,1336,2235,600),
	(18465,1336,2018,700),
	(18482,1338,1921,100),
	(18483,1338,1861,200),
	(18484,1338,1860,300),
	(18485,1338,1944,400),
	(18486,1338,1931,500),
	(18487,1338,2235,600),
	(18488,1338,2018,700),
	(18489,1338,2237,800),
	(18490,1338,2398,900),
	(18491,1338,2399,1000),
	(18492,1338,2400,1100),
	(18493,1338,2394,1200),
	(18494,1338,2401,1300),
	(18495,1338,2402,1400),
	(18496,1338,2411,1500),
	(18497,1338,2412,1600),
	(18498,1338,2413,1700),
	(18499,1338,2090,1800),
	(18500,1338,2414,1900),
	(18501,1338,2109,2000),
	(18502,1338,2415,2100),
	(18503,1339,1921,100),
	(18504,1339,1861,200),
	(18505,1339,1860,300),
	(18506,1339,1944,400),
	(18507,1339,1931,500),
	(18508,1339,2235,600),
	(18509,1339,2018,700),
	(18510,1339,2237,800),
	(18511,1339,2398,900),
	(18512,1339,2399,1000),
	(18513,1339,2400,1100),
	(18514,1339,2394,1200),
	(18515,1339,2401,1300),
	(18516,1339,2402,1400),
	(18517,1339,2409,1500),
	(18518,1339,2410,1600),
	(18519,1339,2416,1700),
	(18520,1340,1921,100),
	(18521,1340,1861,200),
	(18522,1340,1860,300),
	(18523,1340,1944,400),
	(18524,1340,1931,500),
	(18525,1340,2235,600),
	(18526,1340,2018,700),
	(18527,1340,2237,800),
	(18528,1340,2398,900),
	(18529,1340,2399,1000),
	(18530,1340,2400,1100),
	(18531,1340,2394,1200),
	(18532,1340,2401,1300),
	(18533,1341,1944,100),
	(18534,1341,1931,200),
	(18535,1341,2235,300),
	(18536,1341,2018,400),
	(18537,1341,2237,500),
	(18538,1341,2398,600),
	(18539,1341,2399,700),
	(18540,1341,2400,800),
	(18541,1341,2394,900),
	(18542,1341,2401,1000),
	(18543,1341,2417,1100),
	(18544,1341,2418,1200),
	(18545,1342,1921,100),
	(18546,1342,1861,200),
	(18547,1342,1860,300),
	(18548,1342,1944,400),
	(18549,1342,1931,500),
	(18550,1342,2235,600),
	(18551,1342,2018,700),
	(18552,1342,2237,800),
	(18553,1342,2398,900),
	(18554,1342,2399,1000),
	(18555,1342,2400,1100),
	(18556,1342,2394,1200),
	(18557,1342,2401,1300),
	(18558,1342,2402,1400),
	(18559,1342,2409,1500),
	(18560,1342,2410,1600),
	(18577,1344,2394,100),
	(18578,1344,2401,200),
	(18579,1344,2402,300),
	(18580,1344,2309,400),
	(18581,1344,2403,500),
	(18582,1344,2404,600),
	(18583,1344,2405,700),
	(18584,1344,2244,800),
	(18585,1344,2245,900),
	(18586,1344,2419,1000),
	(18587,1344,2397,1100),
	(18588,1345,1921,100),
	(18589,1345,1861,200),
	(18590,1345,1860,300),
	(18591,1345,1944,400),
	(18592,1345,1931,500),
	(18593,1345,2235,600),
	(18594,1345,2018,700),
	(18595,1345,2237,800),
	(18596,1345,2398,900),
	(18597,1345,2399,1000),
	(18598,1345,2400,1100),
	(18599,1345,2394,1200),
	(18600,1345,2406,1300),
	(18601,1345,1887,1400),
	(18602,1345,2407,1500),
	(18603,1345,2084,1600),
	(18604,1345,2408,1700),
	(18605,1345,2262,1800),
	(18606,1345,2420,1900),
	(18607,1346,1944,100),
	(18608,1346,1931,200),
	(18609,1346,2235,300),
	(18610,1346,2018,400),
	(18611,1346,2237,500),
	(18612,1346,2398,600),
	(18613,1346,2399,700),
	(18614,1346,2400,800),
	(18615,1346,2394,900),
	(18616,1346,2421,1000),
	(18617,1346,2422,1100),
	(18618,1346,2405,1200),
	(18619,1346,2244,1300),
	(18620,1346,2414,1400),
	(18621,1346,2415,1500),
	(18622,1347,2394,100),
	(18623,1347,2421,200),
	(18624,1347,2422,300),
	(18625,1347,2405,400),
	(18626,1347,2244,500),
	(18627,1347,2414,600),
	(18628,1347,2415,700),
	(18629,1348,1944,100),
	(18630,1348,1931,200),
	(18631,1348,2235,300),
	(18632,1348,2018,400),
	(18633,1348,2237,500),
	(18634,1348,2398,600),
	(18635,1348,2399,700),
	(18636,1348,2400,800),
	(18637,1348,2394,900),
	(18638,1348,2423,1000),
	(18639,1348,2424,1100),
	(18640,1348,2406,1200),
	(18641,1348,2425,1300),
	(18642,1348,2426,1400),
	(18643,1348,2427,1500),
	(18644,1348,2428,1600),
	(18645,1349,1921,100),
	(18646,1349,1861,200),
	(18647,1349,1860,300),
	(18648,1349,1944,400),
	(18649,1349,1931,500),
	(18650,1349,2235,600),
	(18651,1349,2018,700),
	(18652,1349,2237,800),
	(18653,1349,2398,900),
	(18654,1349,2399,1000),
	(18655,1349,2400,1100),
	(18656,1349,2394,1200),
	(18657,1349,2401,1300),
	(18658,1349,2402,1400),
	(18659,1349,2409,1500),
	(18660,1349,2410,1600),
	(18661,1350,1944,100),
	(18662,1350,1931,200),
	(18663,1350,2235,300),
	(18664,1350,2018,400),
	(18665,1350,2237,500),
	(18666,1350,2398,600),
	(18667,1350,2399,700),
	(18668,1350,2400,800),
	(18669,1350,2394,900),
	(18670,1350,2401,1000),
	(18671,1350,2402,1100),
	(18672,1350,2409,1200),
	(18673,1350,2410,1300),
	(18674,1350,1927,1400),
	(18675,1350,2429,1500),
	(18676,1350,2430,1600),
	(18677,1350,2431,1700),
	(18678,1351,1944,100),
	(18679,1351,1931,200),
	(18680,1351,2235,300),
	(18681,1351,2018,400),
	(18682,1351,2237,500),
	(18683,1351,2398,600),
	(18684,1351,2399,700),
	(18685,1351,2400,800),
	(18686,1351,2394,900),
	(18687,1351,2401,1000),
	(18688,1351,2402,1100),
	(18689,1351,2409,1200),
	(18690,1351,2410,1300),
	(18691,1351,1927,1400),
	(18692,1351,2429,1500),
	(18693,1351,2430,1600),
	(18694,1351,2431,1700),
	(18695,1352,1921,100),
	(18696,1352,1861,200),
	(18697,1352,1860,300),
	(18698,1352,1944,400),
	(18699,1352,1931,500),
	(18700,1352,2235,600),
	(18701,1352,2018,700),
	(18702,1352,2224,800),
	(18703,1352,2237,900),
	(18704,1352,2238,1000),
	(18705,1352,2239,1100),
	(18706,1352,2393,1200),
	(18707,1352,2394,1300),
	(18708,1353,2394,100),
	(18709,1353,2401,200),
	(18710,1353,2402,300),
	(18711,1353,2409,400),
	(18712,1353,2403,500),
	(18713,1353,2404,600),
	(18714,1353,2405,700),
	(18715,1353,2244,800),
	(18716,1353,2414,900),
	(18717,1353,2415,1000),
	(18718,1354,1944,100),
	(18719,1354,1930,200),
	(18720,1354,2022,300),
	(18721,1354,2215,400),
	(18722,1354,2079,500),
	(18723,1354,2080,600),
	(18724,1354,2081,700),
	(18725,1354,2082,800),
	(18726,1354,2090,900),
	(18727,1354,2091,1000),
	(18728,1354,2161,1100),
	(18729,1354,2162,1200),
	(18730,1354,2174,1300),
	(18731,1355,2264,100),
	(18732,1355,1942,200),
	(18733,1355,1943,300),
	(18734,1355,1944,400),
	(18735,1355,1930,500),
	(18736,1355,2022,600),
	(18737,1355,2215,700),
	(18738,1355,2079,800),
	(18739,1355,2080,900),
	(18740,1355,2081,1000),
	(18741,1355,2082,1100),
	(18742,1355,1972,1200),
	(18743,1355,2067,1300),
	(18744,1355,2045,1400),
	(18745,1355,1948,1500),
	(18746,1356,1872,100),
	(18747,1356,2318,200),
	(18748,1356,2432,300),
	(18749,1357,1941,100),
	(18750,1357,1992,200),
	(18751,1357,1993,300),
	(18752,1357,1990,400),
	(18753,1357,1991,500),
	(18754,1357,1881,600),
	(18755,1357,1883,700),
	(18756,1357,1954,800),
	(18757,1357,1868,900),
	(18758,1357,1869,1000),
	(18759,1357,1870,1100),
	(18760,1357,1871,1200),
	(18761,1357,1872,1300),
	(18762,1357,2318,1400),
	(18763,1357,2432,1500),
	(18764,1357,2209,1600),
	(18765,1357,2433,1700),
	(18766,1358,1921,100),
	(18767,1358,1885,200),
	(18768,1358,1877,300),
	(18769,1358,1864,400),
	(18770,1358,1865,500),
	(18771,1358,1866,600),
	(18772,1358,1867,700),
	(18773,1358,1868,800),
	(18774,1358,1869,900),
	(18775,1358,1870,1000),
	(18776,1358,1871,1100),
	(18777,1358,1872,1200),
	(18778,1358,2318,1300),
	(18779,1358,2434,1400),
	(18780,1358,2435,1500),
	(18781,1359,1941,100),
	(18782,1359,1885,200),
	(18783,1359,1877,300),
	(18784,1359,1864,400),
	(18785,1359,1865,500),
	(18786,1359,1866,600),
	(18787,1359,1867,700),
	(18788,1359,1940,800),
	(18789,1359,1868,900),
	(18790,1359,1869,1000),
	(18791,1359,1870,1100),
	(18792,1359,1871,1200),
	(18793,1359,1872,1300),
	(18794,1359,2318,1400),
	(18795,1359,2436,1500),
	(18796,1360,1921,100),
	(18797,1360,1862,200),
	(18798,1360,1863,300),
	(18799,1360,1864,400),
	(18800,1360,1865,500),
	(18801,1360,1866,600),
	(18802,1360,1867,700),
	(18803,1360,1868,800),
	(18804,1360,1869,900),
	(18805,1360,1870,1000),
	(18806,1360,1871,1100),
	(18807,1360,1872,1200),
	(18808,1360,2318,1300),
	(18809,1360,2432,1400),
	(18810,1361,1921,100),
	(18811,1361,1862,200),
	(18812,1361,1863,300),
	(18813,1361,1864,400),
	(18814,1361,1865,500),
	(18815,1361,1866,600),
	(18816,1361,1867,700),
	(18817,1361,1868,800),
	(18818,1361,1869,900),
	(18819,1361,1870,1000),
	(18820,1361,1871,1100),
	(18821,1361,1872,1200),
	(18822,1361,2318,1300);
INSERT INTO `appmodels_routestage` (`id`, `route_id`, `stage_id`, `sequence`) VALUES
	(18823,1361,2432,1400),
	(18824,1362,1921,100),
	(18825,1362,1862,200),
	(18826,1362,1863,300),
	(18827,1362,1864,400),
	(18828,1362,1865,500),
	(18829,1362,1866,600),
	(18830,1362,1867,700),
	(18831,1362,1868,800),
	(18832,1362,1869,900),
	(18833,1362,1870,1000),
	(18834,1362,1871,1100),
	(18835,1362,1872,1200),
	(18836,1362,2318,1300),
	(18837,1362,2432,1400),
	(18838,1362,2209,1500),
	(18839,1362,2433,1600),
	(18840,1362,2437,1700),
	(18841,1363,1921,100),
	(18842,1363,1992,200),
	(18843,1363,1993,300),
	(18844,1363,1990,400),
	(18845,1363,1991,500),
	(18846,1363,1881,600),
	(18847,1363,1883,700),
	(18848,1363,1954,800),
	(18849,1363,1868,900),
	(18850,1363,1869,1000),
	(18851,1363,1870,1100),
	(18852,1363,1871,1200),
	(18853,1363,1872,1300),
	(18854,1363,2318,1400),
	(18855,1363,2319,1500),
	(18856,1364,1939,100),
	(18857,1364,1867,200),
	(18858,1364,1868,300),
	(18859,1364,1869,400),
	(18860,1364,1870,500),
	(18861,1364,1871,600),
	(18862,1364,1872,700),
	(18863,1364,2318,800),
	(18864,1364,2432,900),
	(18865,1364,2209,1000),
	(18866,1364,2433,1100),
	(18867,1364,2438,1200),
	(18868,1364,2439,1300),
	(18869,1364,2440,1400),
	(18870,1365,1921,100),
	(18871,1365,1885,200),
	(18872,1365,2153,300),
	(18873,1365,1999,400),
	(18874,1365,2010,500),
	(18875,1365,2011,600),
	(18876,1365,2012,700),
	(18877,1365,2013,800),
	(18878,1365,2006,900),
	(18879,1365,2154,1000),
	(18880,1365,2155,1100),
	(18881,1365,2197,1200),
	(18882,1365,2196,1300),
	(18883,1365,2441,1400),
	(18884,1365,2442,1500),
	(18885,1365,2443,1600),
	(18886,1365,2444,1700),
	(18887,1365,2445,1800),
	(18888,1365,2446,1900),
	(18889,1365,2447,2000),
	(18890,1365,2448,2100),
	(18891,1365,2449,2200),
	(18892,1365,2450,2300),
	(18893,1366,1921,100),
	(18894,1366,1885,200),
	(18895,1366,2153,300),
	(18896,1366,1999,400),
	(18897,1366,2010,500),
	(18898,1366,2011,600),
	(18899,1366,2012,700),
	(18900,1366,2013,800),
	(18901,1366,2006,900),
	(18902,1366,2154,1000),
	(18903,1366,2155,1100),
	(18904,1366,2197,1200),
	(18905,1366,2196,1300),
	(18906,1366,2441,1400),
	(18907,1366,2442,1500),
	(18908,1366,2443,1600),
	(18909,1366,2444,1700),
	(18910,1366,2445,1800),
	(18911,1366,2451,1900),
	(18912,1366,2452,2000),
	(18913,1366,2453,2100),
	(18914,1366,2449,2200),
	(18915,1366,2450,2300),
	(18916,1367,2195,100),
	(18917,1367,2442,200),
	(18918,1367,2443,300),
	(18919,1367,2444,400),
	(18920,1367,2445,500),
	(18921,1367,2446,600),
	(18922,1367,2447,700),
	(18923,1367,2448,800),
	(18924,1367,2449,900),
	(18925,1367,2450,1000),
	(18926,1368,1941,100),
	(18927,1368,1885,200),
	(18928,1368,2153,300),
	(18929,1368,1999,400),
	(18930,1368,2010,500),
	(18931,1368,2011,600),
	(18932,1368,2012,700),
	(18933,1368,2013,800),
	(18934,1368,2006,900),
	(18935,1368,2154,1000),
	(18936,1368,2155,1100),
	(18937,1368,2197,1200),
	(18938,1368,2196,1300),
	(18939,1368,2441,1400),
	(18940,1368,2442,1500),
	(18941,1368,2443,1600),
	(18942,1368,2454,1700),
	(18943,1368,2445,1800),
	(18944,1368,2451,1900),
	(18945,1368,2455,2000),
	(18946,1368,2448,2100),
	(18947,1369,2195,100),
	(18948,1369,2442,200),
	(18949,1369,2443,300),
	(18950,1369,2446,400),
	(18951,1369,2454,500),
	(18952,1369,2456,600),
	(18953,1370,1971,100),
	(18954,1370,1972,200),
	(18955,1370,2278,300),
	(18956,1370,2002,400),
	(18957,1370,2007,500),
	(18958,1370,2006,600),
	(18959,1370,2154,700),
	(18960,1370,2155,800),
	(18961,1370,2197,900),
	(18962,1370,2196,1000),
	(18963,1370,2441,1100),
	(18964,1370,2442,1200),
	(18965,1370,2443,1300),
	(18966,1370,2444,1400),
	(18967,1370,2445,1500),
	(18968,1370,2446,1600),
	(18969,1370,2452,1700),
	(18970,1370,2453,1800),
	(18971,1370,2449,1900),
	(18972,1370,2450,2000),
	(18973,1371,2195,100),
	(18974,1371,2442,200),
	(18975,1371,2457,300),
	(18976,1371,2458,400),
	(18977,1371,2459,500),
	(18978,1371,2460,600),
	(18979,1371,2461,700),
	(18980,1371,2462,800),
	(18981,1371,2463,900),
	(18982,1371,2423,1000),
	(18983,1371,2394,1100),
	(18984,1372,1971,100),
	(18985,1372,1972,200),
	(18986,1372,2278,300),
	(18987,1372,2002,400),
	(18988,1372,2007,500),
	(18989,1372,2006,600),
	(18990,1372,2154,700),
	(18991,1372,2155,800),
	(18992,1372,2197,900),
	(18993,1372,2196,1000),
	(18994,1372,2441,1100),
	(18995,1372,2442,1200),
	(18996,1372,2443,1300),
	(18997,1372,2444,1400),
	(18998,1372,2445,1500),
	(18999,1372,2446,1600),
	(19000,1372,2464,1700),
	(19001,1372,2420,1800),
	(19002,1373,1921,100),
	(19003,1373,1885,200),
	(19004,1373,2153,300),
	(19005,1373,1999,400),
	(19006,1373,2010,500),
	(19007,1373,2011,600),
	(19008,1373,2012,700),
	(19009,1373,2013,800),
	(19010,1373,2006,900),
	(19011,1373,2154,1000),
	(19012,1373,2155,1100),
	(19013,1373,2197,1200),
	(19014,1373,2196,1300),
	(19015,1373,2441,1400),
	(19016,1373,2442,1500),
	(19017,1373,2443,1600),
	(19018,1373,2444,1700),
	(19019,1373,2445,1800),
	(19020,1373,2451,1900),
	(19021,1373,2465,2000),
	(19022,1373,2452,2100),
	(19023,1374,2006,100),
	(19024,1374,2154,200),
	(19025,1374,2155,300),
	(19026,1374,2197,400),
	(19027,1374,2196,500),
	(19028,1374,2441,600),
	(19029,1374,2442,700),
	(19030,1374,2443,800),
	(19031,1374,2466,900),
	(19032,1374,2467,1000),
	(19033,1374,2468,1100),
	(19034,1374,2469,1200),
	(19035,1375,2164,100),
	(19036,1375,2470,200),
	(19037,1375,2471,300),
	(19038,1375,2472,400),
	(19039,1375,2473,500),
	(19040,1375,2474,600),
	(19041,1375,2441,700),
	(19042,1375,2196,800),
	(19043,1375,2197,900),
	(19044,1375,2155,1000),
	(19045,1375,2475,1100),
	(19046,1375,2476,1200),
	(19047,1375,2477,1300),
	(19048,1375,2478,1400),
	(19049,1375,2399,1500),
	(19050,1375,2400,1600),
	(19051,1375,2394,1700),
	(19086,1378,2394,100),
	(19087,1378,2400,200),
	(19088,1378,2399,300),
	(19089,1378,2478,400),
	(19090,1378,2477,500),
	(19091,1378,2476,600),
	(19092,1378,2475,700),
	(19093,1378,2155,800),
	(19094,1378,2197,900),
	(19095,1378,2196,1000),
	(19096,1378,2195,1100),
	(19097,1379,2479,100),
	(19098,1379,2478,200),
	(19099,1379,2477,300),
	(19100,1379,2476,400),
	(19101,1379,2475,500),
	(19102,1379,2155,600),
	(19103,1379,2154,700),
	(19104,1379,2006,800),
	(19105,1379,2199,900),
	(19106,1379,2002,1000),
	(19107,1379,2278,1100),
	(19108,1379,1972,1200),
	(19109,1379,1971,1300),
	(19121,1381,2394,100),
	(19122,1381,2400,200),
	(19123,1381,2399,300),
	(19124,1381,2478,400),
	(19125,1381,2477,500),
	(19126,1381,2476,600),
	(19127,1381,2475,700),
	(19128,1381,2155,800),
	(19129,1381,2154,900),
	(19130,1381,2006,1000),
	(19148,1383,2480,100),
	(19149,1383,2476,200),
	(19150,1383,2475,300),
	(19151,1383,2155,400),
	(19152,1383,2154,500),
	(19153,1383,2006,600),
	(19154,1383,2199,700),
	(19155,1383,2002,800),
	(19156,1383,2278,900),
	(19157,1383,1972,1000),
	(19158,1383,1971,1100),
	(19159,1384,1921,100),
	(19160,1384,1885,200),
	(19161,1384,1998,300),
	(19162,1384,2016,400),
	(19163,1384,1931,500),
	(19164,1384,2017,600),
	(19165,1384,2018,700),
	(19166,1384,2224,800),
	(19167,1384,2223,900),
	(19168,1384,2280,1000),
	(19169,1384,2269,1100),
	(19170,1384,2208,1200),
	(19171,1384,2209,1300),
	(19172,1384,2210,1400),
	(19173,1384,2385,1500),
	(19174,1384,2386,1600),
	(19175,1384,2387,1700),
	(19176,1384,2388,1800),
	(19177,1384,2481,1900),
	(19178,1384,2389,2000),
	(19199,1386,1921,100),
	(19200,1386,1885,200),
	(19201,1386,1998,300),
	(19202,1386,2016,400),
	(19203,1386,1931,500),
	(19204,1386,2235,600),
	(19205,1386,2018,700),
	(19206,1386,2224,800),
	(19207,1386,2223,900),
	(19208,1386,2280,1000),
	(19209,1386,2270,1100),
	(19210,1387,1921,100),
	(19211,1387,1861,200),
	(19212,1387,1860,300),
	(19213,1387,1944,400),
	(19214,1387,1943,500),
	(19215,1387,1942,600),
	(19216,1387,1857,700),
	(19217,1387,2267,800),
	(19218,1387,2268,900),
	(19219,1387,2269,1000),
	(19220,1387,2280,1100),
	(19221,1387,2279,1200),
	(19222,1387,2482,1300),
	(19223,1388,2217,100),
	(19224,1388,2018,200),
	(19225,1388,2224,300),
	(19226,1388,2223,400),
	(19227,1388,2280,500),
	(19228,1388,2269,600),
	(19229,1388,2208,700),
	(19230,1388,2209,800),
	(19231,1388,2210,900),
	(19232,1388,2385,1000),
	(19233,1388,2386,1100),
	(19234,1388,2387,1200),
	(19235,1388,2388,1300),
	(19236,1388,2481,1400),
	(19237,1388,2389,1500),
	(19238,1389,2195,100),
	(19239,1389,2233,200),
	(19240,1389,2232,300),
	(19241,1389,2483,400),
	(19242,1389,2344,500),
	(19243,1389,2484,600),
	(19244,1389,2485,700),
	(19245,1389,2486,800),
	(19246,1389,2487,900),
	(19247,1389,2488,1000),
	(19248,1389,2489,1100),
	(19249,1389,2490,1200),
	(19250,1389,2491,1300),
	(19251,1389,2492,1400),
	(19252,1389,2082,1500),
	(19253,1389,2493,1600),
	(19254,1389,2494,1700),
	(19255,1389,2495,1800),
	(19256,1390,2394,100),
	(19257,1390,2426,200),
	(19258,1390,1887,300),
	(19259,1390,2407,400),
	(19260,1390,2084,500),
	(19261,1390,2408,600),
	(19262,1390,2262,700),
	(19263,1390,2420,800),
	(19264,1390,2496,900),
	(19265,1390,2497,1000),
	(19266,1390,2488,1100),
	(19267,1390,2487,1200),
	(19268,1390,2486,1300),
	(19269,1390,2485,1400),
	(19270,1390,2484,1500),
	(19271,1390,2344,1600),
	(19272,1390,2483,1700),
	(19273,1390,2232,1800),
	(19274,1390,2233,1900),
	(19275,1390,2195,2000),
	(19276,1391,2164,100),
	(19277,1391,2470,200),
	(19278,1391,2471,300),
	(19279,1391,2472,400),
	(19280,1391,2473,500),
	(19281,1391,2498,600),
	(19282,1391,2441,700),
	(19283,1391,2196,800),
	(19284,1391,2197,900),
	(19285,1391,2155,1000),
	(19286,1391,2154,1100),
	(19287,1391,2006,1200),
	(19288,1392,2195,100),
	(19289,1392,2233,200),
	(19290,1392,2232,300),
	(19291,1392,2483,400),
	(19292,1392,2344,500),
	(19293,1392,2499,600),
	(19294,1392,2500,700),
	(19295,1392,2485,800),
	(19296,1392,2501,900),
	(19297,1392,2502,1000),
	(19298,1392,2438,1100),
	(19299,1392,2503,1200),
	(19300,1392,2504,1300),
	(19301,1392,2505,1400),
	(19302,1393,2195,100),
	(19303,1393,2233,200),
	(19304,1393,2232,300),
	(19305,1393,2483,400),
	(19306,1393,2344,500),
	(19307,1393,2484,600),
	(19308,1393,2485,700),
	(19309,1393,2506,800),
	(19310,1393,2501,900),
	(19311,1393,2502,1000),
	(19312,1393,2438,1100),
	(19313,1394,2164,100),
	(19314,1394,2470,200),
	(19315,1394,2471,300),
	(19316,1394,2472,400),
	(19317,1394,2473,500),
	(19318,1394,2474,600),
	(19319,1394,2441,700),
	(19320,1394,2442,800),
	(19321,1394,2196,900),
	(19322,1394,2197,1000),
	(19323,1394,2155,1100),
	(19324,1394,2154,1200),
	(19325,1394,2006,1300),
	(19326,1395,1867,100),
	(19327,1395,1868,200),
	(19328,1395,2133,300),
	(19329,1395,2107,400),
	(19330,1395,2184,500),
	(19331,1395,2047,600),
	(19332,1395,2048,700),
	(19333,1395,2163,800),
	(19334,1395,2164,900),
	(19335,1395,2331,1000),
	(19336,1395,2338,1100),
	(19337,1396,2006,100),
	(19338,1396,2154,200),
	(19339,1396,2155,300),
	(19340,1396,2197,400),
	(19341,1396,2196,500),
	(19342,1396,2441,600),
	(19343,1396,2233,700),
	(19344,1396,2232,800),
	(19345,1396,2483,900),
	(19346,1396,2344,1000),
	(19347,1396,2484,1100),
	(19348,1396,2485,1200),
	(19362,1398,2120,100),
	(19363,1398,2119,200),
	(19364,1398,2118,300),
	(19365,1398,2117,400),
	(19366,1398,1875,500),
	(19367,1398,1874,600),
	(19368,1398,1873,700),
	(19369,1398,1872,800),
	(19370,1398,2318,900),
	(19371,1398,2432,1000),
	(19372,1398,2209,1100),
	(19373,1398,2433,1200),
	(19374,1398,2507,1300),
	(19375,1398,2508,1400),
	(19376,1398,2104,1500),
	(19377,1398,2163,1600),
	(19378,1398,2164,1700),
	(19379,1399,1875,100),
	(19380,1399,1874,200),
	(19381,1399,1873,300),
	(19382,1399,1872,400),
	(19383,1399,2318,500),
	(19384,1399,2432,600),
	(19385,1399,2209,700),
	(19386,1399,2433,800),
	(19387,1399,2507,900),
	(19388,1399,2508,1000),
	(19389,1399,2104,1100),
	(19390,1399,2163,1200),
	(19391,1399,2164,1300),
	(19392,1400,1875,100),
	(19393,1400,1874,200),
	(19394,1400,1873,300),
	(19395,1400,1872,400),
	(19396,1400,2318,500),
	(19397,1400,2432,600),
	(19398,1400,2209,700),
	(19399,1400,2433,800),
	(19400,1400,2507,900),
	(19401,1400,2508,1000),
	(19402,1400,2104,1100),
	(19403,1400,2163,1200),
	(19404,1400,2164,1300),
	(19405,1401,2115,100),
	(19406,1401,2116,200),
	(19407,1401,1873,300),
	(19408,1401,1872,400),
	(19409,1401,2318,500),
	(19410,1401,2432,600),
	(19411,1401,2209,700),
	(19412,1401,2433,800),
	(19413,1402,2195,100),
	(19414,1402,2196,200),
	(19415,1402,2197,300),
	(19416,1402,2155,400),
	(19417,1402,2154,500),
	(19418,1402,2006,600),
	(19419,1402,2199,700),
	(19420,1402,2002,800),
	(19421,1402,2278,900),
	(19422,1402,2089,1000),
	(19423,1402,2306,1100),
	(19424,1402,1962,1200),
	(19425,1402,2128,1300),
	(19426,1402,1869,1400),
	(19427,1402,1870,1500),
	(19428,1402,1871,1600),
	(19429,1402,1872,1700),
	(19430,1402,1873,1800),
	(19431,1403,2006,100),
	(19432,1403,2007,200),
	(19433,1403,2002,300),
	(19434,1403,2278,400),
	(19435,1403,1973,500),
	(19436,1403,2306,600),
	(19437,1403,1962,700),
	(19438,1403,2128,800),
	(19439,1403,2149,900),
	(19440,1403,1940,1000),
	(19441,1403,1887,1100),
	(19442,1403,1888,1200),
	(19443,1403,1889,1300),
	(19444,1404,2006,100),
	(19445,1404,2007,200),
	(19446,1404,2002,300),
	(19447,1404,2278,400),
	(19448,1404,2089,500),
	(19449,1404,2306,600),
	(19450,1404,1962,700),
	(19451,1404,2128,800),
	(19452,1404,2149,900),
	(19453,1404,1887,1000),
	(19454,1404,1888,1100),
	(19455,1404,1889,1200),
	(19456,1404,1898,1300),
	(19457,1404,1910,1400),
	(19458,1404,1923,1500),
	(19459,1405,2083,100),
	(19460,1405,1973,200),
	(19461,1405,2306,300),
	(19462,1405,1962,400),
	(19463,1405,2128,500),
	(19464,1405,2149,600),
	(19465,1405,1954,700),
	(19466,1405,1955,800),
	(19467,1405,1884,900),
	(19468,1406,2083,100),
	(19469,1406,1973,200),
	(19470,1406,2509,300),
	(19471,1406,1962,400),
	(19472,1406,2128,500),
	(19473,1406,1868,600),
	(19474,1406,1887,700),
	(19475,1406,1888,800),
	(19476,1406,1922,900),
	(19477,1406,1899,1000),
	(19478,1406,1900,1100),
	(19479,1406,1884,1200),
	(19480,1407,1948,100),
	(19481,1407,1949,200),
	(19482,1407,1962,300),
	(19483,1407,2128,400),
	(19484,1407,2149,500),
	(19485,1407,1869,600),
	(19486,1407,1870,700),
	(19487,1407,1871,800),
	(19488,1407,1872,900),
	(19489,1407,1873,1000),
	(19490,1407,1874,1100),
	(19491,1407,1875,1200),
	(19492,1407,2117,1300),
	(19493,1407,2118,1400),
	(19494,1407,2119,1500),
	(19495,1407,2120,1600),
	(19496,1407,2121,1700),
	(19497,1407,2122,1800),
	(19498,1407,2123,1900),
	(19511,1409,2394,100),
	(19512,1409,2400,200),
	(19513,1409,2399,300),
	(19514,1409,2510,400),
	(19515,1409,2218,500),
	(19516,1409,2511,600),
	(19517,1409,2512,700),
	(19518,1409,2277,800),
	(19519,1409,2002,900),
	(19520,1409,2278,1000),
	(19521,1409,1973,1100),
	(19522,1409,2306,1200),
	(19523,1409,1962,1300),
	(19524,1409,2128,1400),
	(19525,1409,2149,1500),
	(19526,1410,2195,100),
	(19527,1410,2196,200),
	(19528,1410,2197,300),
	(19529,1410,2155,400),
	(19530,1410,2154,500),
	(19531,1410,2006,600),
	(19532,1410,2013,700),
	(19533,1410,2002,800),
	(19534,1410,2278,900),
	(19535,1410,2089,1000),
	(19536,1410,2306,1100),
	(19537,1410,1962,1200),
	(19538,1410,2128,1300),
	(19539,1410,2129,1400),
	(19540,1410,1870,1500),
	(19541,1410,1871,1600),
	(19542,1410,1872,1700),
	(19543,1410,1873,1800),
	(19544,1410,1874,1900),
	(19545,1410,1875,2000),
	(19546,1410,2117,2100),
	(19547,1410,2118,2200),
	(19548,1410,2120,2300),
	(19562,1412,2232,100),
	(19563,1412,2233,200),
	(19564,1412,2195,300),
	(19565,1412,2196,400),
	(19566,1412,2197,500),
	(19567,1412,2155,600),
	(19568,1412,2154,700),
	(19569,1412,2006,800),
	(19570,1412,2007,900),
	(19571,1412,2002,1000),
	(19572,1412,2278,1100),
	(19573,1412,1973,1200),
	(19574,1412,2193,1300),
	(19575,1412,2054,1400),
	(19576,1412,2055,1500),
	(19577,1412,1939,1600),
	(19619,1415,1971,100),
	(19620,1415,1972,200),
	(19621,1415,2083,300),
	(19622,1415,2513,400),
	(19623,1415,1949,500),
	(19624,1415,1950,600),
	(19625,1415,1951,700),
	(19626,1415,1962,800),
	(19627,1415,2128,900),
	(19628,1415,1869,1000),
	(19629,1415,1870,1100),
	(19630,1415,1871,1200),
	(19631,1415,1872,1300),
	(19632,1415,1873,1400),
	(19633,1415,1874,1500),
	(19634,1415,1875,1600),
	(19635,1415,2117,1700),
	(19636,1415,2118,1800),
	(19637,1415,2119,1900),
	(19638,1415,2120,2000),
	(19639,1415,2121,2100),
	(19640,1415,2122,2200),
	(19641,1415,2123,2300),
	(19642,1416,2232,100),
	(19643,1416,2233,200),
	(19644,1416,2195,300),
	(19645,1416,2196,400),
	(19646,1416,2197,500),
	(19647,1416,2155,600),
	(19648,1416,2154,700),
	(19649,1416,2006,800),
	(19650,1416,2013,900),
	(19651,1416,2002,1000),
	(19652,1416,2278,1100),
	(19653,1416,1973,1200),
	(19654,1416,2306,1300),
	(19655,1416,1962,1400),
	(19656,1416,2128,1500),
	(19657,1416,2149,1600),
	(19704,1420,2195,100),
	(19705,1420,2196,200),
	(19706,1420,2197,300),
	(19707,1420,2155,400),
	(19708,1420,2154,500),
	(19709,1420,2006,600),
	(19710,1420,2013,700),
	(19711,1420,2002,800),
	(19712,1420,2278,900),
	(19713,1420,2089,1000),
	(19714,1420,2306,1100),
	(19715,1420,1962,1200),
	(19716,1420,2128,1300),
	(19717,1420,1869,1400),
	(19718,1420,1870,1500),
	(19719,1420,1871,1600),
	(19720,1420,1872,1700),
	(19721,1420,1873,1800),
	(19722,1420,2116,1900),
	(19723,1420,2115,2000),
	(19748,1423,2195,100),
	(19749,1423,2196,200),
	(19750,1423,2197,300),
	(19751,1423,2155,400),
	(19752,1423,2154,500),
	(19753,1423,2006,600),
	(19754,1423,2013,700),
	(19755,1423,2002,800),
	(19756,1423,2278,900),
	(19757,1423,2089,1000),
	(19758,1423,2306,1100),
	(19759,1423,1962,1200),
	(19760,1423,2128,1300),
	(19761,1423,2129,1400),
	(19762,1423,1870,1500),
	(19763,1423,1871,1600),
	(19764,1423,1872,1700),
	(19765,1423,1873,1800),
	(19766,1423,1874,1900),
	(19767,1423,1875,2000),
	(19768,1423,2117,2100),
	(19769,1423,2118,2200),
	(19770,1423,2120,2300),
	(19771,1424,2195,100),
	(19772,1424,2196,200),
	(19773,1424,2197,300),
	(19774,1424,2155,400),
	(19775,1424,2154,500),
	(19776,1424,2006,600),
	(19777,1424,2013,700),
	(19778,1424,2002,800),
	(19779,1424,2278,900),
	(19780,1424,2089,1000),
	(19781,1424,2306,1100),
	(19782,1424,1962,1200),
	(19783,1424,2128,1300),
	(19784,1424,2129,1400),
	(19785,1424,1870,1500),
	(19786,1424,1871,1600),
	(19787,1424,1872,1700),
	(19788,1424,1873,1800),
	(19789,1424,1874,1900),
	(19790,1424,1875,2000),
	(19791,1424,2117,2100),
	(19792,1424,2118,2200),
	(19793,1424,2120,2300),
	(19794,1425,2232,100),
	(19795,1425,2233,200),
	(19796,1425,2195,300),
	(19797,1425,2196,400),
	(19798,1425,2197,500),
	(19799,1425,2155,600),
	(19800,1425,2154,700),
	(19801,1425,2006,800),
	(19802,1425,2007,900),
	(19803,1425,2002,1000),
	(19804,1425,2278,1100),
	(19805,1425,1973,1200),
	(19806,1425,2306,1300),
	(19807,1425,1962,1400),
	(19808,1425,2128,1500),
	(19809,1425,2149,1600),
	(19810,1425,1940,1700),
	(19811,1425,1887,1800),
	(19812,1425,1888,1900),
	(19813,1425,1889,2000),
	(19863,1429,2188,100),
	(19864,1429,2011,200),
	(19865,1429,2001,300),
	(19866,1429,2002,400),
	(19867,1429,2278,500),
	(19868,1429,1973,600),
	(19869,1429,2306,700),
	(19870,1429,1962,800),
	(19871,1429,2128,900),
	(19872,1429,1869,1000),
	(19873,1429,1870,1100),
	(19874,1429,1871,1200),
	(19875,1429,1872,1300),
	(19876,1429,1873,1400),
	(19877,1429,1874,1500),
	(19878,1429,1875,1600),
	(19879,1430,2004,100),
	(19880,1430,2003,200),
	(19881,1430,2002,300),
	(19882,1430,2278,400),
	(19883,1430,1973,500),
	(19884,1430,2306,600),
	(19885,1430,1962,700),
	(19886,1430,2128,800),
	(19887,1430,2149,900),
	(19888,1430,1940,1000),
	(19889,1430,1887,1100),
	(19890,1430,1888,1200),
	(19891,1430,1889,1300),
	(19892,1430,2264,1400),
	(19893,1430,2076,1500),
	(19894,1430,1884,1600),
	(19895,1431,2155,100),
	(19896,1431,2154,200),
	(19897,1431,2006,300),
	(19898,1431,2013,400),
	(19899,1431,2002,500),
	(19900,1431,2278,600),
	(19901,1431,2089,700),
	(19902,1431,2306,800),
	(19903,1431,1962,900),
	(19904,1431,2128,1000),
	(19905,1431,2129,1100),
	(19906,1431,1870,1200),
	(19907,1431,1871,1300),
	(19908,1431,1872,1400),
	(19909,1431,1873,1500),
	(19910,1431,1874,1600),
	(19911,1431,1875,1700),
	(19912,1432,2195,100),
	(19913,1432,2196,200),
	(19914,1432,2197,300),
	(19915,1432,2155,400),
	(19916,1432,2154,500),
	(19917,1432,2006,600),
	(19918,1432,2013,700),
	(19919,1432,2002,800),
	(19920,1432,2278,900),
	(19921,1432,1973,1000),
	(19922,1432,2306,1100),
	(19923,1432,1962,1200),
	(19924,1432,2128,1300),
	(19925,1432,1869,1400),
	(19926,1432,1870,1500),
	(19927,1432,1871,1600),
	(19928,1432,1872,1700),
	(20015,1439,2195,100),
	(20016,1439,2196,200),
	(20017,1439,2197,300),
	(20018,1439,2155,400),
	(20019,1439,2154,500),
	(20020,1439,2006,600),
	(20021,1439,2013,700),
	(20022,1439,2002,800),
	(20023,1439,2278,900),
	(20024,1439,2083,1000),
	(20025,1440,2195,100),
	(20026,1440,2196,200),
	(20027,1440,2197,300),
	(20028,1440,2155,400),
	(20029,1440,2154,500),
	(20030,1440,2006,600),
	(20031,1440,2013,700),
	(20032,1440,2002,800),
	(20033,1440,2278,900),
	(20034,1440,2089,1000),
	(20035,1440,2306,1100),
	(20036,1440,1949,1200),
	(20037,1440,1950,1300),
	(20038,1440,1951,1400),
	(20039,1441,2195,100),
	(20040,1441,2196,200),
	(20041,1441,2197,300),
	(20042,1441,2155,400),
	(20043,1441,2154,500),
	(20044,1441,2006,600),
	(20045,1441,2007,700),
	(20046,1441,2002,800),
	(20047,1441,2278,900),
	(20048,1441,2083,1000),
	(20049,1442,1971,100),
	(20050,1442,1972,200),
	(20051,1442,1973,300),
	(20052,1442,2306,400),
	(20053,1442,1962,500),
	(20054,1442,2128,600),
	(20055,1442,2149,700),
	(20056,1442,1869,800),
	(20057,1442,1870,900),
	(20058,1442,1871,1000),
	(20059,1442,1872,1100),
	(20060,1442,1873,1200),
	(20061,1442,1874,1300),
	(20062,1442,1875,1400),
	(20063,1443,2201,100),
	(20064,1443,2202,200),
	(20065,1443,2002,300),
	(20066,1443,2278,400),
	(20067,1443,1973,500),
	(20068,1443,2306,600),
	(20069,1443,1962,700),
	(20070,1443,2128,800),
	(20071,1443,1868,900),
	(20072,1444,2083,100),
	(20073,1444,2278,200),
	(20074,1444,2002,300),
	(20075,1444,2199,400),
	(20076,1444,2006,500),
	(20077,1444,2154,600),
	(20078,1444,2155,700),
	(20079,1444,2197,800),
	(20080,1444,2196,900),
	(20081,1444,2441,1000),
	(20082,1444,2233,1100),
	(20083,1444,2232,1200),
	(20084,1444,2483,1300),
	(20085,1444,2344,1400),
	(20086,1444,2516,1500),
	(20087,1444,2517,1600),
	(20088,1444,2356,1700),
	(20089,1445,2083,100),
	(20090,1445,2089,200),
	(20091,1445,2306,300),
	(20092,1445,1962,400),
	(20093,1445,2128,500),
	(20094,1445,1868,600),
	(20095,1445,1940,700),
	(20096,1445,1887,800),
	(20097,1445,1888,900),
	(20098,1445,1922,1000),
	(20099,1445,1899,1100),
	(20100,1445,1900,1200),
	(20101,1445,1967,1300),
	(20102,1445,1968,1400),
	(20103,1445,1975,1500),
	(20104,1445,1976,1600),
	(20105,1445,1977,1700),
	(20106,1445,1978,1800),
	(20107,1445,2151,1900),
	(20108,1445,2152,2000),
	(20109,1446,2232,100),
	(20110,1446,2233,200),
	(20111,1446,2195,300),
	(20112,1446,2196,400),
	(20113,1446,2197,500),
	(20114,1446,2155,600),
	(20115,1446,2154,700),
	(20116,1446,2006,800),
	(20117,1446,2013,900),
	(20118,1446,2002,1000),
	(20119,1446,2518,1100),
	(20120,1446,1971,1200),
	(20121,1446,1972,1300),
	(20122,1446,1973,1400),
	(20123,1446,2306,1500),
	(20124,1446,1962,1600),
	(20125,1446,2008,1700),
	(20126,1446,2149,1800),
	(20127,1447,2083,100),
	(20128,1447,1973,200),
	(20129,1447,2306,300),
	(20130,1447,1962,400),
	(20131,1447,2128,500),
	(20132,1447,1868,600),
	(20133,1447,1887,700),
	(20134,1447,1888,800),
	(20135,1447,1889,900),
	(20136,1447,1898,1000),
	(20137,1447,1910,1100),
	(20138,1447,1890,1200),
	(20139,1447,1911,1300),
	(20152,1449,1921,100),
	(20153,1449,1885,200),
	(20154,1449,2078,300),
	(20155,1449,2079,400),
	(20156,1449,2000,500),
	(20157,1449,2254,600),
	(20158,1449,2012,700),
	(20159,1449,2013,800),
	(20160,1449,2006,900),
	(20161,1449,2154,1000),
	(20162,1449,2155,1100),
	(20163,1449,2197,1200),
	(20164,1449,2196,1300),
	(20165,1449,2441,1400),
	(20166,1449,2498,1500),
	(20167,1449,2519,1600),
	(20168,1450,1941,100),
	(20169,1450,1885,200),
	(20170,1450,2078,300),
	(20171,1450,2079,400),
	(20172,1450,2000,500),
	(20173,1450,2254,600),
	(20174,1450,2012,700),
	(20175,1450,2013,800),
	(20176,1450,2006,900),
	(20177,1450,2154,1000),
	(20178,1450,2155,1100),
	(20179,1450,2520,1200),
	(20180,1450,2259,1300),
	(20181,1451,1921,100),
	(20182,1451,1885,200),
	(20183,1451,2078,300),
	(20184,1451,2079,400),
	(20185,1451,2000,500),
	(20186,1451,2254,600),
	(20187,1451,2012,700),
	(20188,1451,2521,800),
	(20189,1452,1921,100),
	(20190,1452,1885,200),
	(20191,1452,2078,300),
	(20192,1452,2079,400),
	(20193,1452,2000,500),
	(20194,1452,2254,600),
	(20195,1452,2012,700),
	(20196,1452,2013,800),
	(20197,1452,2006,900),
	(20198,1452,2154,1000),
	(20199,1452,2155,1100),
	(20200,1452,2197,1200),
	(20201,1452,2196,1300),
	(20202,1452,2441,1400),
	(20203,1452,2233,1500),
	(20204,1452,2232,1600),
	(20205,1452,2483,1700),
	(20206,1452,2344,1800),
	(20207,1453,1921,100),
	(20208,1453,1885,200),
	(20209,1453,2078,300),
	(20210,1453,2079,400),
	(20211,1453,2000,500),
	(20212,1453,2254,600),
	(20213,1453,2012,700),
	(20214,1453,2013,800),
	(20215,1453,2255,900),
	(20216,1453,2256,1000),
	(20217,1453,2154,1100),
	(20218,1453,2155,1200),
	(20219,1453,2475,1300),
	(20238,1455,2006,100),
	(20239,1455,2154,200),
	(20240,1455,2155,300),
	(20241,1455,2197,400),
	(20242,1455,2196,500),
	(20243,1455,2441,600),
	(20244,1455,2233,700),
	(20245,1455,2232,800),
	(20246,1455,2483,900),
	(20247,1455,2344,1000),
	(20248,1456,1939,100),
	(20249,1456,1867,200),
	(20250,1456,1868,300),
	(20251,1456,1869,400),
	(20252,1456,1870,500),
	(20253,1456,1871,600),
	(20254,1456,1872,700),
	(20255,1456,1873,800),
	(20256,1456,1874,900),
	(20257,1456,1875,1000),
	(20258,1456,2136,1100),
	(20259,1456,2137,1200),
	(20260,1456,2138,1300),
	(20261,1456,2322,1400),
	(20262,1456,2323,1500),
	(20263,1456,2522,1600),
	(20264,1456,2523,1700),
	(20265,1457,1875,100),
	(20266,1457,2136,200),
	(20267,1457,2137,300),
	(20268,1457,2324,400),
	(20269,1457,2524,500),
	(20270,1457,2525,600),
	(20271,1457,2526,700),
	(20272,1457,2527,800),
	(20273,1457,2523,900),
	(20274,1458,1867,100),
	(20275,1458,2149,200),
	(20276,1458,2133,300),
	(20277,1458,2107,400),
	(20278,1458,2096,500),
	(20279,1458,2047,600),
	(20280,1458,2102,700),
	(20281,1458,2185,800),
	(20282,1458,2528,900),
	(20283,1458,2433,1000),
	(20284,1459,1921,100),
	(20285,1459,1862,200),
	(20286,1459,1863,300),
	(20287,1459,1864,400),
	(20288,1459,1865,500),
	(20289,1459,1866,600),
	(20290,1459,1867,700),
	(20291,1459,1868,800),
	(20292,1459,2133,900),
	(20293,1459,2107,1000),
	(20294,1459,2097,1100),
	(20295,1459,2047,1200),
	(20296,1459,2102,1300),
	(20297,1459,2185,1400),
	(20298,1459,2528,1500),
	(20299,1459,2433,1600),
	(20300,1460,1921,100),
	(20301,1460,1885,200),
	(20302,1460,1877,300),
	(20303,1460,1864,400),
	(20304,1460,1865,500),
	(20305,1460,1866,600),
	(20306,1460,1867,700),
	(20307,1460,1868,800),
	(20308,1460,2133,900),
	(20309,1460,2107,1000),
	(20310,1460,2097,1100),
	(20311,1460,2047,1200),
	(20312,1460,2102,1300),
	(20313,1460,2185,1400),
	(20314,1460,2528,1500),
	(20315,1460,2433,1600),
	(20316,1460,2438,1700),
	(20317,1460,2439,1800),
	(20318,1460,2112,1900),
	(20319,1460,2113,2000),
	(20320,1460,2114,2100),
	(20321,1460,2529,2200),
	(20322,1461,2083,100),
	(20323,1461,1973,200),
	(20324,1461,1948,300),
	(20325,1461,2045,400),
	(20326,1461,2046,500),
	(20327,1461,2047,600),
	(20328,1461,2102,700),
	(20329,1461,2185,800),
	(20330,1461,2528,900),
	(20331,1461,2433,1000),
	(20348,1463,1941,100),
	(20349,1463,1885,200),
	(20350,1463,1863,300),
	(20351,1463,1864,400),
	(20352,1463,2093,500),
	(20353,1463,2094,600),
	(20354,1463,2055,700),
	(20355,1463,2054,800),
	(20356,1463,1948,900),
	(20357,1463,2045,1000),
	(20358,1463,2046,1100),
	(20359,1463,2047,1200),
	(20360,1463,2102,1300),
	(20361,1463,2185,1400),
	(20362,1463,2528,1500),
	(20363,1463,2433,1600),
	(20364,1463,2438,1700),
	(20365,1463,2439,1800),
	(20366,1463,2030,1900),
	(20367,1463,2530,2000),
	(20368,1464,1941,100),
	(20369,1464,1885,200),
	(20370,1464,1877,300),
	(20371,1464,1864,400),
	(20372,1464,1865,500),
	(20373,1464,1866,600),
	(20374,1464,1867,700),
	(20375,1464,1868,800),
	(20376,1464,2133,900),
	(20377,1464,2107,1000),
	(20378,1464,2097,1100),
	(20379,1464,2047,1200),
	(20380,1464,2102,1300),
	(20381,1464,2185,1400),
	(20382,1464,2528,1500),
	(20383,1464,2433,1600),
	(20384,1464,2438,1700),
	(20385,1464,2439,1800),
	(20386,1464,2112,1900),
	(20387,1464,2113,2000),
	(20388,1464,2114,2100),
	(20389,1464,2529,2200),
	(20390,1464,2531,2300),
	(20391,1464,2532,2400),
	(20392,1465,2530,100),
	(20393,1465,2439,200),
	(20394,1465,2438,300),
	(20395,1465,2433,400),
	(20396,1465,2528,500),
	(20397,1465,2185,600),
	(20398,1465,2102,700),
	(20399,1465,2047,800),
	(20400,1465,2097,900),
	(20401,1465,2107,1000),
	(20402,1465,2133,1100),
	(20403,1465,1868,1200),
	(20404,1465,1867,1300),
	(20405,1465,1939,1400),
	(20406,1466,1941,100),
	(20407,1466,1862,200),
	(20408,1466,1863,300),
	(20409,1466,1864,400),
	(20410,1466,1865,500),
	(20411,1466,1866,600),
	(20412,1466,1867,700),
	(20413,1466,1868,800),
	(20414,1466,2133,900),
	(20415,1466,2107,1000),
	(20416,1466,2097,1100),
	(20417,1466,2047,1200),
	(20418,1466,2102,1300),
	(20419,1466,2185,1400),
	(20420,1466,2528,1500),
	(20421,1466,2533,1600),
	(20422,1467,2048,100),
	(20423,1467,2047,200),
	(20424,1467,2102,300),
	(20425,1467,2185,400),
	(20426,1467,2528,500),
	(20427,1467,2433,600),
	(20428,1467,2438,700),
	(20429,1467,2439,800),
	(20430,1467,2534,900),
	(20464,1470,2008,100),
	(20465,1470,1963,200),
	(20466,1470,1867,300),
	(20467,1470,1868,400),
	(20468,1470,2133,500),
	(20469,1470,2107,600),
	(20470,1470,2097,700),
	(20471,1470,2047,800),
	(20472,1470,2102,900),
	(20473,1470,2185,1000),
	(20474,1470,2528,1100),
	(20475,1470,2433,1200),
	(20476,1470,2437,1300),
	(20477,1470,2535,1400),
	(20478,1470,2380,1500),
	(20479,1471,1948,100),
	(20480,1471,2048,200),
	(20481,1471,2047,300),
	(20482,1471,2102,400),
	(20483,1471,2185,500),
	(20484,1471,2528,600),
	(20485,1471,2433,700),
	(20486,1471,2437,800),
	(20487,1472,2047,100),
	(20488,1472,2102,200),
	(20489,1472,2185,300),
	(20490,1472,2528,400),
	(20491,1472,2433,500),
	(20492,1472,2438,600),
	(20493,1472,2439,700),
	(20494,1472,2536,800),
	(20495,1472,2113,900),
	(20496,1472,2114,1000),
	(20497,1473,2048,100),
	(20498,1473,2047,200),
	(20499,1473,2102,300),
	(20500,1473,2185,400),
	(20501,1473,2528,500),
	(20502,1473,2433,600),
	(20503,1473,2438,700),
	(20504,1473,2439,800),
	(20505,1473,2537,900),
	(20506,1473,2455,1000),
	(20507,1473,2538,1100),
	(20508,1473,2539,1200),
	(20509,1474,1855,100),
	(20510,1474,1876,200),
	(20511,1474,1857,300),
	(20512,1474,1858,400),
	(20513,1474,1859,500),
	(20514,1474,1860,600),
	(20515,1474,1861,700),
	(20516,1474,1885,800),
	(20517,1474,2078,900),
	(20518,1474,2079,1000),
	(20519,1474,2080,1100),
	(20520,1474,2081,1200),
	(20521,1474,2082,1300),
	(20522,1474,2090,1400),
	(20523,1474,2091,1500),
	(20524,1474,2161,1600),
	(20525,1474,2162,1700),
	(20526,1474,2163,1800),
	(20527,1474,2164,1900),
	(20566,1477,1855,100),
	(20567,1477,1856,200),
	(20568,1477,1857,300),
	(20569,1477,2183,400),
	(20570,1477,1926,500),
	(20571,1477,1860,600),
	(20572,1477,1861,700),
	(20573,1477,1885,800),
	(20574,1477,2078,900),
	(20575,1477,2079,1000),
	(20576,1477,2080,1100),
	(20577,1477,2081,1200),
	(20578,1477,2082,1300),
	(20579,1477,2083,1400),
	(20618,1480,1944,100),
	(20619,1480,2024,200),
	(20620,1480,2009,300),
	(20621,1480,2010,400),
	(20622,1480,2011,500),
	(20623,1480,2012,600),
	(20624,1480,2013,700),
	(20625,1480,2006,800),
	(20626,1480,2154,900),
	(20627,1480,2155,1000),
	(20628,1480,2197,1100),
	(20629,1480,2196,1200),
	(20630,1480,2195,1300),
	(20631,1481,2394,100),
	(20632,1481,2400,200),
	(20633,1481,2399,300),
	(20634,1481,2398,400),
	(20635,1481,2540,500),
	(20636,1481,2511,600),
	(20637,1481,2512,700),
	(20638,1481,2277,800),
	(20639,1481,2002,900),
	(20640,1481,2278,1000),
	(20641,1481,1973,1100),
	(20642,1481,2306,1200),
	(20643,1481,1962,1300),
	(20644,1481,2128,1400),
	(20645,1481,1869,1500),
	(20646,1481,1870,1600),
	(20647,1481,1871,1700),
	(20648,1481,1872,1800),
	(20649,1481,1873,1900),
	(20650,1481,1874,2000),
	(20651,1481,1875,2100),
	(20652,1481,2117,2200),
	(20653,1481,2118,2300),
	(20654,1481,2119,2400),
	(20655,1481,2120,2500),
	(20681,1483,2541,100),
	(20682,1483,2542,200),
	(20683,1483,2543,300),
	(20684,1483,2544,400),
	(20685,1483,2414,500),
	(20686,1483,2090,600),
	(20687,1483,2413,700),
	(20688,1483,2412,800),
	(20689,1483,2411,900),
	(20690,1483,2402,1000),
	(20691,1483,2401,1100),
	(20692,1483,2394,1200),
	(20693,1483,2400,1300),
	(20694,1483,2399,1400),
	(20695,1483,2398,1500),
	(20696,1483,2540,1600),
	(20697,1483,2511,1700),
	(20698,1483,2512,1800),
	(20699,1483,2277,1900),
	(20700,1483,2002,2000),
	(20701,1483,2278,2100),
	(20702,1483,1972,2200),
	(20703,1483,1971,2300),
	(20704,1484,2394,100),
	(20705,1484,2400,200),
	(20706,1484,2399,300),
	(20707,1484,2398,400),
	(20708,1484,2540,500),
	(20709,1484,2511,600),
	(20710,1484,2512,700),
	(20711,1484,2277,800),
	(20712,1484,2002,900),
	(20713,1484,2278,1000),
	(20714,1484,1972,1100),
	(20715,1484,1971,1200),
	(20716,1485,1921,100),
	(20717,1485,1861,200),
	(20718,1485,1860,300),
	(20719,1485,1944,400),
	(20720,1485,2207,500),
	(20721,1485,2231,600),
	(20722,1485,2019,700),
	(20723,1485,2545,800),
	(20724,1485,2546,900),
	(20725,1486,1921,100),
	(20726,1486,1861,200),
	(20727,1486,1860,300),
	(20728,1486,1944,400),
	(20729,1486,2207,500),
	(20730,1486,2231,600),
	(20731,1486,2019,700),
	(20732,1486,2545,800),
	(20733,1486,2546,900),
	(20734,1487,1921,100),
	(20735,1487,1861,200),
	(20736,1487,1860,300),
	(20737,1487,1944,400),
	(20738,1487,2207,500),
	(20739,1487,2231,600),
	(20740,1487,2019,700),
	(20741,1487,2276,800),
	(20742,1487,2250,900),
	(20743,1488,1875,100),
	(20744,1488,2117,200),
	(20745,1488,2118,300),
	(20746,1488,2119,400),
	(20747,1488,2120,500),
	(20748,1488,2121,600),
	(20749,1488,2122,700),
	(20750,1488,2123,800),
	(20751,1488,2547,900),
	(20752,1488,2548,1000),
	(20753,1488,2549,1100),
	(20754,1488,2550,1200),
	(20755,1489,2149,100),
	(20756,1489,1940,200),
	(20757,1489,1887,300),
	(20758,1489,1888,400),
	(20759,1489,1922,500),
	(20760,1489,1899,600),
	(20761,1489,1900,700),
	(20762,1489,1967,800),
	(20763,1489,1968,900),
	(20764,1489,1975,1000),
	(20765,1489,1976,1100),
	(20766,1489,1977,1200),
	(20767,1489,1978,1300),
	(20768,1489,2151,1400),
	(20769,1489,2152,1500),
	(20770,1490,1989,100),
	(20771,1490,1942,200),
	(20772,1490,1943,300),
	(20773,1490,1944,400),
	(20774,1490,1860,500),
	(20775,1490,1861,600),
	(20776,1490,1992,700),
	(20777,1490,1993,800),
	(20778,1490,2205,900),
	(20779,1490,1991,1000),
	(20780,1490,1881,1100),
	(20781,1490,1882,1200),
	(20782,1490,1886,1300),
	(20783,1490,1884,1400),
	(20784,1490,1901,1500),
	(20785,1490,1902,1600),
	(20786,1490,1903,1700),
	(20787,1490,1904,1800),
	(20788,1490,1905,1900),
	(20789,1490,1906,2000),
	(20790,1490,1907,2100),
	(20791,1490,1908,2200),
	(20792,1490,1909,2300),
	(20793,1490,2139,2400),
	(20794,1490,2140,2500),
	(20795,1490,2141,2600),
	(20796,1490,2142,2700),
	(20797,1491,1921,100),
	(20798,1491,1885,200),
	(20799,1491,2153,300),
	(20800,1491,1999,400),
	(20801,1491,2010,500),
	(20802,1491,2011,600),
	(20803,1491,2012,700),
	(20804,1491,2013,800),
	(20805,1491,2006,900),
	(20806,1491,2154,1000),
	(20807,1491,2155,1100),
	(20808,1491,2197,1200),
	(20809,1491,2196,1300),
	(20810,1491,2195,1400),
	(20811,1492,1861,100),
	(20812,1492,1885,200),
	(20813,1492,2153,300),
	(20814,1492,1999,400),
	(20815,1492,2010,500),
	(20816,1492,2011,600),
	(20817,1492,2012,700),
	(20818,1492,2013,800),
	(20819,1492,2006,900),
	(20820,1492,2154,1000),
	(20821,1492,2155,1100),
	(20822,1492,2197,1200),
	(20823,1492,2196,1300),
	(20824,1492,2551,1400),
	(20853,1495,2270,100),
	(20854,1495,2280,200),
	(20855,1495,2223,300),
	(20856,1495,2224,400),
	(20857,1495,2018,500),
	(20858,1495,2237,600),
	(20859,1495,2540,700),
	(20860,1495,2511,800),
	(20861,1495,2512,900),
	(20862,1495,2277,1000),
	(20863,1495,2002,1100),
	(20864,1495,2278,1200),
	(20865,1495,1972,1300),
	(20866,1495,1971,1400),
	(20867,1496,2020,100),
	(20868,1496,2019,200),
	(20869,1496,2018,300),
	(20870,1496,2237,400),
	(20871,1496,2540,500),
	(20872,1496,2511,600),
	(20873,1496,2512,700),
	(20874,1496,2277,800),
	(20875,1496,2002,900),
	(20876,1496,2278,1000),
	(20877,1496,2083,1100),
	(20878,1497,1912,100),
	(20879,1497,1924,200),
	(20880,1497,1925,300),
	(20881,1497,2010,400),
	(20882,1497,2208,500),
	(20883,1497,2269,600),
	(20884,1497,2280,700),
	(20885,1497,2227,800),
	(20886,1497,2224,900),
	(20887,1497,2018,1000),
	(20888,1497,2237,1100),
	(20889,1497,2540,1200),
	(20890,1497,2511,1300),
	(20891,1497,2512,1400),
	(20892,1497,2277,1500),
	(20893,1497,2002,1600),
	(20894,1497,2278,1700),
	(20895,1497,2083,1800),
	(20896,1498,2389,100),
	(20897,1498,2388,200),
	(20898,1498,2387,300),
	(20899,1498,2386,400),
	(20900,1498,2385,500),
	(20901,1498,2210,600),
	(20902,1498,2209,700),
	(20903,1498,2208,800),
	(20904,1498,2269,900),
	(20905,1498,2280,1000),
	(20906,1498,2223,1100),
	(20907,1498,2224,1200),
	(20908,1498,2018,1300),
	(20909,1498,2237,1400),
	(20910,1498,2540,1500),
	(20911,1498,2511,1600),
	(20912,1498,2512,1700),
	(20913,1498,2277,1800),
	(20914,1498,2002,1900),
	(20915,1498,2278,2000),
	(20916,1498,1972,2100),
	(20917,1498,1971,2200),
	(20918,1499,2211,100),
	(20919,1499,2210,200),
	(20920,1499,2209,300),
	(20921,1499,2208,400),
	(20922,1499,2269,500),
	(20923,1499,2280,600),
	(20924,1499,2223,700),
	(20925,1499,2224,800),
	(20926,1499,2018,900),
	(20927,1499,2237,1000),
	(20928,1499,2540,1100),
	(20929,1499,2511,1200),
	(20930,1499,1913,1300),
	(20931,1499,2277,1400),
	(20932,1499,2002,1500),
	(20933,1499,2278,1600),
	(20934,1499,2083,1700),
	(20935,1500,1855,100),
	(20936,1500,1856,200),
	(20937,1500,1857,300),
	(20938,1500,1942,400),
	(20939,1500,1943,500),
	(20940,1500,1944,600),
	(20941,1500,1930,700),
	(20942,1500,2022,800),
	(20943,1500,1999,900),
	(20944,1500,2000,1000),
	(20945,1500,2001,1100),
	(20946,1500,2002,1200),
	(20947,1500,2003,1300),
	(20948,1500,2004,1400),
	(20949,1500,2005,1500),
	(20950,1501,1912,100),
	(20951,1501,1924,200),
	(20952,1501,1925,300),
	(20953,1501,1855,400),
	(20954,1501,1876,500),
	(20955,1501,1857,600),
	(20956,1501,1942,700),
	(20957,1501,1943,800),
	(20958,1501,1944,900),
	(20959,1501,1931,1000),
	(20960,1501,1932,1100),
	(20961,1501,2019,1200),
	(20962,1501,2545,1300),
	(20963,1501,2546,1400),
	(20964,1502,2030,100),
	(20965,1502,2029,200),
	(20966,1502,2027,300),
	(20967,1502,2018,400),
	(20968,1502,2235,500),
	(20969,1502,1931,600),
	(20970,1502,1944,700),
	(20971,1502,1943,800),
	(20972,1502,1942,900),
	(20973,1502,1857,1000),
	(20974,1502,1876,1100),
	(20975,1502,1855,1200),
	(20976,1503,2217,100),
	(20977,1503,2026,200),
	(20978,1503,2220,300),
	(20979,1503,2219,400),
	(20980,1503,2218,500),
	(20981,1504,1921,100),
	(20982,1504,1885,200),
	(20983,1504,1998,300),
	(20984,1504,2024,400),
	(20985,1504,2226,500),
	(20986,1504,2217,600),
	(20987,1504,2026,700),
	(20988,1504,2220,800),
	(20989,1504,2169,900),
	(20990,1505,2155,100),
	(20991,1505,2154,200),
	(20992,1505,2006,300),
	(20993,1505,2007,400),
	(20994,1505,2002,500),
	(20995,1505,2001,600),
	(20996,1505,2075,700),
	(20997,1505,2074,800),
	(20998,1505,2042,900),
	(20999,1505,2039,1000),
	(21000,1505,2040,1100),
	(21001,1505,1938,1200),
	(21002,1505,1939,1300),
	(21003,1506,1939,100),
	(21004,1506,1938,200),
	(21005,1506,2040,300),
	(21006,1506,2225,400),
	(21007,1506,2074,500),
	(21008,1506,2075,600),
	(21009,1506,2001,700),
	(21010,1506,2002,800),
	(21011,1506,2003,900),
	(21012,1506,2004,1000),
	(21013,1507,1939,100),
	(21014,1507,1938,200),
	(21015,1507,2040,300),
	(21016,1507,2552,400),
	(21017,1507,2074,500),
	(21018,1507,2075,600),
	(21019,1507,2001,700),
	(21020,1507,2002,800),
	(21021,1507,2553,900),
	(21022,1507,2005,1000),
	(21036,1509,1939,100),
	(21037,1509,1938,200),
	(21038,1509,2040,300),
	(21039,1509,2039,400),
	(21040,1509,2042,500),
	(21041,1509,2074,600),
	(21042,1509,2075,700),
	(21043,1509,2001,800),
	(21044,1509,2002,900),
	(21045,1509,2007,1000),
	(21046,1509,2006,1100),
	(21047,1509,2154,1200),
	(21048,1509,2170,1300),
	(21049,1509,2171,1400),
	(21050,1509,2178,1500),
	(21051,1510,2259,100),
	(21052,1510,2258,200),
	(21053,1510,2197,300),
	(21054,1510,2155,400),
	(21055,1510,2154,500),
	(21056,1510,2006,600),
	(21057,1510,2007,700),
	(21058,1510,2002,800),
	(21059,1510,2001,900),
	(21060,1510,2075,1000),
	(21061,1510,2074,1100),
	(21062,1510,2100,1200),
	(21063,1510,2042,1300),
	(21064,1510,2040,1400),
	(21065,1510,1938,1500),
	(21066,1510,1939,1600),
	(21067,1511,1921,100),
	(21068,1511,1885,200),
	(21069,1511,2078,300),
	(21070,1511,2079,400),
	(21071,1511,2080,500),
	(21072,1511,2081,600),
	(21073,1511,2082,700),
	(21074,1511,2090,800),
	(21075,1511,2091,900),
	(21076,1511,2161,1000),
	(21077,1511,2162,1100),
	(21078,1511,2174,1200),
	(21079,1511,2325,1300),
	(21080,1511,2326,1400),
	(21081,1511,2473,1500),
	(21082,1511,2474,1600),
	(21083,1511,2195,1700),
	(21084,1512,1941,100),
	(21085,1512,1992,200),
	(21086,1512,1993,300),
	(21087,1512,1990,400),
	(21088,1512,1991,500),
	(21089,1512,1881,600),
	(21090,1512,1883,700),
	(21091,1512,1954,800),
	(21092,1512,1887,900),
	(21093,1512,1888,1000),
	(21094,1512,1922,1100),
	(21095,1512,1890,1200),
	(21096,1512,1891,1300),
	(21097,1512,1892,1400),
	(21098,1512,2073,1500),
	(21099,1512,1958,1600),
	(21100,1512,1959,1700),
	(21101,1512,2166,1800),
	(21102,1512,2297,1900),
	(21103,1512,2315,2000),
	(21104,1512,2295,2100),
	(21105,1513,1941,100),
	(21106,1513,1992,200),
	(21107,1513,1993,300),
	(21108,1513,1990,400),
	(21109,1513,1879,500),
	(21110,1513,1880,600),
	(21111,1513,1881,700),
	(21112,1513,1883,800),
	(21113,1513,1954,900),
	(21114,1513,1868,1000),
	(21115,1513,1869,1100),
	(21116,1513,1870,1200),
	(21117,1513,1871,1300),
	(21118,1513,1872,1400),
	(21119,1513,1873,1500),
	(21120,1513,2116,1600),
	(21121,1513,2115,1700),
	(21122,1514,1921,100),
	(21123,1514,1885,200),
	(21124,1514,2078,300),
	(21125,1514,2079,400),
	(21126,1514,2080,500),
	(21127,1514,2081,600),
	(21128,1514,2082,700),
	(21129,1514,2090,800),
	(21130,1514,2091,900),
	(21131,1514,2161,1000),
	(21132,1514,2162,1100),
	(21133,1514,2163,1200),
	(21134,1514,2164,1300),
	(21135,1514,2331,1400),
	(21136,1514,2338,1500),
	(21152,1516,1939,100),
	(21153,1516,1867,200),
	(21154,1516,1868,300),
	(21155,1516,2133,400),
	(21156,1516,2107,500),
	(21157,1516,2184,600),
	(21158,1516,2047,700),
	(21159,1516,2048,800),
	(21160,1516,2163,900),
	(21161,1516,2104,1000),
	(21162,1516,2337,1100),
	(21163,1517,1939,100),
	(21164,1517,1867,200),
	(21165,1517,1940,300),
	(21166,1517,1868,400),
	(21167,1517,2133,500),
	(21168,1517,2107,600),
	(21169,1517,2097,700),
	(21170,1517,2047,800),
	(21171,1517,2048,900),
	(21172,1517,2163,1000),
	(21173,1517,2164,1100),
	(21174,1517,2331,1200),
	(21175,1517,2338,1300),
	(21176,1517,2339,1400),
	(21177,1517,2340,1500),
	(21178,1517,2341,1600),
	(21179,1517,2352,1700),
	(21180,1517,2343,1800),
	(21181,1517,2344,1900),
	(21182,1517,2345,2000),
	(21183,1518,1941,100),
	(21184,1518,1885,200),
	(21185,1518,1877,300),
	(21186,1518,1864,400),
	(21187,1518,1865,500),
	(21188,1518,1866,600),
	(21189,1518,1867,700),
	(21190,1518,1940,800),
	(21191,1518,1868,900),
	(21192,1518,1869,1000),
	(21193,1518,1870,1100),
	(21194,1518,1871,1200),
	(21195,1518,1872,1300),
	(21196,1518,2378,1400),
	(21197,1518,2379,1500),
	(21198,1518,2380,1600),
	(21199,1518,2381,1700),
	(21200,1519,1855,100),
	(21201,1519,1876,200),
	(21202,1519,1857,300),
	(21203,1519,1942,400),
	(21204,1519,1943,500),
	(21205,1519,1944,600),
	(21206,1519,1930,700),
	(21207,1519,2022,800),
	(21208,1519,2215,900),
	(21209,1519,2079,1000),
	(21210,1519,2080,1100),
	(21211,1519,2081,1200),
	(21212,1519,2082,1300),
	(21213,1519,1972,1400),
	(21214,1519,1971,1500),
	(21215,1520,1855,100),
	(21216,1520,1876,200),
	(21217,1520,1857,300),
	(21218,1520,1942,400),
	(21219,1520,1943,500),
	(21220,1520,1944,600),
	(21221,1520,1930,700),
	(21222,1520,2022,800),
	(21223,1520,2215,900),
	(21224,1520,2079,1000),
	(21225,1520,2080,1100),
	(21226,1520,2081,1200),
	(21227,1520,2082,1300),
	(21228,1520,2090,1400),
	(21229,1520,2091,1500),
	(21230,1520,2161,1600),
	(21231,1520,2162,1700),
	(21232,1520,2174,1800),
	(21233,1521,1855,100),
	(21234,1521,1876,200),
	(21235,1521,1857,300),
	(21236,1521,1942,400),
	(21237,1521,1943,500),
	(21238,1521,1944,600),
	(21239,1521,1930,700),
	(21240,1521,2022,800),
	(21241,1521,2215,900),
	(21242,1521,2079,1000),
	(21243,1521,2080,1100),
	(21244,1521,2081,1200),
	(21245,1521,2082,1300),
	(21246,1521,2083,1400),
	(21247,1522,2264,100),
	(21248,1522,1942,200),
	(21249,1522,1943,300),
	(21250,1522,1944,400),
	(21251,1522,1930,500),
	(21252,1522,2022,600),
	(21253,1522,2215,700),
	(21254,1522,2079,800),
	(21255,1522,2080,900),
	(21256,1522,2081,1000),
	(21257,1522,2082,1100),
	(21258,1522,2083,1200),
	(21259,1523,1912,100),
	(21260,1523,1913,200),
	(21261,1523,1914,300),
	(21262,1523,1915,400),
	(21263,1523,1916,500),
	(21264,1523,1855,600),
	(21265,1523,1876,700),
	(21266,1523,1857,800),
	(21267,1523,1942,900),
	(21268,1523,1943,1000),
	(21269,1523,1944,1100),
	(21270,1523,1930,1200),
	(21271,1523,2022,1300),
	(21272,1523,2215,1400),
	(21273,1523,2079,1500),
	(21274,1523,2080,1600),
	(21275,1523,2081,1700),
	(21276,1523,2082,1800),
	(21277,1523,2083,1900),
	(21324,1527,1989,100),
	(21325,1527,1942,200),
	(21326,1527,1943,300),
	(21327,1527,1944,400),
	(21328,1527,1930,500),
	(21329,1527,2022,600),
	(21330,1527,2221,700),
	(21331,1527,2079,800),
	(21332,1527,2080,900),
	(21333,1527,2081,1000),
	(21334,1527,2082,1100),
	(21335,1527,2083,1200),
	(21336,1528,1912,100),
	(21337,1528,1913,200),
	(21338,1528,1914,300),
	(21339,1528,1915,400),
	(21340,1528,1916,500),
	(21341,1528,1855,600),
	(21342,1528,1876,700),
	(21343,1528,1857,800),
	(21344,1528,1942,900),
	(21345,1528,1943,1000),
	(21346,1528,1944,1100),
	(21347,1528,1930,1200),
	(21348,1528,2022,1300),
	(21349,1528,2215,1400),
	(21350,1528,2079,1500),
	(21351,1528,2080,1600),
	(21352,1528,2081,1700),
	(21353,1528,2082,1800),
	(21354,1528,2083,1900),
	(21355,1529,2222,100),
	(21356,1529,2223,200),
	(21357,1529,2224,300),
	(21358,1529,2018,400),
	(21359,1529,2217,500),
	(21360,1530,2048,100),
	(21361,1530,2047,200),
	(21362,1530,2102,300),
	(21363,1530,2185,400),
	(21364,1530,2528,500),
	(21365,1530,2433,600),
	(21366,1530,2209,700),
	(21367,1530,2432,800),
	(21368,1530,2318,900),
	(21369,1530,1872,1000),
	(21370,1530,1873,1100),
	(21371,1530,1874,1200),
	(21372,1530,1875,1300),
	(21373,1531,2020,100),
	(21374,1531,2019,200),
	(21375,1531,1932,300),
	(21376,1531,2235,400),
	(21377,1531,2018,500),
	(21378,1531,2237,600),
	(21379,1531,2540,700),
	(21380,1531,2511,800),
	(21381,1531,2512,900),
	(21382,1531,2277,1000),
	(21383,1531,2002,1100),
	(21384,1531,2278,1200),
	(21385,1531,1973,1300),
	(21386,1531,2306,1400),
	(21387,1531,1962,1500),
	(21388,1531,2128,1600),
	(21389,1531,1869,1700),
	(21390,1531,1870,1800),
	(21391,1531,1871,1900),
	(21392,1531,1872,2000),
	(21393,1531,1873,2100),
	(21394,1531,1874,2200),
	(21395,1531,1875,2300),
	(21396,1532,2476,100),
	(21397,1532,2475,200),
	(21398,1532,2155,300),
	(21399,1532,2154,400),
	(21400,1532,2006,500),
	(21401,1532,2007,600),
	(21402,1532,2002,700),
	(21403,1532,2278,800),
	(21404,1532,1973,900),
	(21405,1532,2306,1000),
	(21406,1532,1962,1100),
	(21407,1532,2128,1200),
	(21408,1532,1869,1300),
	(21409,1532,1870,1400),
	(21410,1532,1871,1500),
	(21411,1532,1872,1600),
	(21412,1532,1873,1700),
	(21413,1532,1874,1800),
	(21414,1532,1875,1900),
	(21415,1532,2117,2000),
	(21416,1532,2118,2100),
	(21417,1532,2119,2200),
	(21418,1532,2120,2300),
	(21419,1533,2232,100),
	(21420,1533,2233,200),
	(21421,1533,2195,300),
	(21422,1533,2196,400),
	(21423,1533,2197,500),
	(21424,1533,2155,600),
	(21425,1533,2154,700),
	(21426,1533,2006,800),
	(21427,1533,2007,900),
	(21428,1533,2002,1000),
	(21429,1533,2278,1100),
	(21430,1533,1973,1200),
	(21431,1533,2306,1300),
	(21432,1533,1962,1400),
	(21433,1533,2128,1500),
	(21434,1533,1869,1600),
	(21435,1533,1870,1700),
	(21436,1533,1871,1800),
	(21437,1533,1872,1900),
	(21438,1533,1873,2000),
	(21439,1533,1874,2100),
	(21440,1533,1875,2200),
	(21441,1534,2174,100),
	(21442,1534,2162,200),
	(21443,1534,2161,300),
	(21444,1534,2091,400),
	(21445,1534,2090,500),
	(21446,1534,1971,600),
	(21447,1534,1972,700),
	(21448,1534,1973,800),
	(21449,1534,2306,900),
	(21450,1534,1962,1000),
	(21451,1534,2128,1100),
	(21452,1534,1869,1200),
	(21453,1534,1870,1300),
	(21454,1534,1871,1400),
	(21455,1534,1872,1500),
	(21456,1534,1873,1600),
	(21457,1534,1874,1700),
	(21458,1534,1875,1800),
	(21459,1535,2027,100),
	(21460,1535,2220,200),
	(21461,1535,2219,300),
	(21462,1535,2511,400),
	(21463,1535,2512,500),
	(21464,1535,2277,600),
	(21465,1535,2002,700),
	(21466,1535,2278,800),
	(21467,1535,1973,900),
	(21468,1535,2306,1000),
	(21469,1535,1962,1100),
	(21470,1535,2128,1200),
	(21471,1535,1869,1300),
	(21472,1535,1870,1400),
	(21473,1535,1871,1500),
	(21474,1535,1872,1600),
	(21475,1535,1873,1700),
	(21476,1535,1874,1800),
	(21477,1535,1875,1900),
	(21478,1536,2264,100),
	(21479,1536,2263,200),
	(21480,1536,2271,300),
	(21481,1536,2020,400),
	(21482,1536,2018,500),
	(21483,1536,2237,600),
	(21484,1536,2540,700),
	(21485,1536,2511,800),
	(21486,1536,2512,900),
	(21487,1536,2277,1000),
	(21488,1536,2002,1100),
	(21489,1536,2278,1200),
	(21490,1536,1973,1300),
	(21491,1536,2306,1400),
	(21492,1536,1962,1500),
	(21493,1536,2128,1600),
	(21494,1536,1869,1700),
	(21495,1536,1870,1800),
	(21496,1536,1871,1900),
	(21497,1536,1872,2000),
	(21498,1536,1873,2100),
	(21499,1536,1874,2200),
	(21500,1536,1875,2300),
	(21501,1537,2155,100),
	(21502,1537,2154,200),
	(21503,1537,2006,300),
	(21504,1537,2013,400),
	(21505,1537,2002,500),
	(21506,1537,2278,600),
	(21507,1537,1973,700),
	(21508,1537,2306,800),
	(21509,1537,1962,900),
	(21510,1537,2128,1000),
	(21511,1537,1869,1100),
	(21512,1537,1870,1200),
	(21513,1537,1871,1300),
	(21514,1537,1872,1400),
	(21515,1537,1873,1500),
	(21516,1537,1874,1600),
	(21517,1537,1875,1700),
	(21518,1537,2117,1800),
	(21519,1537,2118,1900),
	(21520,1537,2119,2000),
	(21521,1537,2120,2100),
	(21522,1537,2121,2200),
	(21523,1537,2122,2300),
	(21524,1537,2123,2400),
	(21525,1538,2027,100),
	(21526,1538,2220,200),
	(21527,1538,2168,300),
	(21528,1538,2511,400),
	(21529,1538,2512,500),
	(21530,1538,2277,600),
	(21531,1538,2002,700),
	(21532,1538,2278,800),
	(21533,1538,1973,900),
	(21534,1538,2306,1000),
	(21535,1538,1962,1100),
	(21536,1538,2128,1200),
	(21537,1538,2149,1300),
	(21538,1539,2030,100),
	(21539,1539,2029,200),
	(21540,1539,2220,300),
	(21541,1539,2219,400),
	(21542,1539,2511,500),
	(21543,1539,2512,600),
	(21544,1539,2277,700),
	(21545,1539,2002,800),
	(21546,1539,2278,900),
	(21547,1539,1973,1000),
	(21548,1539,2306,1100),
	(21549,1539,1962,1200),
	(21550,1539,2128,1300),
	(21551,1539,1869,1400),
	(21552,1539,1870,1500),
	(21553,1539,1871,1600),
	(21554,1539,1872,1700),
	(21555,1539,1873,1800),
	(21556,1539,1874,1900),
	(21557,1539,1875,2000),
	(21576,1541,2027,100),
	(21577,1541,2220,200),
	(21578,1541,2219,300),
	(21579,1541,2511,400),
	(21580,1541,2512,500),
	(21581,1541,2277,600),
	(21582,1541,2002,700),
	(21583,1541,2278,800),
	(21584,1541,1973,900),
	(21585,1541,2306,1000),
	(21586,1541,1962,1100),
	(21587,1541,2128,1200),
	(21588,1541,2149,1300),
	(21589,1541,1887,1400),
	(21590,1541,1888,1500),
	(21591,1541,1889,1600),
	(21592,1541,1899,1700),
	(21593,1541,1966,1800),
	(21594,1541,1884,1900),
	(21613,1543,2251,100),
	(21614,1543,2224,200),
	(21615,1543,2018,300),
	(21616,1543,2237,400),
	(21617,1543,2540,500),
	(21618,1543,2511,600),
	(21619,1543,2512,700),
	(21620,1543,2277,800),
	(21621,1543,2002,900),
	(21622,1543,2278,1000),
	(21623,1543,1973,1100),
	(21624,1543,2306,1200),
	(21625,1543,1962,1300),
	(21626,1543,2128,1400),
	(21627,1543,1869,1500),
	(21628,1543,1870,1600),
	(21629,1543,1871,1700),
	(21630,1543,1872,1800),
	(21631,1543,1873,1900),
	(21632,1543,1874,2000),
	(21633,1543,1875,2100),
	(21634,1543,2118,2200),
	(21635,1543,2120,2300),
	(21636,1544,2270,100),
	(21637,1544,2280,200),
	(21638,1544,2223,300),
	(21639,1544,2224,400),
	(21640,1544,2018,500),
	(21641,1544,2027,600),
	(21642,1544,2220,700),
	(21643,1544,2168,800),
	(21644,1544,2511,900),
	(21645,1544,2512,1000),
	(21646,1544,2277,1100),
	(21647,1544,2002,1200),
	(21648,1544,2278,1300),
	(21649,1544,1973,1400),
	(21650,1544,2306,1500),
	(21651,1544,1962,1600),
	(21652,1544,2128,1700),
	(21653,1544,2149,1800),
	(21701,1547,2174,100),
	(21702,1547,2162,200),
	(21703,1547,2161,300),
	(21704,1547,2091,400),
	(21705,1547,2090,500),
	(21706,1547,1971,600),
	(21707,1547,1972,700),
	(21708,1547,1973,800),
	(21709,1547,2306,900),
	(21710,1547,1962,1000),
	(21711,1547,2128,1100),
	(21712,1547,2149,1200),
	(21713,1547,1940,1300),
	(21714,1547,1887,1400),
	(21715,1547,1888,1500),
	(21716,1547,1889,1600),
	(21717,1548,2169,100),
	(21718,1548,2219,200),
	(21719,1548,2511,300),
	(21720,1548,2512,400),
	(21721,1548,2277,500),
	(21722,1548,2554,600),
	(21723,1548,2278,700),
	(21724,1548,1973,800),
	(21725,1548,2306,900),
	(21726,1548,1962,1000),
	(21727,1548,2128,1100),
	(21728,1548,2149,1200),
	(21729,1549,2021,100),
	(21730,1549,2002,200),
	(21731,1549,2278,300),
	(21732,1549,1973,400),
	(21733,1549,2306,500),
	(21734,1549,1962,600),
	(21735,1549,2128,700),
	(21736,1549,2149,800),
	(21737,1549,1940,900),
	(21738,1549,1887,1000),
	(21739,1549,1888,1100),
	(21740,1549,1922,1200),
	(21741,1549,1899,1300),
	(21742,1549,1900,1400),
	(21743,1549,1884,1500),
	(21744,1550,1855,100),
	(21745,1550,1856,200),
	(21746,1550,1857,300),
	(21747,1550,1942,400),
	(21748,1550,1943,500),
	(21749,1550,1944,600),
	(21750,1550,1930,700),
	(21751,1550,1885,800),
	(21752,1550,1863,900),
	(21753,1550,2036,1000),
	(21754,1550,2204,1100),
	(21755,1551,2132,100),
	(21756,1551,1944,200),
	(21757,1551,2229,300),
	(21758,1551,1885,400),
	(21759,1551,1877,500),
	(21760,1551,2060,600),
	(21761,1552,1944,100),
	(21762,1552,2229,200),
	(21763,1552,1885,300),
	(21764,1552,1877,400),
	(21765,1552,2060,500),
	(21766,1553,1989,100),
	(21767,1553,1942,200),
	(21768,1553,1943,300),
	(21769,1553,1944,400),
	(21770,1553,2229,500),
	(21771,1553,1885,600),
	(21772,1553,1877,700),
	(21773,1553,2060,800),
	(21774,1553,2230,900),
	(21775,1553,2057,1000),
	(21776,1553,1991,1100),
	(21777,1554,1928,100),
	(21778,1554,1992,200),
	(21779,1554,1861,300),
	(21780,1554,1885,400),
	(21781,1554,1998,500),
	(21782,1554,2016,600),
	(21783,1554,2226,700),
	(21784,1554,2213,800),
	(21785,1554,2026,900),
	(21786,1554,2220,1000),
	(21787,1554,2219,1100),
	(21788,1554,2218,1200),
	(21789,1554,2510,1300),
	(21790,1554,2399,1400),
	(21791,1554,2400,1500),
	(21792,1554,2394,1600),
	(21793,1555,1921,100),
	(21794,1555,1885,200),
	(21795,1555,1998,300),
	(21796,1555,2016,400),
	(21797,1555,2025,500),
	(21798,1555,2026,600),
	(21799,1555,2220,700),
	(21800,1555,2168,800),
	(21801,1555,2218,900),
	(21802,1555,2510,1000),
	(21803,1555,2399,1100),
	(21804,1555,2400,1200),
	(21805,1555,2394,1300),
	(21819,1557,1921,100),
	(21820,1557,1885,200),
	(21821,1557,1998,300),
	(21822,1557,2016,400),
	(21823,1557,2025,500),
	(21824,1557,2026,600),
	(21825,1557,2220,700),
	(21826,1557,2168,800),
	(21827,1557,2218,900),
	(21828,1557,2510,1000),
	(21829,1557,2399,1100),
	(21830,1557,2400,1200),
	(21831,1557,2394,1300),
	(21832,1558,1944,100),
	(21833,1558,2016,200),
	(21834,1558,2009,300),
	(21835,1558,2010,400),
	(21836,1558,2011,500),
	(21837,1558,2012,600),
	(21838,1558,2013,700),
	(21839,1558,2006,800),
	(21840,1558,2154,900),
	(21841,1558,2155,1000),
	(21842,1558,2475,1100),
	(21843,1559,1944,100),
	(21844,1559,2016,200),
	(21845,1559,2009,300),
	(21846,1559,2010,400),
	(21847,1559,2011,500),
	(21848,1559,2012,600),
	(21849,1559,2013,700),
	(21850,1559,2006,800),
	(21851,1559,2154,900),
	(21852,1559,2155,1000),
	(21853,1559,2156,1100),
	(21854,1559,2157,1200),
	(21855,1560,1944,100),
	(21856,1560,2016,200),
	(21857,1560,2009,300),
	(21858,1560,2010,400),
	(21859,1560,2011,500),
	(21860,1560,2012,600),
	(21861,1560,2013,700),
	(21862,1560,2006,800),
	(21863,1560,2154,900),
	(21864,1560,2155,1000),
	(21865,1560,2475,1100),
	(21866,1561,1944,100),
	(21867,1561,2016,200),
	(21868,1561,2009,300),
	(21869,1561,2010,400),
	(21870,1561,2011,500),
	(21871,1561,2012,600),
	(21872,1561,2013,700),
	(21873,1561,2006,800),
	(21874,1561,2154,900),
	(21875,1561,2155,1000),
	(21876,1561,2475,1100),
	(21877,1561,2476,1200),
	(21889,1563,2080,100),
	(21890,1563,2081,200),
	(21891,1563,2082,300),
	(21892,1563,2090,400),
	(21893,1563,2091,500),
	(21894,1563,2161,600),
	(21895,1563,2162,700),
	(21896,1563,2163,800),
	(21897,1563,2164,900),
	(21898,1563,2331,1000),
	(21899,1563,2338,1100),
	(21900,1563,2339,1200),
	(21901,1564,1941,100),
	(21902,1564,1885,200),
	(21903,1564,1863,300),
	(21904,1564,1864,400),
	(21905,1564,1865,500),
	(21906,1564,1866,600),
	(21907,1564,1867,700),
	(21908,1564,1868,800),
	(21909,1564,2133,900),
	(21910,1564,2107,1000),
	(21911,1564,2097,1100),
	(21912,1564,2047,1200),
	(21913,1564,2048,1300),
	(21914,1564,2163,1400),
	(21915,1564,2164,1500),
	(21961,1568,1921,100),
	(21962,1568,2229,200),
	(21963,1568,2384,300),
	(21964,1568,1859,400),
	(21965,1568,1942,500),
	(21966,1568,1857,600),
	(21967,1568,1856,700),
	(21968,1568,1855,800),
	(21969,1569,1921,100),
	(21970,1569,2229,200),
	(21971,1569,2384,300),
	(21972,1569,1859,400),
	(21973,1569,1942,500),
	(21974,1569,1857,600),
	(21975,1569,1856,700),
	(21976,1569,1855,800),
	(21977,1570,2232,100),
	(21978,1570,2233,200),
	(21979,1570,2195,300),
	(21980,1570,2196,400),
	(21981,1570,2197,500),
	(21982,1570,2155,600),
	(21983,1570,2475,700),
	(21984,1570,2476,800),
	(21985,1570,2477,900),
	(21986,1570,2478,1000),
	(21987,1570,2398,1100),
	(21988,1570,2237,1200),
	(21989,1570,2018,1300),
	(21990,1570,2224,1400),
	(21991,1570,2223,1500),
	(21992,1570,2280,1600),
	(21993,1570,2269,1700),
	(21994,1570,2208,1800),
	(21995,1570,2209,1900),
	(21996,1570,2210,2000),
	(21997,1570,2385,2100),
	(21998,1570,2386,2200),
	(21999,1570,2387,2300),
	(22000,1570,2388,2400),
	(22001,1570,2481,2500),
	(22002,1570,2389,2600),
	(22003,1571,2195,100),
	(22004,1571,2474,200),
	(22005,1571,2473,300),
	(22006,1571,2472,400),
	(22007,1571,2471,500),
	(22008,1571,2470,600),
	(22009,1571,2163,700),
	(22010,1571,2104,800),
	(22011,1571,2555,900),
	(22012,1571,2507,1000),
	(22013,1571,2433,1100),
	(22014,1571,2209,1200),
	(22015,1571,2432,1300),
	(22016,1571,2318,1400),
	(22017,1571,1872,1500),
	(22018,1571,1873,1600),
	(22019,1571,1874,1700),
	(22020,1571,1875,1800),
	(22021,1572,2006,100),
	(22022,1572,2007,200),
	(22023,1572,2002,300),
	(22024,1572,2278,400),
	(22025,1572,2089,500),
	(22026,1572,2306,600),
	(22027,1572,1962,700),
	(22028,1572,2128,800),
	(22029,1572,2149,900),
	(22030,1572,1887,1000),
	(22031,1572,1888,1100),
	(22032,1572,1889,1200),
	(22033,1572,1890,1300),
	(22034,1572,1891,1400),
	(22035,1572,1892,1500),
	(22036,1572,2072,1600),
	(22037,1573,2195,100),
	(22038,1573,2196,200),
	(22039,1573,2197,300),
	(22040,1573,2155,400),
	(22041,1573,2154,500),
	(22042,1573,2006,600),
	(22043,1573,2007,700),
	(22044,1573,2002,800),
	(22045,1573,2278,900),
	(22046,1573,1973,1000),
	(22047,1573,2306,1100),
	(22048,1573,1962,1200),
	(22049,1573,2128,1300),
	(22050,1573,2149,1400),
	(22051,1573,1940,1500),
	(22052,1573,1887,1600),
	(22053,1573,1888,1700),
	(22054,1573,1889,1800),
	(22055,1573,1899,1900),
	(22056,1573,1900,2000),
	(22057,1573,1884,2100),
	(22058,1574,1875,100),
	(22059,1574,2117,200),
	(22060,1574,2118,300),
	(22061,1574,2119,400),
	(22062,1574,2120,500),
	(22063,1574,2121,600),
	(22064,1574,2122,700),
	(22065,1574,2123,800),
	(22066,1574,2547,900),
	(22067,1574,2548,1000),
	(22068,1574,2556,1100),
	(22069,1574,2369,1200),
	(22070,1574,2557,1300),
	(22071,1574,2558,1400),
	(22072,1574,2559,1500),
	(22073,1574,2560,1600),
	(22074,1574,2561,1700),
	(22075,1575,1939,100),
	(22076,1575,1867,200),
	(22077,1575,1940,300),
	(22078,1575,1868,400),
	(22079,1575,1869,500),
	(22080,1575,1870,600),
	(22081,1575,1871,700),
	(22082,1575,1872,800),
	(22083,1575,1873,900),
	(22084,1575,1874,1000),
	(22085,1575,1875,1100),
	(22086,1575,2117,1200),
	(22087,1575,2118,1300),
	(22088,1575,2119,1400),
	(22089,1575,2120,1500),
	(22090,1575,2121,1600),
	(22091,1575,2122,1700),
	(22092,1575,2123,1800),
	(22093,1575,2547,1900),
	(22094,1575,2548,2000),
	(22095,1575,2556,2100),
	(22096,1575,2369,2200),
	(22097,1575,2557,2300),
	(22098,1575,2558,2400),
	(22099,1575,2559,2500),
	(22100,1575,2560,2600),
	(22101,1575,2561,2700),
	(22129,1577,2115,100),
	(22130,1577,2116,200),
	(22131,1577,1874,300),
	(22132,1577,1875,400),
	(22133,1577,2117,500),
	(22134,1577,2118,600),
	(22135,1577,2119,700),
	(22136,1577,2120,800),
	(22137,1577,2121,900),
	(22138,1577,2122,1000),
	(22139,1577,2123,1100),
	(22140,1577,2547,1200),
	(22141,1577,2548,1300),
	(22142,1577,2556,1400),
	(22143,1577,2369,1500),
	(22144,1577,2557,1600),
	(22145,1577,2558,1700),
	(22146,1577,2559,1800),
	(22147,1577,2560,1900),
	(22148,1577,2561,2000),
	(22149,1578,2164,100),
	(22150,1578,2331,200),
	(22151,1578,2338,300),
	(22152,1578,2339,400),
	(22153,1578,2361,500),
	(22154,1578,2341,600),
	(22155,1578,2562,700),
	(22156,1578,2563,800),
	(22157,1578,2564,900),
	(22158,1578,2565,1000),
	(22159,1578,2566,1100),
	(22160,1578,2567,1200),
	(22161,1578,2568,1300),
	(22162,1578,2569,1400),
	(22163,1578,2570,1500),
	(22164,1578,2262,1600),
	(22165,1578,2571,1700),
	(22166,1578,2572,1800),
	(22167,1579,1921,100),
	(22168,1579,1885,200),
	(22169,1579,1877,300),
	(22170,1579,1864,400),
	(22171,1579,1865,500),
	(22172,1579,1866,600),
	(22173,1579,1867,700),
	(22174,1579,1940,800),
	(22175,1579,1868,900),
	(22176,1579,2133,1000),
	(22177,1579,2107,1100),
	(22178,1579,2097,1200),
	(22179,1579,2047,1300),
	(22180,1579,2048,1400),
	(22181,1579,2163,1500),
	(22182,1579,2164,1600),
	(22183,1579,2573,1700),
	(22184,1579,2333,1800),
	(22185,1579,2574,1900),
	(22186,1579,2575,2000),
	(22187,1579,2576,2100),
	(22188,1579,2577,2200),
	(22189,1579,2578,2300),
	(22190,1579,2579,2400),
	(22191,1579,2580,2500),
	(22192,1579,2581,2600),
	(22193,1580,2394,100),
	(22194,1580,2406,200),
	(22195,1580,1887,300),
	(22196,1580,2407,400),
	(22197,1580,2084,500),
	(22198,1580,2408,600),
	(22199,1580,2262,700),
	(22200,1580,2420,800),
	(22201,1580,2496,900),
	(22202,1580,2497,1000),
	(22203,1580,2488,1100),
	(22204,1580,2489,1200),
	(22205,1580,2490,1300),
	(22206,1580,2504,1400),
	(22207,1580,2582,1500),
	(22208,1580,2583,1600),
	(22209,1580,2584,1700),
	(22210,1580,2585,1800),
	(22211,1580,2586,1900),
	(22212,1580,2587,2000),
	(22213,1580,2588,2100),
	(22214,1580,2569,2200),
	(22215,1581,2083,100),
	(22216,1581,1973,200),
	(22217,1581,2306,300),
	(22218,1581,1962,400),
	(22219,1581,2128,500),
	(22220,1581,1869,600),
	(22221,1581,1870,700),
	(22222,1581,1871,800),
	(22223,1581,1872,900),
	(22224,1581,1873,1000),
	(22225,1581,1874,1100),
	(22226,1581,1875,1200),
	(22227,1581,2136,1300),
	(22228,1581,2137,1400),
	(22229,1581,2138,1500),
	(22230,1581,2322,1600),
	(22231,1581,2323,1700),
	(22232,1581,2522,1800),
	(22233,1581,2523,1900),
	(22234,1582,2394,100),
	(22235,1582,2401,200),
	(22236,1582,2402,300),
	(22237,1582,2409,400),
	(22238,1582,2410,500),
	(22239,1582,2589,600),
	(22240,1582,2590,700),
	(22241,1582,2591,800),
	(22242,1582,2592,900),
	(22243,1582,2593,1000),
	(22244,1582,2594,1100),
	(22245,1582,2595,1200),
	(22246,1582,2596,1300),
	(22247,1582,2597,1400),
	(22248,1582,2598,1500),
	(22249,1582,2599,1600),
	(22250,1582,2600,1700),
	(22251,1582,2601,1800),
	(22252,1582,2602,1900),
	(22253,1582,2532,2000),
	(22254,1582,2603,2100),
	(22255,1582,2604,2200),
	(22256,1582,2605,2300),
	(22257,1583,2606,100),
	(22258,1583,2607,200),
	(22259,1583,2608,300),
	(22260,1583,2609,400),
	(22261,1583,2610,500),
	(22262,1583,2611,600),
	(22263,1583,2612,700),
	(22264,1583,2613,800),
	(22265,1583,2614,900),
	(22266,1583,2615,1000),
	(22267,1583,2616,1100),
	(22268,1583,2617,1200),
	(22269,1583,2589,1300),
	(22270,1583,2410,1400),
	(22271,1583,2409,1500),
	(22272,1583,2402,1600),
	(22273,1583,2401,1700),
	(22274,1583,2394,1800),
	(22275,1583,2400,1900),
	(22276,1583,2399,2000),
	(22277,1583,2398,2100),
	(22278,1583,2540,2200),
	(22279,1583,2511,2300),
	(22280,1583,2512,2400),
	(22281,1583,2277,2500),
	(22282,1583,2002,2600),
	(22283,1583,2278,2700),
	(22284,1583,2083,2800),
	(22285,1584,2610,100),
	(22286,1584,2195,200),
	(22287,1584,2612,300),
	(22288,1584,2613,400),
	(22289,1584,2614,500),
	(22290,1584,2615,600),
	(22291,1584,2616,700),
	(22292,1584,2617,800),
	(22293,1584,2589,900),
	(22294,1584,2410,1000),
	(22295,1584,2409,1100),
	(22296,1584,2402,1200),
	(22297,1584,2401,1300),
	(22298,1584,2394,1400),
	(22299,1584,2400,1500),
	(22300,1584,2399,1600),
	(22301,1584,2398,1700),
	(22302,1584,2540,1800),
	(22303,1584,2511,1900),
	(22304,1584,2512,2000),
	(22305,1584,2277,2100),
	(22306,1584,2002,2200),
	(22307,1584,2278,2300),
	(22308,1584,2083,2400),
	(22309,1585,1875,100),
	(22310,1585,2117,200),
	(22311,1585,2118,300),
	(22312,1585,2119,400),
	(22313,1585,2120,500),
	(22314,1585,1858,600),
	(22315,1585,2366,700),
	(22316,1585,2367,800),
	(22317,1585,2368,900),
	(22318,1585,2618,1000),
	(22319,1585,2619,1100),
	(22320,1585,2146,1200),
	(22321,1585,2620,1300),
	(22322,1585,1984,1400),
	(22323,1585,2621,1500),
	(22324,1585,2622,1600),
	(22325,1585,2623,1700),
	(22326,1585,2624,1800),
	(22327,1585,2533,1900),
	(22328,1585,2625,2000),
	(22329,1585,2626,2100),
	(22330,1585,2627,2200),
	(22331,1585,2628,2300),
	(22332,1585,2629,2400),
	(22333,1585,2630,2500),
	(22334,1585,2631,2600),
	(22335,1586,1872,100),
	(22336,1586,1873,200),
	(22337,1586,1874,300),
	(22338,1586,1875,400),
	(22339,1586,2117,500),
	(22340,1586,2118,600),
	(22341,1586,2119,700),
	(22342,1586,2120,800),
	(22343,1586,1858,900),
	(22344,1586,2366,1000),
	(22345,1586,2367,1100),
	(22346,1586,2368,1200),
	(22347,1586,2377,1300),
	(22348,1586,2619,1400),
	(22349,1586,2146,1500),
	(22350,1586,2620,1600),
	(22351,1586,1984,1700),
	(22352,1586,2632,1800),
	(22353,1586,2142,1900),
	(22354,1586,2633,2000),
	(22355,1586,2634,2100),
	(22356,1586,2635,2200),
	(22357,1587,1939,100),
	(22358,1587,1867,200),
	(22359,1587,1868,300),
	(22360,1587,1869,400),
	(22361,1587,1870,500),
	(22362,1587,1871,600),
	(22363,1587,1872,700),
	(22364,1587,1873,800),
	(22365,1587,1874,900),
	(22366,1587,1875,1000),
	(22367,1587,2117,1100),
	(22368,1587,2118,1200),
	(22369,1587,2119,1300),
	(22370,1587,2120,1400),
	(22371,1587,2121,1500),
	(22372,1587,2122,1600),
	(22373,1587,2122,1700),
	(22374,1587,2123,1800),
	(22375,1587,2547,1900),
	(22376,1587,2549,2000),
	(22377,1587,2550,2100),
	(22378,1588,1941,100),
	(22379,1588,1885,200),
	(22380,1588,1877,300),
	(22381,1588,1864,400),
	(22382,1588,1865,500),
	(22383,1588,1866,600),
	(22384,1588,1867,700),
	(22385,1588,1940,800),
	(22386,1588,1868,900),
	(22387,1588,2129,1000),
	(22388,1588,1870,1100),
	(22389,1588,1871,1200),
	(22390,1588,1872,1300),
	(22391,1588,1873,1400),
	(22392,1588,1874,1500),
	(22393,1588,1875,1600),
	(22394,1588,2117,1700),
	(22395,1588,2118,1800),
	(22396,1588,2119,1900),
	(22397,1588,2120,2000),
	(22398,1588,2121,2100),
	(22399,1588,2122,2200),
	(22400,1588,2123,2300),
	(22401,1588,2547,2400),
	(22402,1588,2548,2500),
	(22403,1588,2636,2600),
	(22404,1588,2550,2700),
	(22405,1589,1939,100),
	(22406,1589,1867,200),
	(22407,1589,1954,300),
	(22408,1589,1883,400),
	(22409,1589,1886,500),
	(22410,1589,1900,600),
	(22411,1589,1967,700),
	(22412,1589,1968,800),
	(22413,1589,1975,900),
	(22414,1589,1976,1000),
	(22415,1589,1977,1100),
	(22416,1589,1978,1200),
	(22417,1589,1979,1300),
	(22418,1589,1980,1400),
	(22419,1589,1981,1500),
	(22420,1589,1982,1600),
	(22421,1589,1983,1700),
	(22422,1589,1984,1800),
	(22423,1589,2621,1900),
	(22424,1589,2622,2000),
	(22425,1589,2623,2100),
	(22426,1589,2624,2200),
	(22427,1590,1921,100),
	(22428,1590,1992,200),
	(22429,1590,1993,300),
	(22430,1590,1990,400),
	(22431,1590,1991,500),
	(22432,1590,1881,600),
	(22433,1590,1882,700),
	(22434,1590,2150,800),
	(22435,1590,1966,900),
	(22436,1590,1967,1000),
	(22437,1590,1968,1100),
	(22438,1590,1975,1200),
	(22439,1590,1976,1300),
	(22440,1590,1977,1400),
	(22441,1590,1978,1500),
	(22442,1590,1979,1600),
	(22443,1590,1980,1700),
	(22444,1590,1981,1800),
	(22445,1590,1982,1900),
	(22446,1590,1983,2000),
	(22447,1590,1984,2100),
	(22448,1590,2621,2200),
	(22449,1590,2622,2300),
	(22450,1590,2624,2400),
	(22451,1591,1885,100),
	(22452,1591,1877,200),
	(22453,1591,1878,300),
	(22454,1591,1879,400),
	(22455,1591,1880,500),
	(22456,1591,1881,600),
	(22457,1591,1882,700),
	(22458,1591,1886,800),
	(22459,1591,2076,900),
	(22460,1591,1967,1000),
	(22461,1591,1968,1100),
	(22462,1591,1975,1200),
	(22463,1591,1976,1300),
	(22464,1591,1977,1400),
	(22465,1591,1978,1500),
	(22466,1591,1979,1600),
	(22467,1591,1980,1700),
	(22468,1591,1981,1800),
	(22469,1591,1982,1900),
	(22470,1591,1983,2000),
	(22471,1591,1984,2100),
	(22472,1591,2621,2200),
	(22473,1591,2622,2300),
	(22474,1591,2623,2400),
	(22475,1591,2624,2500),
	(22500,1593,1883,100),
	(22501,1593,1886,200),
	(22502,1593,1966,300),
	(22503,1593,1967,400),
	(22504,1593,1968,500),
	(22505,1593,1975,600),
	(22506,1593,1976,700),
	(22507,1593,1977,800),
	(22508,1593,1978,900),
	(22509,1593,1979,1000),
	(22510,1593,1980,1100),
	(22511,1593,1981,1200),
	(22512,1593,1982,1300),
	(22513,1593,1983,1400),
	(22514,1593,1984,1500),
	(22515,1593,2621,1600),
	(22516,1593,2622,1700),
	(22517,1593,2623,1800),
	(22518,1593,2624,1900),
	(22519,1593,2637,2000),
	(22520,1593,2638,2100),
	(22521,1593,2639,2200),
	(22522,1593,2640,2300),
	(22523,1593,2641,2400),
	(22524,1593,2642,2500),
	(22525,1594,1884,100),
	(22526,1594,1966,200),
	(22527,1594,1967,300),
	(22528,1594,1968,400),
	(22529,1594,1975,500),
	(22530,1594,1976,600),
	(22531,1594,1977,700),
	(22532,1594,1978,800),
	(22533,1594,1979,900),
	(22534,1594,1980,1000),
	(22535,1594,1981,1100),
	(22536,1594,1982,1200),
	(22537,1594,1983,1300),
	(22538,1594,1984,1400),
	(22539,1594,2621,1500),
	(22540,1594,2622,1600),
	(22541,1594,2623,1700),
	(22542,1594,2624,1800),
	(22543,1594,2643,1900),
	(22544,1594,2644,2000),
	(22545,1594,2645,2100),
	(22546,1594,2646,2200),
	(22547,1594,2647,2300),
	(22548,1594,2648,2400),
	(22549,1594,2649,2500),
	(22550,1594,2650,2600),
	(22551,1594,2651,2700),
	(22552,1595,1884,100),
	(22553,1595,1966,200),
	(22554,1595,1967,300),
	(22555,1595,1968,400),
	(22556,1595,1975,500),
	(22557,1595,1976,600),
	(22558,1595,1977,700),
	(22559,1595,1978,800),
	(22560,1595,1979,900),
	(22561,1595,1980,1000),
	(22562,1595,1981,1100),
	(22563,1595,1982,1200),
	(22564,1595,1983,1300),
	(22565,1595,1984,1400),
	(22566,1595,2621,1500),
	(22567,1595,2622,1600),
	(22568,1595,2623,1700),
	(22569,1595,2624,1800),
	(22570,1595,2643,1900),
	(22571,1595,2644,2000),
	(22572,1595,2645,2100),
	(22573,1595,2646,2200),
	(22574,1595,2652,2300),
	(22575,1595,2647,2400),
	(22576,1595,2648,2500),
	(22577,1595,2649,2600),
	(22578,1596,1948,100),
	(22579,1596,2045,200),
	(22580,1596,2046,300),
	(22581,1596,2047,400),
	(22582,1596,2048,500),
	(22583,1596,2163,600),
	(22584,1596,2164,700),
	(22585,1596,2573,800),
	(22586,1596,2333,900),
	(22587,1596,2574,1000),
	(22588,1596,2575,1100),
	(22589,1596,2624,1200),
	(22590,1596,2577,1300),
	(22591,1596,2578,1400),
	(22592,1596,2579,1500),
	(22593,1596,2580,1600),
	(22594,1596,2581,1700),
	(22595,1596,2653,1800),
	(22596,1596,2490,1900),
	(22597,1596,2377,2000),
	(22598,1596,2002,2100),
	(22599,1596,2654,2200),
	(22622,1598,1921,100),
	(22623,1598,1861,200),
	(22624,1598,1860,300),
	(22625,1598,1944,400),
	(22626,1598,1943,500),
	(22627,1598,1942,600),
	(22628,1598,1857,700),
	(22629,1598,1856,800),
	(22630,1598,1855,900),
	(22631,1598,1925,1000),
	(22632,1598,2207,1100),
	(22633,1598,2208,1200),
	(22634,1598,2209,1300),
	(22635,1598,2655,1400),
	(22636,1598,2385,1500),
	(22637,1598,2386,1600),
	(22638,1598,2387,1700),
	(22639,1598,2388,1800),
	(22640,1598,2481,1900),
	(22641,1598,2656,2000),
	(22642,1598,2657,2100),
	(22643,1598,2658,2200),
	(22644,1598,2659,2300),
	(22645,1598,2660,2400),
	(22646,1599,2661,100),
	(22647,1599,2029,200),
	(22648,1599,2662,300),
	(22649,1599,2663,400),
	(22650,1599,2592,500),
	(22651,1599,2591,600),
	(22652,1599,2590,700),
	(22653,1599,2589,800),
	(22654,1599,2410,900),
	(22655,1599,2409,1000),
	(22656,1599,2402,1100),
	(22657,1599,2401,1200),
	(22658,1599,2394,1300),
	(22659,1599,2400,1400),
	(22660,1599,2399,1500),
	(22661,1599,2398,1600),
	(22662,1599,2540,1700),
	(22663,1599,2511,1800),
	(22664,1599,2512,1900),
	(22665,1599,2277,2000),
	(22666,1599,2002,2100),
	(22667,1599,2278,2200),
	(22668,1599,2083,2300),
	(22669,1600,2164,100),
	(22670,1600,2331,200),
	(22671,1600,2338,300),
	(22672,1600,2339,400),
	(22673,1600,2361,500),
	(22674,1600,2341,600),
	(22675,1600,2562,700),
	(22676,1600,2563,800),
	(22677,1600,2564,900),
	(22678,1600,2565,1000),
	(22679,1600,2566,1100),
	(22680,1600,2567,1200),
	(22681,1600,2568,1300),
	(22682,1600,2569,1400),
	(22683,1600,2664,1500),
	(22684,1600,2665,1600),
	(22685,1600,2666,1700),
	(22686,1600,2667,1800),
	(22687,1600,2668,1900),
	(22688,1601,1944,100),
	(22689,1601,1931,200),
	(22690,1601,2235,300),
	(22691,1601,2018,400),
	(22692,1601,2237,500),
	(22693,1601,2398,600),
	(22694,1601,2399,700),
	(22695,1601,2400,800),
	(22696,1601,2394,900),
	(22697,1601,2401,1000),
	(22698,1601,2402,1100),
	(22699,1601,2409,1200),
	(22700,1601,2410,1300),
	(22701,1601,2589,1400),
	(22702,1601,2590,1500),
	(22703,1601,2591,1600),
	(22704,1601,2592,1700),
	(22705,1601,2593,1800),
	(22706,1601,2669,1900),
	(22707,1601,2029,2000),
	(22708,1601,2661,2100),
	(22709,1601,2670,2200),
	(22710,1601,2671,2300),
	(22711,1601,2610,2400),
	(22712,1602,1884,100),
	(22713,1602,1886,200),
	(22714,1602,1883,300),
	(22715,1602,1954,400),
	(22716,1602,1868,500),
	(22717,1602,2133,600),
	(22718,1602,2107,700),
	(22719,1602,2097,800),
	(22720,1602,2047,900),
	(22721,1602,2048,1000),
	(22722,1602,2163,1100),
	(22723,1602,2164,1200),
	(22724,1602,2573,1300),
	(22725,1602,2333,1400),
	(22726,1602,2574,1500),
	(22727,1602,2575,1600),
	(22728,1602,2576,1700),
	(22729,1602,2577,1800),
	(22730,1602,2578,1900),
	(22731,1602,2579,2000),
	(22732,1602,2580,2100),
	(22733,1602,2581,2200),
	(22734,1603,1889,100),
	(22735,1603,1890,200),
	(22736,1603,1891,300),
	(22737,1603,1892,400),
	(22738,1603,1933,500),
	(22739,1603,1934,600),
	(22740,1603,2296,700),
	(22741,1603,2311,800),
	(22742,1603,2312,900),
	(22743,1603,2313,1000),
	(22744,1603,2314,1100),
	(22745,1603,2522,1200),
	(22746,1603,2672,1300),
	(22747,1603,2673,1400),
	(22748,1603,2674,1500),
	(22749,1603,2675,1600),
	(22750,1603,2676,1700),
	(22751,1603,2677,1800),
	(22752,1603,2678,1900),
	(22753,1603,2342,2000),
	(22754,1603,2647,2100),
	(22755,1603,2652,2200),
	(22756,1603,2679,2300),
	(22757,1604,1961,100),
	(22758,1604,1960,200),
	(22759,1604,1959,300),
	(22760,1604,1958,400),
	(22761,1604,2680,500),
	(22762,1604,1933,600),
	(22763,1604,2681,700),
	(22764,1604,2682,800),
	(22765,1604,2513,900),
	(22766,1604,2312,1000),
	(22767,1604,2313,1100),
	(22768,1604,2314,1200),
	(22769,1604,2619,1300),
	(22770,1604,2146,1400),
	(22771,1604,2620,1500),
	(22772,1604,1984,1600),
	(22773,1605,1921,100),
	(22774,1605,1885,200),
	(22775,1605,2078,300),
	(22776,1605,2079,400),
	(22777,1605,2080,500),
	(22778,1605,2081,600),
	(22779,1605,2082,700),
	(22780,1605,2090,800),
	(22781,1605,2091,900),
	(22782,1605,2161,1000),
	(22783,1605,2162,1100),
	(22784,1605,2163,1200),
	(22785,1605,2164,1300),
	(22786,1605,2573,1400),
	(22787,1605,2333,1500),
	(22788,1605,2574,1600),
	(22789,1605,2575,1700),
	(22790,1605,2576,1800),
	(22791,1605,2577,1900),
	(22792,1605,2578,2000),
	(22793,1605,2579,2100),
	(22794,1605,2580,2200),
	(22795,1605,2581,2300),
	(22796,1606,1939,100),
	(22797,1606,1867,200),
	(22798,1606,1868,300),
	(22799,1606,2133,400),
	(22800,1606,2107,500),
	(22801,1606,2097,600),
	(22802,1606,2047,700),
	(22803,1606,2048,800),
	(22804,1606,2163,900),
	(22805,1606,2164,1000),
	(22806,1606,2573,1100),
	(22807,1606,2333,1200),
	(22808,1606,2574,1300),
	(22809,1606,2575,1400),
	(22810,1606,2624,1500),
	(22811,1606,2577,1600),
	(22812,1606,2578,1700),
	(22813,1606,2579,1800),
	(22814,1606,2580,1900),
	(22815,1606,2581,2000),
	(22862,1609,1875,100),
	(22863,1609,2117,200),
	(22864,1609,2118,300),
	(22865,1609,2119,400),
	(22866,1609,2120,500),
	(22867,1609,1858,600),
	(22868,1609,2366,700),
	(22869,1609,2367,800),
	(22870,1609,2368,900),
	(22871,1609,2377,1000),
	(22872,1609,2619,1100),
	(22873,1609,2146,1200),
	(22874,1609,2620,1300),
	(22875,1609,1984,1400),
	(22876,1609,2621,1500),
	(22877,1609,2622,1600),
	(22878,1609,2623,1700),
	(22879,1609,2624,1800),
	(22880,1610,1875,100),
	(22881,1610,2117,200),
	(22882,1610,2118,300),
	(22883,1610,2119,400),
	(22884,1610,2120,500),
	(22885,1610,2685,600),
	(22886,1610,2366,700),
	(22887,1610,2686,800),
	(22888,1610,2368,900),
	(22889,1610,2618,1000),
	(22890,1610,2522,1100),
	(22891,1610,2687,1200),
	(22892,1610,2672,1300),
	(22893,1610,2673,1400),
	(22894,1610,2688,1500),
	(22895,1610,2675,1600),
	(22896,1610,2676,1700),
	(22897,1610,2689,1800),
	(22898,1610,2644,1900),
	(22899,1610,2690,2000),
	(22900,1610,2624,2100),
	(22938,1613,1944,100),
	(22939,1613,1931,200),
	(22940,1613,2235,300),
	(22941,1613,2018,400),
	(22942,1613,2237,500),
	(22943,1613,2398,600),
	(22944,1613,2399,700),
	(22945,1613,2400,800),
	(22946,1613,2394,900),
	(22947,1613,2401,1000),
	(22948,1613,2402,1100),
	(22949,1613,2409,1200),
	(22950,1613,2410,1300),
	(22951,1613,2589,1400),
	(22952,1613,2590,1500),
	(22953,1613,2591,1600),
	(22954,1613,2592,1700),
	(22955,1613,2593,1800),
	(22956,1613,2594,1900),
	(22957,1613,2595,2000),
	(22958,1613,2696,2100),
	(22959,1613,2697,2200),
	(22960,1613,2698,2300),
	(22961,1613,2699,2400),
	(22962,1613,2380,2500),
	(22963,1613,2700,2600),
	(22964,1614,1921,100),
	(22965,1614,1861,200),
	(22966,1614,1860,300),
	(22967,1614,1944,400),
	(22968,1614,1931,500),
	(22969,1614,2235,600),
	(22970,1614,2018,700),
	(22971,1614,2237,800),
	(22972,1614,2398,900),
	(22973,1614,2399,1000),
	(22974,1614,2400,1100),
	(22975,1614,2394,1200),
	(22976,1614,2485,1300),
	(22977,1614,2402,1400),
	(22978,1614,2409,1500),
	(22979,1614,2410,1600),
	(22980,1614,2589,1700),
	(22981,1614,2590,1800),
	(22982,1614,2591,1900),
	(22983,1614,2592,2000),
	(22984,1614,2593,2100),
	(22985,1614,2594,2200),
	(22986,1614,2697,2300),
	(22987,1614,2698,2400),
	(23012,1616,1944,100),
	(23013,1616,1931,200),
	(23014,1616,2235,300),
	(23015,1616,2018,400),
	(23016,1616,2237,500),
	(23017,1616,2398,600),
	(23018,1616,2399,700),
	(23019,1616,2400,800),
	(23020,1616,2394,900),
	(23021,1616,2401,1000),
	(23022,1616,2402,1100),
	(23023,1616,2409,1200),
	(23024,1616,2410,1300),
	(23025,1616,2589,1400),
	(23026,1616,2590,1500),
	(23027,1616,2591,1600),
	(23028,1616,2209,1700),
	(23029,1616,2223,1800),
	(23030,1616,2701,1900),
	(23031,1616,2702,2000),
	(23032,1617,2018,100),
	(23033,1617,2237,200),
	(23034,1617,2398,300),
	(23035,1617,2399,400),
	(23036,1617,2400,500),
	(23037,1617,2394,600),
	(23038,1617,2401,700),
	(23039,1617,2402,800),
	(23040,1617,2409,900),
	(23041,1617,2410,1000),
	(23042,1617,2589,1100),
	(23043,1617,2590,1200),
	(23044,1617,2591,1300),
	(23045,1617,2209,1400),
	(23046,1617,2237,1500),
	(23047,1617,2701,1600),
	(23048,1617,2702,1700),
	(23049,1617,2703,1800),
	(23050,1617,2704,1900),
	(23051,1617,2705,2000),
	(23052,1617,2706,2100),
	(23053,1617,2707,2200),
	(23054,1617,2708,2300),
	(23055,1617,2461,2400),
	(23056,1617,2709,2500),
	(23057,1617,2710,2600),
	(23058,1617,2711,2700),
	(23059,1617,2712,2800),
	(23060,1618,2394,100),
	(23061,1618,2401,200),
	(23062,1618,2402,300),
	(23063,1618,2409,400),
	(23064,1618,2410,500),
	(23065,1618,2589,600),
	(23066,1618,2590,700),
	(23067,1618,2591,800),
	(23068,1618,2209,900),
	(23069,1618,2237,1000),
	(23070,1618,2701,1100),
	(23071,1618,2702,1200),
	(23072,1618,2653,1300),
	(23073,1618,2713,1400),
	(23074,1618,2714,1500),
	(23075,1618,2529,1600),
	(23076,1618,2481,1700),
	(23077,1619,2715,100),
	(23078,1619,2716,200),
	(23079,1619,2717,300),
	(23080,1619,2610,400),
	(23081,1619,2611,500),
	(23082,1619,2612,600),
	(23083,1619,2613,700),
	(23084,1619,2614,800),
	(23085,1619,2615,900),
	(23086,1619,2616,1000),
	(23087,1619,2617,1100),
	(23088,1619,2589,1200),
	(23089,1619,2410,1300),
	(23090,1619,2409,1400),
	(23091,1619,2402,1500),
	(23092,1619,2401,1600),
	(23093,1619,2394,1700),
	(23094,1619,2400,1800),
	(23095,1619,2399,1900),
	(23096,1619,2478,2000),
	(23097,1619,2477,2100),
	(23098,1619,2476,2200),
	(23099,1619,2475,2300),
	(23100,1619,2718,2400),
	(23101,1619,2154,2500),
	(23102,1619,2006,2600),
	(23103,1620,2006,100),
	(23104,1620,2154,200),
	(23105,1620,2155,300),
	(23106,1620,2197,400),
	(23107,1620,2196,500),
	(23108,1620,2195,600),
	(23109,1620,2233,700),
	(23110,1620,2232,800),
	(23111,1620,2483,900),
	(23112,1620,2344,1000),
	(23113,1620,2484,1100),
	(23114,1620,2485,1200),
	(23115,1620,2486,1300),
	(23116,1620,2487,1400),
	(23117,1620,2488,1500),
	(23118,1620,2719,1600),
	(23119,1620,2720,1700),
	(23120,1620,2721,1800),
	(23121,1620,2722,1900),
	(23122,1620,2723,2000),
	(23123,1620,2610,2100),
	(23124,1621,2195,100),
	(23125,1621,2474,200),
	(23126,1621,2473,300),
	(23127,1621,2472,400),
	(23128,1621,2471,500),
	(23129,1621,2470,600),
	(23130,1621,2164,700),
	(23131,1621,2573,800),
	(23132,1621,2333,900),
	(23133,1621,2574,1000),
	(23134,1621,2575,1100),
	(23135,1621,2576,1200),
	(23136,1621,2577,1300),
	(23137,1621,2578,1400),
	(23138,1621,2579,1500),
	(23139,1621,2580,1600),
	(23140,1621,2581,1700),
	(23141,1621,2683,1800),
	(23142,1621,2684,1900),
	(23143,1621,2618,2000),
	(23144,1621,2002,2100),
	(23145,1621,2654,2200),
	(23146,1622,2433,100),
	(23147,1622,2209,200),
	(23148,1622,2432,300),
	(23149,1622,2318,400),
	(23150,1622,1872,500),
	(23151,1622,1873,600),
	(23152,1622,1874,700),
	(23153,1622,1875,800),
	(23154,1622,2117,900),
	(23155,1622,2118,1000),
	(23156,1622,2119,1100),
	(23157,1622,2120,1200),
	(23158,1622,1858,1300),
	(23159,1622,2366,1400),
	(23160,1622,2367,1500),
	(23161,1622,2368,1600),
	(23162,1622,2724,1700),
	(23163,1622,2619,1800),
	(23164,1622,2146,1900),
	(23165,1622,2620,2000),
	(23166,1622,1984,2100),
	(23167,1622,2621,2200),
	(23168,1622,2622,2300),
	(23169,1622,2623,2400),
	(23170,1622,2624,2500),
	(23171,1623,1875,100),
	(23172,1623,1874,200),
	(23173,1623,1873,300),
	(23174,1623,1872,400),
	(23175,1623,2318,500),
	(23176,1623,2432,600),
	(23177,1623,2209,700),
	(23178,1623,2433,800),
	(23179,1623,2507,900),
	(23180,1623,2508,1000),
	(23181,1623,2104,1100),
	(23182,1623,2163,1200),
	(23183,1623,2164,1300),
	(23184,1623,2331,1400),
	(23185,1623,2338,1500),
	(23186,1623,2339,1600),
	(23187,1623,2361,1700),
	(23188,1623,2341,1800),
	(23189,1623,2562,1900),
	(23190,1623,2563,2000),
	(23191,1623,2564,2100),
	(23192,1623,2565,2200),
	(23193,1623,2566,2300),
	(23194,1623,2567,2400),
	(23195,1623,2568,2500),
	(23196,1623,2569,2600),
	(23221,1625,1883,100),
	(23222,1625,1886,200),
	(23223,1625,2076,300),
	(23224,1625,1967,400),
	(23225,1625,1968,500),
	(23226,1625,1975,600),
	(23227,1625,1976,700),
	(23228,1625,1977,800),
	(23229,1625,1978,900),
	(23230,1625,1979,1000),
	(23231,1625,1980,1100),
	(23232,1625,1981,1200),
	(23233,1625,1982,1300),
	(23234,1625,1983,1400),
	(23235,1625,1984,1500),
	(23236,1625,2621,1600),
	(23237,1625,2622,1700),
	(23238,1625,2623,1800),
	(23239,1625,2624,1900),
	(23240,1625,2533,2000),
	(23241,1625,2625,2100),
	(23242,1625,2725,2200),
	(23243,1625,2630,2300),
	(23244,1625,2631,2400),
	(23245,1626,2083,100),
	(23246,1626,1973,200),
	(23247,1626,2306,300),
	(23248,1626,1962,400),
	(23249,1626,2128,500),
	(23250,1626,1868,600),
	(23251,1626,1940,700),
	(23252,1626,1887,800),
	(23253,1626,1888,900),
	(23254,1626,1922,1000),
	(23255,1626,1899,1100),
	(23256,1626,1900,1200),
	(23257,1626,1967,1300),
	(23258,1626,1968,1400),
	(23259,1626,1975,1500),
	(23260,1626,1976,1600),
	(23261,1626,1977,1700),
	(23262,1626,1978,1800),
	(23263,1626,1979,1900),
	(23264,1626,1980,2000),
	(23265,1626,1981,2100),
	(23266,1626,1982,2200),
	(23267,1626,1983,2300),
	(23268,1626,1984,2400),
	(23293,1628,1921,100),
	(23294,1628,1885,200),
	(23295,1628,2078,300),
	(23296,1628,2079,400),
	(23297,1628,2000,500),
	(23298,1628,2254,600),
	(23299,1628,2012,700),
	(23300,1628,2013,800),
	(23301,1628,2006,900),
	(23302,1628,2154,1000),
	(23303,1628,2155,1100),
	(23304,1628,2197,1200),
	(23305,1628,2196,1300),
	(23306,1628,2195,1400),
	(23307,1628,2233,1500),
	(23308,1628,2232,1600),
	(23309,1628,2483,1700),
	(23310,1628,2344,1800),
	(23311,1628,2517,1900),
	(23312,1628,2354,2000),
	(23313,1628,2726,2100),
	(23314,1628,2727,2200),
	(23315,1628,2728,2300),
	(23316,1628,2107,2400),
	(23317,1628,2729,2500),
	(23318,1628,2569,2600),
	(23319,1629,2006,100),
	(23320,1629,2154,200),
	(23321,1629,2155,300),
	(23322,1629,2197,400),
	(23323,1629,2196,500),
	(23324,1629,2195,600),
	(23325,1629,2233,700),
	(23326,1629,2232,800),
	(23327,1629,2483,900),
	(23328,1629,2344,1000),
	(23329,1629,2517,1100),
	(23330,1629,2354,1200),
	(23331,1629,2726,1300),
	(23332,1629,2727,1400),
	(23333,1629,2728,1500),
	(23334,1629,2107,1600),
	(23335,1629,2729,1700),
	(23336,1629,2569,1800),
	(23337,1630,2433,100),
	(23338,1630,2507,200),
	(23339,1630,2555,300),
	(23340,1630,2104,400),
	(23341,1630,2163,500),
	(23342,1630,2164,600),
	(23343,1630,2573,700),
	(23344,1630,2333,800),
	(23345,1630,2574,900),
	(23346,1630,2575,1000),
	(23347,1630,2576,1100),
	(23348,1630,2577,1200),
	(23349,1630,2578,1300),
	(23350,1630,2579,1400),
	(23351,1630,2580,1500),
	(23352,1630,2581,1600),
	(23353,1631,1875,100),
	(23354,1631,2136,200),
	(23355,1631,2137,300),
	(23356,1631,2138,400),
	(23357,1631,2322,500),
	(23358,1631,2323,600),
	(23359,1631,2522,700),
	(23360,1631,2523,800),
	(23361,1631,2730,900),
	(23362,1631,2731,1000),
	(23363,1631,2732,1100),
	(23364,1631,2733,1200),
	(23365,1631,2734,1300),
	(23366,1631,2735,1400),
	(23367,1631,2736,1500),
	(23368,1631,2737,1600),
	(23369,1631,2738,1700),
	(23370,1631,2739,1800),
	(23371,1631,2740,1900),
	(23372,1631,2741,2000),
	(23373,1631,2742,2100),
	(23374,1631,2743,2200),
	(23375,1631,2744,2300),
	(23376,1632,1921,100),
	(23377,1632,1885,200),
	(23378,1632,1877,300),
	(23379,1632,1864,400),
	(23380,1632,1865,500),
	(23381,1632,1866,600),
	(23382,1632,1867,700),
	(23383,1632,1868,800),
	(23384,1632,1869,900),
	(23385,1632,1870,1000),
	(23386,1632,1871,1100),
	(23387,1632,1872,1200),
	(23388,1632,1873,1300),
	(23389,1632,1874,1400),
	(23390,1632,1875,1500),
	(23391,1632,2136,1600),
	(23392,1632,2137,1700),
	(23393,1632,2138,1800),
	(23394,1632,2322,1900),
	(23395,1632,2323,2000),
	(23396,1632,2522,2100),
	(23397,1632,2523,2200),
	(23398,1633,2195,100),
	(23399,1633,2233,200),
	(23400,1633,2232,300),
	(23401,1633,2483,400),
	(23402,1633,2344,500),
	(23403,1633,2745,600),
	(23404,1633,2485,700),
	(23405,1633,2486,800),
	(23406,1633,2487,900),
	(23407,1633,2488,1000),
	(23408,1633,2719,1100),
	(23409,1633,2720,1200),
	(23410,1633,2721,1300),
	(23411,1633,2722,1400),
	(23412,1633,2723,1500),
	(23413,1633,2589,1600),
	(23414,1633,2671,1700),
	(23415,1633,2670,1800),
	(23416,1633,2661,1900),
	(23417,1634,1939,100),
	(23418,1634,1867,200),
	(23419,1634,1868,300),
	(23420,1634,1869,400),
	(23421,1634,1870,500),
	(23422,1634,1871,600),
	(23423,1634,1872,700),
	(23424,1634,1873,800),
	(23425,1634,1874,900),
	(23426,1634,1875,1000),
	(23427,1634,2136,1100),
	(23428,1634,2137,1200),
	(23429,1634,2138,1300),
	(23430,1634,2322,1400),
	(23431,1634,2323,1500),
	(23432,1634,2522,1600),
	(23433,1634,2523,1700),
	(23434,1634,2730,1800),
	(23435,1634,2731,1900),
	(23436,1634,2732,2000),
	(23437,1634,2733,2100),
	(23438,1634,2734,2200),
	(23439,1634,2735,2300),
	(23440,1634,2746,2400),
	(23441,1634,2747,2500),
	(23442,1635,1939,100),
	(23443,1635,1867,200),
	(23444,1635,1868,300),
	(23445,1635,2133,400),
	(23446,1635,2107,500),
	(23447,1635,2097,600),
	(23448,1635,2047,700),
	(23449,1635,2048,800),
	(23450,1635,2163,900),
	(23451,1635,2164,1000),
	(23452,1635,2573,1100),
	(23453,1635,2333,1200),
	(23454,1635,2574,1300),
	(23455,1635,2575,1400),
	(23456,1635,2576,1500),
	(23457,1635,2577,1600),
	(23458,1635,2578,1700),
	(23459,1635,2579,1800),
	(23460,1635,2580,1900),
	(23461,1635,2581,2000),
	(23462,1635,2581,2100),
	(23463,1635,2748,2200),
	(23464,1635,2749,2300),
	(23465,1635,2750,2400),
	(23466,1635,2747,2500),
	(23467,1636,1875,100),
	(23468,1636,2136,200),
	(23469,1636,2137,300),
	(23470,1636,2138,400),
	(23471,1636,2322,500),
	(23472,1636,2323,600),
	(23473,1636,2522,700),
	(23474,1636,2523,800),
	(23475,1636,2730,900),
	(23476,1636,2731,1000),
	(23477,1636,2732,1100),
	(23478,1636,2733,1200),
	(23479,1636,2734,1300),
	(23480,1636,2735,1400),
	(23481,1636,2746,1500),
	(23482,1636,2747,1600),
	(23483,1636,2750,1700),
	(23484,1636,2751,1800),
	(23485,1636,2748,1900),
	(23486,1636,2749,2000),
	(23487,1636,2581,2100),
	(23488,1637,2569,100),
	(23489,1637,2568,200),
	(23490,1637,2567,300),
	(23491,1637,2752,400),
	(23492,1637,2753,500),
	(23493,1637,2754,600),
	(23494,1637,2755,700),
	(23495,1637,2756,800),
	(23496,1637,2757,900),
	(23497,1637,2758,1000),
	(23498,1637,2759,1100),
	(23499,1637,2581,1200),
	(23521,1639,1921,100),
	(23522,1639,1992,200),
	(23523,1639,1993,300),
	(23524,1639,2205,400),
	(23525,1639,1991,500),
	(23526,1639,1881,600),
	(23527,1639,1882,700),
	(23528,1639,1886,800),
	(23529,1639,1884,900),
	(23530,1639,1901,1000),
	(23531,1639,1902,1100),
	(23532,1639,1903,1200),
	(23533,1639,1904,1300),
	(23534,1639,1905,1400),
	(23535,1639,1906,1500),
	(23536,1639,1907,1600),
	(23537,1639,1908,1700),
	(23538,1639,1909,1800),
	(23539,1639,1891,1900),
	(23540,1639,2139,2000),
	(23541,1639,2141,2100),
	(23542,1639,2142,2200),
	(23543,1639,2632,2300),
	(23544,1639,1984,2400),
	(23545,1639,2621,2500),
	(23546,1639,2622,2600),
	(23547,1639,2623,2700),
	(23548,1639,2624,2800),
	(23549,1640,1883,100),
	(23550,1640,1886,200),
	(23551,1640,1884,300),
	(23552,1640,1901,400),
	(23553,1640,1902,500),
	(23554,1640,1903,600),
	(23555,1640,1904,700),
	(23556,1640,1905,800),
	(23557,1640,1906,900),
	(23558,1640,1907,1000),
	(23559,1640,1908,1100),
	(23560,1640,1909,1200),
	(23561,1640,2139,1300),
	(23562,1640,2140,1400),
	(23563,1640,2141,1500),
	(23564,1640,2142,1600),
	(23565,1640,2633,1700),
	(23566,1640,2634,1800),
	(23567,1640,2635,1900),
	(23568,1640,2760,2000),
	(23569,1640,2761,2100),
	(23570,1640,2762,2200),
	(23571,1640,2763,2300),
	(23572,1640,2631,2400),
	(23573,1641,2083,100),
	(23574,1641,1973,200),
	(23575,1641,2306,300),
	(23576,1641,1962,400),
	(23577,1641,2128,500),
	(23578,1641,1868,600),
	(23579,1641,1954,700),
	(23580,1641,1883,800),
	(23581,1641,1886,900),
	(23582,1641,1884,1000),
	(23583,1641,1901,1100),
	(23584,1641,1902,1200),
	(23585,1641,1903,1300),
	(23586,1641,1904,1400),
	(23587,1641,1905,1500),
	(23588,1641,1906,1600),
	(23589,1641,1907,1700),
	(23590,1641,1908,1800),
	(23591,1641,1909,1900),
	(23592,1641,2139,2000),
	(23593,1641,2140,2100),
	(23594,1641,2141,2200),
	(23595,1641,2142,2300),
	(23596,1641,2633,2400),
	(23597,1641,2634,2500),
	(23598,1641,2635,2600),
	(23599,1641,2760,2700),
	(23600,1641,2761,2800),
	(23601,1641,2762,2900),
	(23602,1641,2631,3000),
	(23603,1642,1889,100),
	(23604,1642,1899,200),
	(23605,1642,1884,300),
	(23606,1642,1901,400),
	(23607,1642,1902,500),
	(23608,1642,1903,600),
	(23609,1642,1904,700),
	(23610,1642,1905,800),
	(23611,1642,1906,900),
	(23612,1642,1907,1000),
	(23613,1642,1908,1100),
	(23614,1642,1909,1200),
	(23615,1642,2139,1300),
	(23616,1642,2140,1400),
	(23617,1642,2141,1500),
	(23618,1642,2142,1600),
	(23619,1642,2633,1700),
	(23620,1642,2634,1800),
	(23621,1642,2635,1900),
	(23622,1642,2760,2000),
	(23623,1642,2761,2100),
	(23624,1642,2762,2200),
	(23625,1642,2763,2300),
	(23626,1642,2631,2400),
	(23627,1643,1939,100),
	(23628,1643,1867,200),
	(23629,1643,1940,300),
	(23630,1643,1868,400),
	(23631,1643,2133,500),
	(23632,1643,2107,600),
	(23633,1643,2097,700),
	(23634,1643,2047,800),
	(23635,1643,2048,900),
	(23636,1643,2163,1000),
	(23637,1643,2164,1100),
	(23638,1643,2573,1200),
	(23639,1643,2333,1300),
	(23640,1643,2574,1400),
	(23641,1643,2575,1500),
	(23642,1643,2576,1600),
	(23643,1643,2764,1700),
	(23644,1643,2765,1800),
	(23645,1643,2766,1900),
	(23646,1643,2767,2000),
	(23647,1643,2757,2100),
	(23648,1643,2768,2200),
	(23649,1643,2769,2300),
	(23650,1643,2770,2400),
	(23651,1643,2771,2500),
	(23652,1643,2772,2600),
	(23653,1644,2083,100),
	(23654,1644,2278,200),
	(23655,1644,2090,300),
	(23656,1644,2091,400),
	(23657,1644,2161,500),
	(23658,1644,2162,600),
	(23659,1644,2163,700),
	(23660,1644,2164,800),
	(23661,1644,2573,900),
	(23662,1644,2333,1000),
	(23663,1644,2574,1100),
	(23664,1644,2575,1200),
	(23665,1644,2576,1300),
	(23666,1644,2764,1400),
	(23667,1644,2765,1500),
	(23668,1644,2766,1600),
	(23669,1644,2767,1700),
	(23670,1644,2757,1800),
	(23671,1644,2768,1900),
	(23672,1644,2769,2000),
	(23673,1644,2770,2100),
	(23674,1644,2771,2200),
	(23675,1644,2772,2300),
	(23676,1644,2773,2400),
	(23677,1644,2774,2500),
	(23678,1644,2775,2600),
	(23679,1645,1944,100),
	(23680,1645,1931,200),
	(23681,1645,2776,300),
	(23682,1645,2018,400),
	(23683,1645,2237,500),
	(23684,1645,2398,600),
	(23685,1645,2399,700),
	(23686,1645,2400,800),
	(23687,1645,2394,900),
	(23688,1645,2401,1000),
	(23689,1645,2402,1100),
	(23690,1645,2409,1200),
	(23691,1645,2410,1300),
	(23692,1645,2589,1400),
	(23693,1645,2617,1500),
	(23694,1645,2616,1600),
	(23695,1645,2615,1700),
	(23696,1645,2614,1800),
	(23697,1645,2613,1900),
	(23698,1645,2612,2000),
	(23699,1645,2611,2100),
	(23700,1645,2610,2200),
	(23723,1647,1921,100),
	(23724,1647,1861,200),
	(23725,1647,1860,300),
	(23726,1647,1944,400),
	(23727,1647,1931,500),
	(23728,1647,2235,600),
	(23729,1647,2018,700),
	(23730,1647,2237,800),
	(23731,1647,2398,900),
	(23732,1647,2399,1000),
	(23733,1647,2400,1100),
	(23734,1647,2394,1200),
	(23735,1647,2401,1300),
	(23736,1647,2402,1400),
	(23737,1647,2409,1500),
	(23738,1647,2410,1600),
	(23739,1647,2589,1700),
	(23740,1647,2617,1800),
	(23741,1647,2616,1900),
	(23742,1647,2615,2000),
	(23743,1647,2614,2100),
	(23744,1647,2613,2200),
	(23745,1647,2612,2300),
	(23746,1647,2611,2400),
	(23747,1647,2613,2500),
	(23748,1647,2612,2600),
	(23749,1647,2611,2700),
	(23750,1647,2715,2800),
	(23751,1648,1989,100),
	(23752,1648,1856,200),
	(23753,1648,1855,300),
	(23754,1648,1925,400),
	(23755,1648,2207,500),
	(23756,1648,2208,600),
	(23757,1648,2209,700),
	(23758,1648,2210,800),
	(23759,1648,2385,900),
	(23760,1648,2386,1000),
	(23761,1648,2387,1100),
	(23762,1648,2388,1200),
	(23763,1648,2481,1300),
	(23764,1648,2777,1400),
	(23765,1648,2656,1500),
	(23766,1648,2657,1600),
	(23767,1648,2658,1700),
	(23768,1648,2659,1800),
	(23769,1648,2660,1900),
	(23770,1648,2461,2000),
	(23771,1648,2709,2100),
	(23772,1648,2710,2200),
	(23773,1648,2711,2300),
	(23774,1648,2712,2400),
	(23775,1649,1855,100),
	(23776,1649,1925,200),
	(23777,1649,2207,300),
	(23778,1649,2208,400),
	(23779,1649,2209,500),
	(23780,1649,2210,600),
	(23781,1649,2385,700),
	(23782,1649,2386,800),
	(23783,1649,2387,900),
	(23784,1649,2388,1000),
	(23785,1649,2778,1100),
	(23786,1649,2481,1200),
	(23787,1649,2529,1300),
	(23788,1649,2714,1400),
	(23789,1649,2713,1500),
	(23790,1649,2653,1600),
	(23791,1649,2702,1700),
	(23792,1649,2703,1800),
	(23793,1649,2704,1900),
	(23794,1649,2705,2000),
	(23795,1649,2706,2100),
	(23796,1649,2707,2200),
	(23797,1649,2708,2300),
	(23798,1649,2461,2400),
	(23799,1649,2709,2500),
	(23800,1649,2710,2600),
	(23801,1649,2711,2700),
	(23802,1649,2712,2800),
	(23803,1650,2083,100),
	(23804,1650,2278,200),
	(23805,1650,2090,300),
	(23806,1650,2091,400),
	(23807,1650,2161,500),
	(23808,1650,2162,600),
	(23809,1650,2163,700),
	(23810,1650,2164,800),
	(23811,1650,2331,900),
	(23812,1650,2338,1000),
	(23813,1650,2339,1100),
	(23814,1650,2361,1200),
	(23815,1650,2341,1300),
	(23816,1650,2562,1400),
	(23817,1650,2563,1500),
	(23818,1650,2564,1600),
	(23819,1650,2565,1700),
	(23820,1650,2566,1800),
	(23821,1650,2567,1900),
	(23822,1650,2568,2000),
	(23823,1650,2569,2100),
	(23824,1651,1939,100),
	(23825,1651,1867,200),
	(23826,1651,1868,300),
	(23827,1651,2133,400),
	(23828,1651,2107,500),
	(23829,1651,2097,600),
	(23830,1651,2047,700),
	(23831,1651,2048,800),
	(23832,1651,2163,900),
	(23833,1651,2164,1000),
	(23834,1651,2331,1100),
	(23835,1651,2338,1200),
	(23836,1651,2339,1300),
	(23837,1651,2361,1400),
	(23838,1651,2341,1500),
	(23839,1651,2562,1600),
	(23840,1651,2563,1700),
	(23841,1651,2564,1800),
	(23842,1651,2565,1900),
	(23843,1651,2566,2000),
	(23844,1651,2567,2100),
	(23845,1651,2568,2200),
	(23846,1651,2569,2300),
	(23871,1653,1939,100),
	(23872,1653,1867,200),
	(23873,1653,1954,300),
	(23874,1653,1883,400),
	(23875,1653,1886,500),
	(23876,1653,1884,600),
	(23877,1653,1901,700),
	(23878,1653,1902,800),
	(23879,1653,1903,900),
	(23880,1653,1904,1000),
	(23881,1653,1905,1100),
	(23882,1653,1906,1200),
	(23883,1653,1907,1300),
	(23884,1653,1908,1400),
	(23885,1653,1909,1500),
	(23886,1653,2139,1600),
	(23887,1653,2140,1700),
	(23888,1653,2141,1800),
	(23889,1653,2142,1900),
	(23890,1653,2633,2000),
	(23891,1653,2634,2100),
	(23892,1653,2635,2200),
	(23893,1653,2760,2300),
	(23894,1653,2761,2400),
	(23895,1653,2762,2500),
	(23896,1653,2779,2600),
	(23897,1653,2780,2700),
	(23898,1653,2781,2800),
	(23899,1653,2763,2900),
	(23900,1653,2631,3000);
/*!40000 ALTER TABLE `appmodels_routestage` ENABLE KEYS*/;
UNLOCK TABLES;


#
# Table structure for table 'appmodels_stage'
#

CREATE TABLE /*!32312 IF NOT EXISTS*/ `appmodels_stage` (
  `id` int(11) NOT NULL AUTO_INCREMENT,
  `display_name` varchar(255) NOT NULL,
  `latitude` double DEFAULT NULL,
  `longitude` double DEFAULT NULL,
  `mtc_name` varchar(255) NOT NULL,
  PRIMARY KEY (`id`)
) TYPE=InnoDB AUTO_INCREMENT=2782 /*!40100 DEFAULT CHARSET=latin1*/;



#
# Dumping data for table 'appmodels_stage'
#

TRUNCATE TABLE `appmodels_stage`;
LOCK TABLES `appmodels_stage` WRITE;
/*!40000 ALTER TABLE `appmodels_stage` DISABLE KEYS*/;
INSERT INTO `appmodels_stage` (`id`, `display_name`, `latitude`, `longitude`, `mtc_name`) VALUES
	(1855,'Thiruvetriyur B.S',NULL,NULL,'THIRUVETRIYUR B.S'),
	(1856,'Thiruvotriyur Temple',NULL,NULL,'THIRUVOTRIYUR TEMPLE'),
	(1857,'Thangal','13.1457255252009','80.2973127365112','THANGAL'),
	(1858,'Anna Nagar','13.1385792049361','80.2983856201172','ANNA NAGAR'),
	(1859,'Royapuram P.S','13.1144222670384','80.2925491333008','ROYAPURAM P.S'),
	(1860,'Clive Battery','13.1015905406979','80.2943515777588','CLIVE BATTERY'),
	(1861,'Parrys','13.088883546731','80.2904033660889','PARRYS'),
	(1862,'T.N.C.F',NULL,NULL,'T.N.C.F'),
	(1863,'Periyar Bridge','13.07312429213','80.2753829956055','PERIYAR BRIDGE'),
	(1864,'T.V.S','13.059328892902','80.2595043182373','T.V.S'),
	(1865,'D.M.S',NULL,NULL,'D.M.S'),
	(1866,'S.H.B',NULL,NULL,'S.H.B'),
	(1867,'Saidapet','13.0217847863025','80.2255582809448','SAIDAPET'),
	(1868,'Guindy R.S',NULL,NULL,'GUINDY R.S'),
	(1869,'St Thomas Mount Po',NULL,NULL,'ST THOMAS MOUNT PO'),
	(1870,'Menamabakkam Old Airport',NULL,NULL,'MENAMABAKKAM OLD AIRPORT'),
	(1871,'Thirusoolam National Airp',NULL,NULL,'THIRUSOOLAM NATIONAL AIRP'),
	(1872,'Pallavaram','12.9680926857748','80.148868560791','PALLAVARAM'),
	(1873,'Chrompet','12.9525348633235','80.1399421691895','CHROMPET'),
	(1874,'T.B.Sanatorium','12.938314498258','80.1289558410645','T.B.SANATORIUM'),
	(1875,'Tambaram','12.9251808526283','80.1155233383179','TAMBARAM'),
	(1876,'Thruvotriyur Temple',NULL,NULL,'THRUVOTRIYUR TEMPLE'),
	(1877,'P.Or & Sons','13.0712013433311','80.2736663818359','P.OR & SONS'),
	(1878,'Wesley H.S',NULL,NULL,'WESLEY H.S'),
	(1879,'Y.M.I.A','13.0448637983867','80.2666282653809','Y.M.I.A'),
	(1880,'Mandaveli','13.0266819394855','80.2657216787338','MANDAVELI'),
	(1881,'A.M.S.Hospital','13.0164746367495','80.25963306427','A.M.S.HOSPITAL'),
	(1882,'Adayar O.T.',NULL,NULL,'ADAYAR O.T.'),
	(1883,'Adayar B.S.',NULL,NULL,'ADAYAR B.S.'),
	(1884,'Thiruvanmiyur','12.9868799688651','80.258903503418','THIRUVANMIYUR'),
	(1885,'Central','13.0813593598317','80.2754688262939','CENTRAL'),
	(1886,'Adayar Depot',NULL,NULL,'ADAYAR DEPOT'),
	(1887,'Jn.Of Race Course Rd','13.0066066551534','80.2205371856689','JN.OF RACE COURSE RD'),
	(1888,'Gurunanak College','12.987580413285','80.2230262756348','GURUNANAK COLLEGE'),
	(1889,'Velachery','12.9752021195654','80.220365524292','VELACHERY'),
	(1890,'Madipakkam Rd. Jn.','12.9660486859567','80.1886625288171','MADIPAKKAM RD. JN.'),
	(1891,'Narayanapuram','12.938983710096','80.2052593231201','NARAYANAPURAM'),
	(1892,'Medavakkam Colony','12.9208307029961','80.1970195770264','MEDAVAKKAM COLONY'),
	(1893,'Medavakkam Koot Road','12.9206592049046','80.1841220859205','MEDAVAKKAM KOOT ROAD'),
	(1894,'Nanganallur','12.9804713334638','80.1828575134277','NANGANALLUR'),
	(1895,'Chidambaram Stores','12.9810567947805','80.1880931854248','CHIDAMBARAM STORES'),
	(1896,'Vanuvambedu','12.985573164295','80.1973628997803','VANUVAMBEDU'),
	(1897,'Madipakkam Koot Road','12.9689918312721','80.1899385452271','MADIPAKKAM KOOT ROAD'),
	(1898,'A.V.Construction','12.9647469995726','80.2116966247559','A.V.CONSTRUCTION'),
	(1899,'I.R.T. Rd.Jn.','12.9815586176687','80.2397632598877','I.R.T. RD.JN.'),
	(1900,'Srp Tools',NULL,NULL,'SRP TOOLS'),
	(1901,'Kottivakkam','12.9702673576819','80.2580451965332','KOTTIVAKKAM'),
	(1902,'Palavakkam','12.9568008145999','80.2548694610596','PALAVAKKAM'),
	(1903,'Neelankarai','12.9452574837319','80.2535820007324','NEELANKARAI'),
	(1904,'Vettuvankanni','12.9378125882011','80.2524662017822','VETTUVANKANNI'),
	(1905,'Chola Mandal','12.9282761052531','80.251350402832','CHOLA MANDAL'),
	(1906,'Injambakkam','12.9169824305429','80.2509212493896','INJAMBAKKAM'),
	(1907,'Panaiyur','12.8996644711643','80.2474021911621','PANAIYUR'),
	(1908,'Uthandi Village','12.8760699599465','80.2431106567383','UTHANDI VILLAGE'),
	(1909,'Kanathur','12.8570756012513','80.2413940429688','KANATHUR'),
	(1910,'Ponniamman Koil Rd. Jn.','12.9647522272424','80.1961512563867','PONNIAMMAN KOIL RD. JN.'),
	(1911,'Kilkattalai','12.9540927804694','80.1860132213915','KILKATTALAI'),
	(1912,'Ennore','13.2180546090867','80.3201007843018','ENNORE'),
	(1913,'Thazhankuppam','13.2273292339005','80.326623916626','THAZHANKUPPAM'),
	(1914,'Kothari','13.2174697110143','80.3263664245605','KOTHARI'),
	(1915,'Ashok Leyland Mark.Div.','13.2052700887902','80.3210878372192','ASHOK LEYLAND MARK.DIV.'),
	(1916,'I.C.I.',NULL,NULL,'I.C.I.'),
	(1917,'Corborundum Universal',NULL,NULL,'CORBORUNDUM UNIVERSAL'),
	(1918,'Builders Industry',NULL,NULL,'BUILDERS INDUSTRY'),
	(1919,'Burmah Shell Petrol Bunk',NULL,NULL,'BURMAH SHELL PETROL BUNK'),
	(1920,'Devanathan St / Mandaveli','13.0268021458701','80.2654266357422','DEVANATHAN ST / MANDAVELI'),
	(1921,'Broadway','13.0884237418986','80.2814769744873','BROADWAY'),
	(1922,'Vijaya Nagar','12.9749512018324','80.2202796936035','VIJAYA NAGAR'),
	(1923,'Madipakkam B.S',NULL,NULL,'MADIPAKKAM B.S'),
	(1924,'Ashok Layland',NULL,NULL,'ASHOK LAYLAND'),
	(1925,'Ernavoor Gate','13.1859667018384','80.3078269958496','ERNAVOOR GATE'),
	(1926,'Royapuram',NULL,NULL,'ROYAPURAM'),
	(1927,'Athur','13.2506395700431','80.141658782959','ATHUR'),
	(1928,'Anna Square','13.064261881771','80.2833652496338','ANNA SQUARE'),
	(1929,'Triplicane','13.0582419499048','80.2776145935059','TRIPLICANE'),
	(1930,'Regal','13.0927709532952','80.27512550354','REGAL'),
	(1931,'Vyasarpadi','13.1142550827248','80.2634525299072','VYASARPADI'),
	(1932,'Mahakavi Bharathi Nagar','13.1229485163014','80.2592468261719','MAHAKAVI BHARATHI NAGAR'),
	(1933,'Veerabadra Nagar',NULL,NULL,'VEERABADRA NAGAR'),
	(1934,'Jn.Of Mambakkam & O.Bakka','12.89489554713','80.1735877990723','JN.OF MAMBAKKAM & O.BAKKA'),
	(1935,'Chitlapakkam','12.8936405520158','80.1832866668701','CHITLAPAKKAM'),
	(1936,'Arasankazhani','12.8829310044754','80.1903247833252','ARASANKAZHANI'),
	(1937,'Ottiambakkam','12.8628493690286','80.1909255981445','OTTIAMBAKKAM'),
	(1938,'Pondy Bazaar','13.0402648916056','80.2402782440186','PONDY BAZAAR'),
	(1939,'','13.0271621038963','80.2261420555113',''),
	(1940,'Concorde','13.0073174974609','80.2036285400391','CONCORDE'),
	(1941,'High Court','13.0854976910476','80.284481048584','HIGH COURT'),
	(1942,'Tondaiayrpet',NULL,NULL,'TONDAIAYRPET'),
	(1943,'Theagaraya College','13.116616550619','80.2837944030762','THEAGARAYA COLLEGE'),
	(1944,'V. Nagar','13.1055613418397','80.2798891067505','V. NAGAR'),
	(1945,'Corpn. Play Ground',NULL,NULL,'CORPN. PLAY GROUND'),
	(1946,'C.I.T.Colony','13.0416863810137','80.2580451965332','C.I.T.COLONY'),
	(1947,'Luz','13.0369201784264','80.2675724029541','LUZ'),
	(1948,'Vadapalani B.S','13.0493371983799','80.2085638046265','VADAPALANI B.S'),
	(1949,'Jn.Of P.T.R Rd/Kamaraj Rd','13.0442784877274','80.2087783813477','Jn.OF P.T.R Rd/KAMARAJ Rd'),
	(1950,'Muthumariamman Koil','13.039177864782','80.2048301696777','MUTHUMARIAMMAN KOIL'),
	(1951,'Kalaignar Nagar','13.0386761584833','80.1909255981445','KALAIGNAR NAGAR'),
	(1952,'Govt. Girls H.Sc',NULL,NULL,'GOVT. GIRLS H.SC'),
	(1953,'Anjugam School','13.0419790395837','80.2254295349121','ANJUGAM SCHOOL'),
	(1954,'Eng.College','13.0085719200927','80.2314376831055','ENG.COLLEGE'),
	(1955,'Women\'S Polytechnic',NULL,NULL,'WOMEN\'S POLYTECHNIC'),
	(1956,'Taramani','12.9863258845667','80.240364074707','TARAMANI'),
	(1957,'Jn.Of.Vly-Tbm Rd&Mvkm-K.K;',NULL,NULL,'JN.OF.VLY-TBM RD&MVKM-K.K;'),
	(1958,'S.I.V.E.T',NULL,NULL,'S.I.V.E.T'),
	(1959,'Mahalakshmi Nagar','12.9229221305475','80.1477527618408','MAHALAKSHMI NAGAR'),
	(1960,'Convent','12.923089443995','80.1262092590332','CONVENT'),
	(1961,'Tambaram East','12.9235077271231','80.117883682251','TAMBARAM EAST'),
	(1962,'Jaffarkhan Pet',NULL,NULL,'JAFFARKHAN PET'),
	(1963,'Srinivasa Theater',NULL,NULL,'SRINIVASA THEATER'),
	(1964,'Besant Nagar','13.00033442887','80.2667570114136','BESANT NAGAR'),
	(1965,'Velachery Vijaya Nagar','12.9755366761488','80.2205801010132','VELACHERY VIJAYA NAGAR'),
	(1966,'Lattice Bridge Rd. Jn.','12.9823113501011','80.2523803710938','LATTICE BRIDGE RD. JN.'),
	(1967,'Kandanchavadi','12.9608157608127','80.2453422546387','KANDANCHAVADI'),
	(1968,'Thorappakkam Tea Shop','12.941158636167','80.2355575561523','THORAPPAKKAM TEA SHOP'),
	(1969,'Thorappakkam P.T.C Colony',NULL,NULL,'THORAPPAKKAM P.T.C COLONY'),
	(1970,'Kannagi Nagar S.C.Board',NULL,NULL,'KANNAGI NAGAR S.C.BOARD'),
	(1971,'Koymabedu Market','13.0694455943846','80.1957321166992','KOYMABEDU MARKET'),
	(1972,'Koyambedu P.S',NULL,NULL,'KOYAMBEDU P.S'),
	(1973,'M.M.D.A.Colony Rd.Jn.','13.0638542868492','80.2117824554443','M.M.D.A.COLONY RD.JN.'),
	(1974,'Adyar Gate','13.029268977051','80.247745513916','ADYAR GATE'),
	(1975,'Mootakaran Chavadi','12.9299491987992','80.2310943603516','MOOTAKARAN CHAVADI'),
	(1976,'Karapakkam','12.914054357443','80.229549407959','KARAPAKKAM'),
	(1977,'Sozhinganallur P.U.Office','12.9011704282904','80.2256870269775','SOZHINGANALLUR P.U.OFFICE'),
	(1978,'Kumaran Nagar','12.8780362541068','80.2267169952393','KUMARAN NAGAR'),
	(1979,'Chemman Cheri',NULL,NULL,'CHEMMAN CHERI'),
	(1980,'Navalur','12.8442724251527','80.2276611328125','NAVALUR'),
	(1981,'Church',NULL,NULL,'CHURCH'),
	(1982,'Palavasthic Chemicals',NULL,NULL,'PALAVASTHIC CHEMICALS'),
	(1983,'Hindustal Egg. College',NULL,NULL,'HINDUSTAL EGG. COLLEGE'),
	(1984,'Kelambakkam','12.781669740418','80.2182197570801','KELAMBAKKAM'),
	(1985,'Kotturpuram','13.0199450623325','80.2410507202148','KOTTURPURAM'),
	(1986,'Kottur Nsk Statue','13.0204468065882','80.2415657043457','KOTTUR NSK STATUE'),
	(1987,'Water Tank',NULL,NULL,'WATER TANK'),
	(1988,'Mylapore','13.0323211239868','80.2671432495117','MYLAPORE'),
	(1989,'Tollgate','13.1417762686749','80.2958106994629','TOLLGATE'),
	(1990,'Q.M.C','13.0433587110354','80.2791595458984','Q.M.C'),
	(1991,'Fore Shore Estate','13.0242098561167','80.2738380432129','FORE SHORE ESTATE'),
	(1992,'Secretariat','13.0796454851502','80.287914276123','SECRETARIAT'),
	(1993,'Chepauk','13.0575730595293','80.2819061279297','CHEPAUK'),
	(1994,'Avvai Home','13.0074011258338','80.2597618103027','AVVAI HOME'),
	(1995,'Indira Nagar','12.9923475646314','80.2560710906982','INDIRA NAGAR'),
	(1996,'Sathuma Nagar',NULL,NULL,'SATHUMA NAGAR'),
	(1997,'Guindy Race Cource Office','13.0030524130607','80.211353302002','GUINDY RACE COURCE OFFICE'),
	(1998,'Doveton','13.0870443222541','80.2588605880737','DOVETON'),
	(1999,'Kelleys',NULL,NULL,'KELLEYS'),
	(2000,'Kilpauk Garden','13.0837420438642','80.2335834503174','KILPAUK GARDEN'),
	(2001,'Anna Nagar Circle','13.0846616701387','80.2177906036377','ANNA NAGAR CIRCLE'),
	(2002,'Thirumangalam','13.0854140890843','80.1984786987305','THIRUMANGALAM'),
	(2003,'Fire Station',NULL,NULL,'FIRE STATION'),
	(2004,'Mogapair East',NULL,NULL,'MOGAPAIR EAST'),
	(2005,'Mogapair West','13.0828224141591','80.1703262329102','MOGAPAIR WEST'),
	(2006,'Ambathur Estate','13.0997096125381','80.1698970794678','AMBATHUR ESTATE'),
	(2007,'Mogaipair Road Jn.','13.0881729389011','80.1794242858887','MOGAIPAIR ROAD JN.'),
	(2008,'Saidapet West','13.0249624591628','80.2195072174072','SAIDAPET WEST'),
	(2009,'Dasamahan','13.0980376643332','80.2511787414551','DASAMAHAN'),
	(2010,'Sayani/Aynavaram',NULL,NULL,'SAYANI/AYNAVARAM'),
	(2011,'Kamabar Arangam',NULL,NULL,'KAMABAR ARANGAM'),
	(2012,'Nathamuni Talkies','13.1034714544868','80.2029418945312','NATHAMUNI TALKIES'),
	(2013,'Lucas Tvs','13.1018831282312','80.192985534668','LUCAS TVS'),
	(2014,'Korattur','13.1124996405706','80.1835441589355','KORATTUR'),
	(2015,'Padi Kuppam',NULL,NULL,'PADI KUPPAM'),
	(2016,'P1.Police Station',NULL,NULL,'P1.POLICE STATION'),
	(2017,'Perambur Market','13.1090723126395','80.2596759796143','PERAMBUR MARKET'),
	(2018,'Moolakadai','13.1293012156191','80.2413082122803','MOOLAKADAI'),
	(2019,'Sidco','13.1309729512954','80.251350402832','SIDCO'),
	(2020,'Kaviarasu Kannadasan Naga','13.1364895982903','80.2558135986328','KAVIARASU KANNADASAN NAGA'),
	(2021,'Anna Nagar West','13.0971180879817','80.198392868042','ANNA NAGAR WEST'),
	(2022,'Choolai P.O','13.0923529555324','80.2692031860352','CHOOLAI P.O'),
	(2023,'Athipet Jn','13.0890089479','80.1617431640625','ATHIPET JN'),
	(2024,'P1 P.S',NULL,NULL,'P1 P.S'),
	(2025,'Jamalaya','13.104558198125','80.2528953552246','JAMALAYA'),
	(2026,'Veenus','13.1140043060413','80.2350425720215','VEENUS'),
	(2027,'T.V.K.Nagar','13.1211931362151','80.2325534820557','T.V.K.NAGAR'),
	(2028,'Choolai Mill',NULL,NULL,'CHOOLAI MILL'),
	(2029,'Agaram','13.1125832333382','80.2312660217285','AGARAM'),
	(2030,'Periyar Nagar','13.1143386748958','80.2237129211426','PERIYAR NAGAR'),
	(2031,'Secretariat Colony','12.994459299797','80.2065467834473','SECRETARIAT COLONY'),
	(2032,'Adambakkam P.S',NULL,NULL,'ADAMBAKKAM P.S'),
	(2033,'Hindy Vidyalaya',NULL,NULL,'HINDY VIDYALAYA'),
	(2034,'A.G.S Office Colony','12.9829804436827','80.2102160453796','A.G.S OFFICE COLONY'),
	(2035,'Padavattamman School','12.9952747174801','80.2011394500732','PADAVATTAMMAN SCHOOL'),
	(2036,'Egmore','13.0775135756308','80.2613925933838','EGMORE'),
	(2037,'Maternity Hospital','13.0706997020495','80.2581310272217','MATERNITY HOSPITAL'),
	(2038,'D.P.I',NULL,NULL,'D.P.I'),
	(2039,'Uthamar Gandhisalai (Corp','13.0638438356885','80.2433681488037','UTHAMAR GANDHISALAI (CORP'),
	(2040,'Vidyodaya','13.0513857377104','80.2406215667725','VIDYODAYA'),
	(2041,'Krishnan Temple/Pondy Baz','13.0403464182972','80.2399234773475','KRISHNAN TEMPLE/PONDY BAZ'),
	(2042,'Sterling Road','13.065014362936','80.2399349212646','STERLING ROAD'),
	(2043,'R020',NULL,NULL,'R020'),
	(2044,'Anna Road P.O./Dams Road','13.0683168920377','80.2693319320679','ANNA ROAD P.O./DAMS ROAD'),
	(2045,'Virugambakkam','13.0466615296065','80.1923418045044','VIRUGAMBAKKAM'),
	(2046,'Valasaravakkam','13.0413937220975','80.1743173599243','VALASARAVAKKAM'),
	(2047,'Porur','13.034746090615','80.1561641693115','PORUR'),
	(2048,'Ayyappan Thangal','13.0390106294622','80.1337623596191','AYYAPPAN THANGAL'),
	(2049,'Kalaignar Nagar West','13.0444039115567','80.193886756897','KALAIGNAR NAGAR WEST'),
	(2050,'M.K.B.Nagar East','13.1229485163014','80.2655982971191','M.K.B.NAGAR EAST'),
	(2051,'Sun Theater',NULL,NULL,'SUN THEATER'),
	(2052,'Telegraph Office',NULL,NULL,'TELEGRAPH OFFICE'),
	(2053,'Vellaikal','12.9341318835901','80.181827545166','VELLAIKAL'),
	(2054,'Trustpuram','13.0533924536535','80.2229404449463','TRUSTPURAM'),
	(2055,'Bharathi Nagar(Periyar Pa','13.0541867742128','80.2288627624512','BHARATHI NAGAR(PERIYAR PA'),
	(2056,'F.C.I Old',NULL,NULL,'F.C.I OLD'),
	(2057,'Santhome P.O',NULL,NULL,'SANTHOME P.O'),
	(2058,'V.House Terminus','13.0507168287753','80.2792453765869','V.HOUSE TERMINUS'),
	(2059,'V.M.Street','13.0445293353224','80.2681732177734','V.M.STREET'),
	(2060,'V.House','13.050382373629','80.2805328369141','V.HOUSE'),
	(2061,'Saligraman',NULL,NULL,'SALIGRAMAN'),
	(2062,'Picture Post','13.0515529646613','80.2216529846191','PICTURE POST'),
	(2063,'Five Lamps',NULL,NULL,'FIVE LAMPS'),
	(2064,'South Boag & S.East Boag','13.0349969478757','80.2419090270996','SOUTH BOAG & S.EAST BOAG'),
	(2065,'Defence Quarters','13.0300633750812','80.2419948577881','DEFENCE QUARTERS'),
	(2066,'Cementry (Mandaveli)','13.0298961336025','80.2619075775146','CEMENTRY (MANDAVELI)'),
	(2067,'Chinmaya Nagar','13.06049944155','80.1959896087646','CHINMAYA NAGAR'),
	(2068,'Bharathiyar Nagar','13.0542285804873','80.2302360534668','BHARATHIYAR NAGAR'),
	(2069,'Triplicane O.T (Corpn. Sc',NULL,NULL,'TRIPLICANE O.T (CORPN. SC'),
	(2070,'N.G.O.Colony',NULL,NULL,'N.G.O.COLONY'),
	(2071,'St Thomas Mount R.S',NULL,NULL,'ST THOMAS MOUNT R.S'),
	(2072,'Medavakkam','12.9171497479693','80.1918697357178','MEDAVAKKAM'),
	(2073,'Medavakkam Jn.','12.9172334066405','80.1941871643066','MEDAVAKKAM JN.'),
	(2074,'Nungambakkam R.S','13.0655160157719','80.2340126037598','NUNGAMBAKKAM R.S'),
	(2075,'Hotel Arun','13.0730406859721','80.2207946777344','HOTEL ARUN'),
	(2076,'Lattice Bridge','12.9819768026348','80.2527236938477','LATTICE BRIDGE'),
	(2077,'Q.M Arts (Men)','12.9204124153841','80.1833724975586','Q.M ARTS (MEN)'),
	(2078,'Dasaprakash','13.0788930486006','80.2503204345703','DASAPRAKASH'),
	(2079,'Taylors Road','13.0767611325773','80.2381324768066','TAYLORS ROAD'),
	(2080,'Aminijikarai',NULL,NULL,'AMINIJIKARAI'),
	(2081,'Naduvankarai','13.0770537495931','80.2106666564941','NADUVANKARAI'),
	(2082,'Arumbakkam','13.0763849101897','80.2027273178101','ARUMBAKKAM'),
	(2083,'C.M.B.T.','13.0682959900937','80.2056484215427','C.M.B.T.'),
	(2084,'Dry Cattlle Form','13.203013927469','80.1296424865723','DRY CATTLLE FORM'),
	(2085,'Athipet I.C.F. Colony','13.0930217516125','80.1462078094482','ATHIPET I.C.F. COLONY'),
	(2086,'Maharani',NULL,NULL,'MAHARANI'),
	(2087,'Brindavan Colony','12.9820186210927','80.2046155929565','BRINDAVAN COLONY'),
	(2088,'Jn. Of R.Garden & Pevr H.',NULL,NULL,'JN. OF R.GARDEN & PEVR H.'),
	(2089,'M.M.D.A.Colony','13.0647635361358','80.211353302002','M.M.D.A.COLONY'),
	(2090,'Nerkundram','13.0716193769534','80.1856899261475','NERKUNDRAM'),
	(2091,'Maduravoyal','13.0615027645472','80.1644039154053','MADURAVOYAL'),
	(2092,'Chittukadu',NULL,NULL,'CHITTUKADU'),
	(2093,'Gemini P.H',NULL,NULL,'GEMINI P.H'),
	(2094,'Veterinary Hospital','13.0525145174333','80.241436958313','VETERINARY HOSPITAL'),
	(2095,'Pudur High School','13.0424088812307','80.2165438233715','PUDUR HIGH SCHOOL'),
	(2096,'Mogalivakkam Rd. Jn.','13.0294780294114','80.1686096191406','MOGALIVAKKAM RD. JN.'),
	(2097,'Mogalivakkam','13.0301469957782','80.1676654815674','MOGALIVAKKAM'),
	(2098,'Dasarathapuram',NULL,NULL,'DASARATHAPURAM'),
	(2099,'T.B.Institute','13.0722464260591','80.2518653869629','T.B.INSTITUTE'),
	(2100,'Sterling Rd/Meteorology D','13.0656205266511','80.2430033683777','STERLING Rd/METEOROLOGY D'),
	(2101,'Mahalingapuram',NULL,NULL,'MAHALINGAPURAM'),
	(2102,'Moulivakkam','13.0198614381911','80.1431179046631','MOULIVAKKAM'),
	(2103,'Paraniputhur','13.0211157973485','80.1249217987061','PARANIPUTHUR'),
	(2104,'Mangadu','13.0273038762366','80.110502243042','MANGADU'),
	(2105,'Alwar Thirunagar',NULL,NULL,'ALWAR THIRUNAGAR'),
	(2106,'Angalamman Koil','13.0318194037872','80.1833724975586','ANGALAMMAN KOIL'),
	(2107,'Ramapuram','13.0211157973485','80.1834583282471','RAMAPURAM'),
	(2108,'Pazavanthangal Road Jn.','12.993852961835','80.1850891113281','PAZAVANTHANGAL ROAD JN.'),
	(2109,'Kannadapalayam','12.9363905042214','80.1004600524902','KANNADAPALAYAM'),
	(2110,'Pazhanthandalam','12.958557361534','80.0789165496826','PAZHANTHANDALAM'),
	(2111,'Ettayapuram','12.9469304633696','80.0648403167725','ETTAYAPURAM'),
	(2112,'Somangalam Rd Jn/N.V.R.D.','12.9752857587534','80.0484466552734','SOMANGALAM RD JN/N.V.R.D.'),
	(2113,'Poonthandalam','12.9634087124973','80.0446701049805','POONTHANDALAM'),
	(2114,'Somangalam','12.9538732088441','80.0431251525879','SOMANGALAM'),
	(2115,'Hasthinapuram','12.940238477452','80.150671005249','HASTHINAPURAM'),
	(2116,'Kumaran Kundram','12.9422879172217','80.1417016983032','KUMARAN KUNDRAM'),
	(2117,'Irumbuliyur','12.9177353580792','80.1090431213379','IRUMBULIYUR'),
	(2118,'Perungulathur','12.9049352814381','80.0954818725586','PERUNGULATHUR'),
	(2119,'Vandaloor','12.8929712187152','80.0864696502686','VANDALOOR'),
	(2120,'Vandaloor Zoo','12.8793331630881','80.0804615020752','VANDALOOR ZOO'),
	(2121,'Oorapakkam School','12.8669495002578','80.0749683380127','OORAPAKKAM SCHOOL'),
	(2122,'Palakka Company','12.8555693791186','80.0687026977539','PALAKKA COMPANY'),
	(2123,'Guduvanchery','12.841845605795','80.0578022003174','GUDUVANCHERY'),
	(2124,'Naduveerapattu',NULL,NULL,'NADUVEERAPATTU'),
	(2125,'E.B.Station',NULL,NULL,'E.B.STATION'),
	(2126,'Jn.Of Mambakkam Rd & Atan',NULL,NULL,'JN.OF MAMBAKKAM RD & ATAN'),
	(2127,'Madambakkam',NULL,NULL,'MADAMBAKKAM'),
	(2128,'Cipet','13.0138404258536','80.2043581008911','CIPET'),
	(2129,'St Thomas Mount',NULL,NULL,'ST THOMAS MOUNT'),
	(2130,'Alandur Municipality',NULL,NULL,'ALANDUR MUNICIPALITY'),
	(2131,'Housing Board',NULL,NULL,'HOUSING BOARD'),
	(2132,'Korukkupet R.S',NULL,NULL,'KORUKKUPET R.S'),
	(2133,'Butt Road','13.0075683824948','80.1960754394531','BUTT ROAD'),
	(2134,'Ramapuram (L.N.P Koil)',NULL,NULL,'RAMAPURAM (L.N.P KOIL)'),
	(2135,'Velachery Hospital',NULL,NULL,'VELACHERY HOSPITAL'),
	(2136,'Tambaram Town Limit','12.9255154763839','80.1008033752441','TAMBARAM TOWN LIMIT'),
	(2137,'Perungalathur (Old)','12.9197431537477','80.0870704650879','PERUNGALATHUR (OLD)'),
	(2138,'Mudichur Village','12.9088674008771','80.0687026977539','MUDICHUR VILLAGE'),
	(2139,'Nature Care Hospital','12.8395861322252','80.2404499053955','NATURE CARE HOSPITAL'),
	(2140,'Muttukkadu','12.8201705597427','80.2412223815918','MUTTUKKADU'),
	(2141,'Muttukkadu Boat Yard','12.8059845288191','80.2428531646729','MUTTUKKADU BOAT YARD'),
	(2142,'Kovalam','12.7856874918037','80.2453422546387','KOVALAM'),
	(2143,'Thalambur','12.8483728597756','80.2070617675781','THALAMBUR'),
	(2144,'Sirucheri','12.8215096128367','80.2041435241699','SIRUCHERI'),
	(2145,'Sonalur / Pudur',NULL,NULL,'SONALUR / PUDUR'),
	(2146,'Pudupakkam','12.7994143265335','80.1976203918457','PUDUPAKKAM'),
	(2147,'Vandaloor Rd.Jn','12.7915465979655','80.2187347412109','VANDALOOR RD.JN'),
	(2148,'Sathankuppam',NULL,NULL,'SATHANKUPPAM'),
	(2149,'Guindy Tvk Estate','13.008906431723','80.2125978469849','GUINDY TVK ESTATE'),
	(2150,'Indira Nagar Water Tank',NULL,NULL,'INDIRA NAGAR WATER TANK'),
	(2151,'Nucleus Company',NULL,NULL,'NUCLEUS COMPANY'),
	(2152,'Chemmanchery S.C.B.','12.8616778906561','80.2266311645508','CHEMMANCHERY S.C.B.'),
	(2153,'Dharmaprakash/Petrol Bunk','13.078976652775','80.2540969848633','DHARMAPRAKASH/PETROL BUNK'),
	(2154,'Dunlop','13.1053105562943','80.1522159576416','DUNLOP'),
	(2155,'Amb Ot',NULL,NULL,'AMB OT'),
	(2156,'Oragadam O.T.',NULL,NULL,'ORAGADAM O.T.'),
	(2157,'Oragadam',NULL,NULL,'ORAGADAM'),
	(2158,'I021',NULL,NULL,'I021'),
	(2159,'M132',NULL,NULL,'M132'),
	(2160,'Ayanambakkam','13.0730406859721','80.1529026031494','AYANAMBAKKAM'),
	(2161,'Vaanagaram','13.0613355443307','80.1515293121338','VAANAGARAM'),
	(2162,'Velappanchavadi','13.0615027645472','80.1381397247314','VELAPPANCHAVADI'),
	(2163,'Kumunanchavadi',NULL,NULL,'KUMUNANCHAVADI'),
	(2164,'Poonamallee','13.0493058430542','80.1044318670756','POONAMALLEE'),
	(2165,'Villivakkam','13.1085707484495','80.2058601379395','VILLIVAKKAM'),
	(2166,'Srinivasa Nagar',NULL,NULL,'SRINIVASA NAGAR'),
	(2167,'Poombuhar',NULL,NULL,'POOMBUHAR'),
	(2168,'Kolathur/Nehru Rd Jn',NULL,NULL,'KOLATHUR/NEHRU RD JN'),
	(2169,'Peavallur Kumaran Nagar',NULL,NULL,'PEAVALLUR KUMARAN NAGAR'),
	(2170,'Ayyappa Nagar',NULL,NULL,'AYYAPPA NAGAR'),
	(2171,'2Nd Water Tank On Second',NULL,NULL,'2ND WATER TANK ON SECOND'),
	(2172,'Konimedu Rd. Jn.',NULL,NULL,'KONIMEDU RD. JN.'),
	(2173,'Koladi School',NULL,NULL,'KOLADI SCHOOL'),
	(2174,'Thiruverkadu','13.0694455943846','80.1239776611328','THIRUVERKADU'),
	(2175,'Mogapair',NULL,NULL,'MOGAPAIR'),
	(2176,'Vengatapuram',NULL,NULL,'VENGATAPURAM'),
	(2177,'Karakku',NULL,NULL,'KARAKKU'),
	(2178,'Ayapakkam',NULL,NULL,'AYAPAKKAM'),
	(2179,'Menambedu',NULL,NULL,'MENAMBEDU'),
	(2180,'Tamilnadu Housing Board C',NULL,NULL,'TAMILNADU HOUSING BOARD C'),
	(2181,'Defence Colony',NULL,NULL,'DEFENCE COLONY'),
	(2182,'Bharath Electronics',NULL,NULL,'BHARATH ELECTRONICS'),
	(2183,'N4 Police Station','13.1344835591775','80.2973556518555','N4 POLICE STATION'),
	(2184,'Mogalivakkam / Mari Ammn','13.0297288920108','80.1684379577637','MOGALIVAKKAM / MARI AMMN'),
	(2185,'Periyapanicheri','13.0102444737319','80.1210594177246','PERIYAPANICHERI'),
	(2186,'Koovoor',NULL,NULL,'KOOVOOR'),
	(2187,'Nandambakkam','13.0179380751502','80.1874923706055','NANDAMBAKKAM'),
	(2188,'Ayanavaram B.S',NULL,NULL,'AYANAVARAM B.S'),
	(2189,'Anna Poorna Hotel/Dams Rd','13.0684423036645','80.2696323394775','ANNA POORNA HOTEL/DAMS RD'),
	(2190,'Shanthi/Dams Rd.','13.068275088148','80.2690315246582','SHANTHI/DAMS RD.'),
	(2191,'Vellala Street',NULL,NULL,'VELLALA STREET'),
	(2192,'Besantnagar W.Tank',NULL,NULL,'BESANTNAGAR W.TANK'),
	(2193,'Vadapalani P.S',NULL,NULL,'VADAPALANI P.S'),
	(2194,'Royapetta Hospital','13.0537687110788','80.2656412124634','ROYAPETTA HOSPITAL'),
	(2195,'Avadi','13.1196885147349','80.1026916503906','AVADI'),
	(2196,'Polytechnic','13.1259577101364','80.1189994812012','POLYTECHNIC'),
	(2197,'Thirumullaivoayl',NULL,NULL,'THIRUMULLAIVOAYL'),
	(2198,'Postal Audit Office','13.0635930076992','80.2613925933838','POSTAL AUDIT OFFICE'),
	(2199,'Golden Flat','13.0890089479','80.170841217041','GOLDEN FLAT'),
	(2200,'U.S.I.S.','13.0505496012587','80.2522087097168','U.S.I.S.'),
	(2201,'Elango Nagar Officer Colo',NULL,NULL,'ELANGO NAGAR OFFICER COLO'),
	(2202,'Collector Nagar',NULL,NULL,'COLLECTOR NAGAR'),
	(2203,'Trustpuram/Bharathiyar Na',NULL,NULL,'TRUSTPURAM/BHARATHIYAR NA'),
	(2204,'Egmore North R.S.',NULL,NULL,'EGMORE NORTH R.S.'),
	(2205,'Q.M.Arts College','12.9207470455298','80.1835441589355','Q.M.ARTS COLLEGE'),
	(2206,'Central/Moore Market','13.0818609794362','80.2762842178345','CENTRAL/MOORE MARKET'),
	(2207,'Sathiyamoorthy Nagar','13.1784454891122','80.2963256835938','SATHIYAMOORTHY NAGAR'),
	(2208,'Jn.,Of Ponneri Rd,&Eranoo;',NULL,NULL,'JN.,OF PONNERI RD,&ERANOO;'),
	(2209,'Andakuppam',NULL,NULL,'ANDAKUPPAM'),
	(2210,'Echankuzhi','13.1799497501563','80.2693748474121','ECHANKUZHI'),
	(2211,'Manali New Town','13.202846803579','80.2693748474121','MANALI NEW TOWN'),
	(2212,'V.G.P.',NULL,NULL,'V.G.P.'),
	(2213,'Perambur R.S','13.108090081808','80.2452993392944','PERAMBUR R.S'),
	(2214,'Shivashanmugapuram',NULL,NULL,'SHIVASHANMUGAPURAM'),
	(2215,'Lady Mctm School/Millers','13.0846616701387','80.2498483657837','LADY MCTM SCHOOL/MILLERS'),
	(2216,'K.M.C','13.077806191754','80.2427673339844','K.M.C'),
	(2217,'Perambur B.S','13.1085707484495','80.247917175293','PERAMBUR B.S'),
	(2218,'Vinayagapuram','13.1389553322433','80.2065896987915','VINAYAGAPURAM'),
	(2219,'Kolathur',NULL,NULL,'KOLATHUR'),
	(2220,'S.R.P. Colony','13.1216946746618','80.2237129211426','S.R.P. COLONY'),
	(2221,'Millers Road',NULL,NULL,'MILLERS ROAD'),
	(2222,'Mathur M.M.D.A.',NULL,NULL,'MATHUR M.M.D.A.'),
	(2223,'Madhavaram Millk Colony','13.1518686867609','80.2420806884766','MADHAVARAM MILLK COLONY'),
	(2224,'Madhavaram Post Box','13.1428419473326','80.2362442016602','MADHAVARAM POST BOX'),
	(2225,'Sterling Rd./Metrolog. De','13.0659340590231','80.2432823181152','STERLING RD./METROLOG. DE'),
	(2226,'Ganesh Puram','13.109573875807','80.2595043182373','GANESH PURAM'),
	(2227,'M.M.C',NULL,NULL,'M.M.C'),
	(2228,'Saidapet Court','13.0155129439526','80.2256011962891','SAIDAPET COURT'),
	(2229,'Univercity Club','13.0946937338691','80.2860260009766','UNIVERCITY CLUB'),
	(2230,'Dr.Ambedhar Bridge',NULL,NULL,'DR.AMBEDHAR BRIDGE'),
	(2231,'M.K.B.Nagar','13.1231156947033','80.2591609954834','M.K.B.NAGAR'),
	(2232,'Pattabiram','13.1210259565054','80.064754486084','PATTABIRAM'),
	(2233,'Kavaraipalayam','13.1193541531553','80.0798606872559','KAVARAIPALAYAM'),
	(2234,'Corporation School/Office',NULL,NULL,'CORPORATION SCHOOL/OFFICE'),
	(2235,'Sarma Nagar','13.1215274952933','80.2529811859131','SARMA NAGAR'),
	(2236,'Tb Hospital',NULL,NULL,'TB HOSPITAL'),
	(2237,'Madhavaram','13.1376597802033','80.229549407959','MADHAVARAM'),
	(2238,'Mathur Rd. Jn.,',NULL,NULL,'MATHUR RD. JN.,'),
	(2239,'Vadaperumbakkam','13.1749355107153','80.2154731750488','VADAPERUMBAKKAM'),
	(2240,'Settimedu',NULL,NULL,'SETTIMEDU'),
	(2241,'Velangadupakkam',NULL,NULL,'VELANGADUPAKKAM'),
	(2242,'Sriungavoor',NULL,NULL,'SRIUNGAVOOR'),
	(2243,'Perungavoor',NULL,NULL,'PERUNGAVOOR'),
	(2244,'Arumandai Rd.Jn.','13.2283318749105','80.2177906036377','ARUMANDAI RD.JN.'),
	(2245,'Thirunillai Rd.Jn.','13.2340969806692','80.2281761169434','THIRUNILLAI RD.JN.'),
	(2246,'Periamullaivoyal','13.2477990033251','80.2307510375977','PERIAMULLAIVOYAL'),
	(2247,'Vazhuthunaimedu','13.2635887921477','80.2297210693359','VAZHUTHUNAIMEDU'),
	(2248,'Kodungaiyur O.T.','13.1385792049361','80.2434539794922','KODUNGAIYUR O.T.'),
	(2249,'Chinna Kodungaiyur','13.1407523769778','80.2485179901123','CHINNA KODUNGAIYUR'),
	(2250,'Kodungaiyur(Parvathi Naga','13.1461852228883','80.2504062652588','KODUNGAIYUR(PARVATHI NAGA'),
	(2251,'Madahvaram Village','13.1485254886681','80.2300643920898','MADAHVARAM VILLAGE'),
	(2252,'Petrol Bunk',NULL,NULL,'PETROL BUNK'),
	(2253,'Assisi Nagar',NULL,NULL,'ASSISI NAGAR'),
	(2254,'Icf Annexe','13.0946101350258','80.2235412597656','ICF ANNEXE'),
	(2255,'Jn.Of Central Avenue&Erik;',NULL,NULL,'JN.OF CENTRAL AVENUE&ERIK;'),
	(2256,'Vinayagar Koil','13.1011307595859','80.1632881164551','VINAYAGAR KOIL'),
	(2257,'Valluvarkottam',NULL,NULL,'VALLUVARKOTTAM'),
	(2258,'Sakthi Nagar',NULL,NULL,'SAKTHI NAGAR'),
	(2259,'Senthil Nagar',NULL,NULL,'SENTHIL NAGAR'),
	(2260,'G.K.M.Colony','13.1102426251064','80.2227687835693','G.K.M.COLONY'),
	(2261,'Teachers Colony',NULL,NULL,'TEACHERS COLONY'),
	(2262,'Ambedkar Nagar','13.2098659084766','80.1018333435059','AMBEDKAR NAGAR'),
	(2263,'Korukkupet','13.126041298328','80.2778720855713','KORUKKUPET'),
	(2264,'I.O.C',NULL,NULL,'I.O.C'),
	(2265,'Ezhil Nagar',NULL,NULL,'EZHIL NAGAR'),
	(2266,'Kodungaiyur Parvathinagar',NULL,NULL,'KODUNGAIYUR PARVATHINAGAR'),
	(2267,'Ellaiamman Koil','13.1578863284566','80.3015613555908','ELLAIAMMAN KOIL'),
	(2268,'T.V.T Rly Gate',NULL,NULL,'T.V.T RLY GATE'),
	(2269,'Manali Rd Jn.','13.1613965512203','80.2688598632812','MANALI RD JN.'),
	(2270,'Manali','13.1707568993765','80.2566719055176','MANALI'),
	(2271,'Slum Clearance Board',NULL,NULL,'SLUM CLEARANCE BOARD'),
	(2272,'Coronation Nagar',NULL,NULL,'CORONATION NAGAR'),
	(2273,'Jn.Of.Palavanthangal &Gst;',NULL,NULL,'JN.OF.PALAVANTHANGAL &GST;'),
	(2274,'V.House P.S',NULL,NULL,'V.HOUSE P.S'),
	(2275,'I.C.F',NULL,NULL,'I.C.F'),
	(2276,'Jn.Of Manali Rd.Chinna Ko',NULL,NULL,'JN.OF MANALI RD.CHINNA KO'),
	(2277,'Weels India Rd.Jn.',NULL,NULL,'WEELS INDIA RD.JN.'),
	(2278,'Koyambedu School','13.074378381099','80.1991653442383','KOYAMBEDU SCHOOL'),
	(2279,'Kosapur Rd. Jn.,',NULL,NULL,'KOSAPUR RD. JN.,'),
	(2280,'Manalai Seekadu','13.1672468107386','80.2449989318848','MANALAI SEEKADU'),
	(2281,'Ramachandra Medl.College',NULL,NULL,'RAMACHANDRA MEDL.COLLEGE'),
	(2282,'Ayyappan Madam','13.0717029835929','80.1153087615967','AYYAPPAN MADAM'),
	(2283,'Pallavan Nagar','12.9153929094036','80.1943588256836','PALLAVAN NAGAR'),
	(2284,'Perumbakkam Limit','12.9074451520484','80.2008819580078','PERUMBAKKAM LIMIT'),
	(2285,'Water Supply Head Work','12.8974891837559','80.2472305297852','WATER SUPPLY HEAD WORK'),
	(2286,'Karanai','12.8590838833696','80.1994228363037','KARANAI'),
	(2287,'Camp Road','12.9214163044761','80.1432037353516','CAMP ROAD'),
	(2288,'Balaji Nagar (Bharath Eng','12.9046006301199','80.1421737670898','BALAJI NAGAR (BHARATH ENG'),
	(2289,'Meppadu Hospital','12.8912142102858','80.1407146453857','MEPPADU HOSPITAL'),
	(2290,'Agaram Then','12.8855247650504','80.1545333862305','AGARAM THEN'),
	(2291,'Prithiyangara Devi Temple',NULL,NULL,'PRITHIYANGARA DEVI TEMPLE'),
	(2292,'Kakkan Bridge','12.9879149532066','80.2050018310547','KAKKAN BRIDGE'),
	(2293,'Puzhithivakkam B.S','12.9747002838463','80.2034568786621','PUZHITHIVAKKAM B.S'),
	(2294,'Vengaivasal Rd.Jn.','12.9196594959171','80.1711845397949','VENGAIVASAL RD.JN.'),
	(2295,'Vengaivasal P.H.Centre','12.9117118742591','80.1688671112061','VENGAIVASAL P.H.CENTRE'),
	(2296,'Noothancheri Cross Rd.','12.9008357719348','80.1681804656982','NOOTHANCHERI CROSS RD.'),
	(2297,'Madambakkam Koil','12.9013377563004','80.1577949523926','MADAMBAKKAM KOIL'),
	(2298,'Bharatha Matha St',NULL,NULL,'BHARATHA MATHA ST'),
	(2299,'National High School',NULL,NULL,'NATIONAL HIGH SCHOOL'),
	(2300,'Varadharaja Theater',NULL,NULL,'VARADHARAJA THEATER'),
	(2301,'Chitlapakkam B.S',NULL,NULL,'CHITLAPAKKAM B.S'),
	(2302,'Moovarasanpet',NULL,NULL,'MOOVARASANPET'),
	(2303,'Jn.Of.Arterial Rd With 40',NULL,NULL,'JN.OF.ARTERIAL RD WITH 40'),
	(2304,'Tamarind Tree',NULL,NULL,'TAMARIND TREE'),
	(2305,'Sunnambu Kolathur',NULL,NULL,'SUNNAMBU KOLATHUR'),
	(2306,'Jn Of Iii And 1St Ave','13.0418954228848','80.2123188972473','JN OF III AND 1ST AVE'),
	(2307,'Perumbakkam Colony(Indran',NULL,NULL,'PERUMBAKKAM COLONY(INDRAN'),
	(2308,'Nookampalayam Village',NULL,NULL,'NOOKAMPALAYAM VILLAGE'),
	(2309,'Jn.Of.Orakadu Rd & S/Vara','13.2381909584468','80.1613998413086','JN.OF.ORAKADU RD & S/VARA'),
	(2310,'Kovilamcherry Village',NULL,NULL,'KOVILAMCHERRY VILLAGE'),
	(2311,'Madurapakkam Rd.Jn.',NULL,NULL,'MADURAPAKKAM RD.JN.'),
	(2312,'Ponmar',NULL,NULL,'PONMAR'),
	(2313,'Mambakkam Temple',NULL,NULL,'MAMBAKKAM TEMPLE'),
	(2314,'Mambakkam Roce Mill',NULL,NULL,'MAMBAKKAM ROCE MILL'),
	(2315,'Noothancheri','12.9008357719348','80.1685237884521','NOOTHANCHERI'),
	(2316,'Stephen Church',NULL,NULL,'STEPHEN CHURCH'),
	(2317,'Cowl Bazaar',NULL,NULL,'COWL BAZAAR'),
	(2318,'Pammal','12.9749512018324','80.134105682373','PAMMAL'),
	(2319,'Pozhichalur','12.9898385490125','80.1418304443359','POZHICHALUR'),
	(2320,'Statn Rd Jn-With Gst Road',NULL,NULL,'STATN RD JN-WITH GST ROAD'),
	(2321,'Burial Ground',NULL,NULL,'BURIAL GROUND'),
	(2322,'Manivakkam','12.8954812093629','80.0616645812988','MANIVAKKAM'),
	(2323,'Karasangal','12.8919672154085','80.0405502319336','KARASANGAL'),
	(2324,'Manimangalam Rd. Jn.',NULL,NULL,'MANIMANGALAM RD. JN.'),
	(2325,'Sundarasozhapuram','13.078307818586','80.1251792907715','SUNDARASOZHAPURAM'),
	(2326,'Paruthipattu Rd. Jn.','13.088005736761','80.1256942749023','PARUTHIPATTU RD. JN.'),
	(2327,'Mettupalayam','13.0803143157114','80.1016616821289','METTUPALAYAM'),
	(2328,'Ayalchery',NULL,NULL,'AYALCHERY'),
	(2329,'Anaicutche','13.104558198125','80.0586605072021','ANAICUTCHE'),
	(2330,'Thandarai','13.1120816763063','80.0623512268066','THANDARAI'),
	(2331,'Varadaraja Puram','13.0470377972775','80.0794315338135','VARADARAJA PURAM'),
	(2332,'Meppur','13.0293107875372','80.0833797454834','MEPPUR'),
	(2333,'Chembarambakkam','13.0408502117629','80.057544708252','CHEMBARAMBAKKAM'),
	(2334,'Irulapalayam Rd Jn.',NULL,NULL,'IRULAPALAYAM RD JN.'),
	(2335,'Irulapalayam',NULL,NULL,'IRULAPALAYAM'),
	(2336,'Padurmedu',NULL,NULL,'PADURMEDU'),
	(2337,'Pattur','13.0217847863025','80.1223468780518','PATTUR'),
	(2338,'Thirumalisai','13.0537269047265','80.0632953643799','THIRUMALISAI'),
	(2339,'Vellavedu','13.0679406567751','80.0371170043945','VELLAVEDU'),
	(2340,'Andersonpet','13.0781406097554','80.0251007080078','ANDERSONPET'),
	(2341,'Puthuchathiram','13.0910153579256','80.0051879882812','PUTHUCHATHIRAM'),
	(2342,'Kotyamedu','13.0933561489717','80.0124835968018','KOTYAMEDU'),
	(2343,'Kosapalayam','13.0941921403837','80.0205516815186','KOSAPALAYAM'),
	(2344,'Thirunindravoor','13.1247874724681','80.0284481048584','THIRUNINDRAVOOR'),
	(2345,'Thirunindravoor Rly.Stn.','13.12470388385','80.0271606445312','THIRUNINDRAVOOR RLY.STN.'),
	(2346,'Manapakkam P.U.O',NULL,NULL,'MANAPAKKAM P.U.O'),
	(2347,'Manapakkam Village',NULL,NULL,'MANAPAKKAM VILLAGE'),
	(2348,'Murugan Koil / Girugambak',NULL,NULL,'MURUGAN KOIL / GIRUGAMBAK'),
	(2349,'Parivakkam',NULL,NULL,'PARIVAKKAM'),
	(2350,'Kolappanchery',NULL,NULL,'KOLAPPANCHERY'),
	(2351,'Annambedu',NULL,NULL,'ANNAMBEDU'),
	(2352,'Periya Kottamedu','13.0945265361541','80.0063896179199','PERIYA KOTTAMEDU'),
	(2353,'Ramasamy Nagar','13.1014651459343','79.9972915649414','RAMASAMY NAGAR'),
	(2354,'Perumalpattu',NULL,NULL,'PERUMALPATTU'),
	(2355,'Sri Ram Engg.College',NULL,NULL,'SRI RAM ENGG.COLLEGE'),
	(2356,'Veppampattu','13.1252054151323','79.9989223480225','VEPPAMPATTU'),
	(2357,'Veppampattu R.S.','13.1249546496191','79.9972057342529','VEPPAMPATTU R.S.'),
	(2358,'Madananadapuram',NULL,NULL,'MADANANADAPURAM'),
	(2359,'Kuthambakkam','13.0568205556921','80.0322246551514','KUTHAMBAKKAM'),
	(2360,'Agaram Mel','13.0388433940293','80.0814914703369','AGARAM MEL'),
	(2361,'Nemam','13.0801471082411','80.0228691101074','NEMAM'),
	(2362,'Vandaloor R.G/Manivakkam','12.8928038851104','80.0836372375488','VANDALOOR R.G/MANIVAKKAM'),
	(2363,'Sadanandapuram',NULL,NULL,'SADANANDAPURAM'),
	(2364,'Alapakkam',NULL,NULL,'ALAPAKKAM'),
	(2365,'Nedugundram',NULL,NULL,'NEDUGUNDRAM'),
	(2366,'Kolapakkam','12.8708822162192','80.1054382324219','KOLAPAKKAM'),
	(2367,'Vengambakkam Rd Jn.',NULL,NULL,'VENGAMBAKKAM RD JN.'),
	(2368,'Kandigai',NULL,NULL,'KANDIGAI'),
	(2369,'Malrosapuram',NULL,NULL,'MALROSAPURAM'),
	(2370,'Keerapakkam',NULL,NULL,'KEERAPAKKAM'),
	(2371,'Vengambakkam Village',NULL,NULL,'VENGAMBAKKAM VILLAGE'),
	(2372,'Kadaperi',NULL,NULL,'KADAPERI'),
	(2373,'Crescent Residential H.S.',NULL,NULL,'CRESCENT RESIDENTIAL H.S.'),
	(2374,'Kolapakkam Colony',NULL,NULL,'KOLAPAKKAM COLONY'),
	(2375,'Kolapakkam Rice Mill',NULL,NULL,'KOLAPAKKAM RICE MILL'),
	(2376,'Melkottiyur',NULL,NULL,'MELKOTTIYUR'),
	(2377,'Mambakkam Rdjn./Venkatama','12.9299491987992','79.8930931091309','MAMBAKKAM RDJN./VENKATAMA'),
	(2378,'Nagalkeni','12.9593938080999','80.1303291320801','NAGALKENI'),
	(2379,'Thiruneermalai','12.9644960712941','80.1163387298584','THIRUNEERMALAI'),
	(2380,'Vazhuthalambedu Rd. Jn','12.9677581191789','80.1022624969482','VAZHUTHALAMBEDU RD. JN'),
	(2381,'Thirumudivakkam','12.9659179948601','80.0809764862061','THIRUMUDIVAKKAM'),
	(2382,'Durgas','12.9426643431032','80.0769424438477','DURGAS'),
	(2383,'K123',NULL,NULL,'K123'),
	(2384,'Thambuchetty St',NULL,NULL,'THAMBUCHETTY ST'),
	(2385,'Napalayam','13.221229745579','80.2726364135742','NAPALAYAM'),
	(2386,'Kondakkarai','13.2422848674078','80.2738380432129','KONDAKKARAI'),
	(2387,'Pattamandiri','13.2626698378281','80.2738380432129','PATTAMANDIRI'),
	(2388,'Minjur B.D.O','13.276871470967','80.2595901489258','MINJUR B.D.O'),
	(2389,'Minjur New Terminus','13.2823848224093','80.255126953125','MINJUR NEW TERMINUS'),
	(2390,'Ariyalur',NULL,NULL,'ARIYALUR'),
	(2391,'Theyampakkam',NULL,NULL,'THEYAMPAKKAM'),
	(2392,'Chettimedu','13.1856324306281','80.221996307373','CHETTIMEDU'),
	(2393,'Grand Line','13.1847967506034','80.2022552490234','GRAND LINE'),
	(2394,'Red Hills','13.1913985449602','80.1855182647705','RED HILLS'),
	(2395,'Odeon Mani',NULL,NULL,'ODEON MANI'),
	(2396,'Amman Kulam',NULL,NULL,'AMMAN KULAM'),
	(2397,'Vichoor','13.2208955226315','80.2508354187012','VICHOOR'),
	(2398,'Cycle Shop','13.1550446827298','80.205774307251','CYCLE SHOP'),
	(2399,'Kavangarai','13.169586875421','80.1995944976807','KAVANGARAI'),
	(2400,'Aayurveda Ashramam','13.1821225553366','80.1928997039795','AAYURVEDA ASHRAMAM'),
	(2401,'Padiyanallur','13.2073591084635','80.1729011535645','PADIYANALLUR'),
	(2402,'Semilivaram','13.224571949859','80.1663780212402','SEMILIVARAM'),
	(2403,'Sozhipalayam','13.23802385866','80.1741027832031','SOZHIPALAYAM'),
	(2404,'Orakkadu','13.2411987350036','80.1841449737549','ORAKKADU'),
	(2405,'Budur','13.2387758067978','80.194787979126','BUDUR'),
	(2406,'Pammadu Kulam Rd.Jn.',NULL,NULL,'PAMMADU KULAM RD.JN.'),
	(2407,'Alamadhi Old','13.2010084332413','80.1438903808594','ALAMADHI OLD'),
	(2408,'Alamadhi','13.2060221379316','80.1165962219238','ALAMADHI'),
	(2409,'Sholavaram','13.2376061086914','80.1612281799316','SHOLAVARAM'),
	(2410,'Karanodai','13.2479660964028','80.1567649841309','KARANODAI'),
	(2411,'Sholavaram P.S.','13.2410316372806','80.1602840423584','SHOLAVARAM P.S.'),
	(2412,'Karanodai School','13.2471306298669','80.1573657989502','KARANODAI SCHOOL'),
	(2413,'Sothupermedu','13.2541484596161','80.1712703704834','SOTHUPERMEDU'),
	(2414,'Pudukuppam','13.2436216390999','80.2153015136719','PUDUKUPPAM'),
	(2415,'Gnayaru','13.2612496288649','80.2141857147217','GNAYARU'),
	(2416,'Janapan Chattram Rd. Jn.',NULL,NULL,'JANAPAN CHATTRAM RD. JN.'),
	(2417,'Siruniam Rd.Jn.','13.2235692933851','80.1676654815674','SIRUNIAM RD.JN.'),
	(2418,'Angadu','13.2248226133332','80.1868057250977','ANGADU'),
	(2419,'Thirunillai Water Tank','13.2305878021025','80.2374458312988','THIRUNILLAI WATER TANK'),
	(2420,'Poochiathibedu','13.2127069173693','80.0861263275146','POOCHIATHIBEDU'),
	(2421,'Azhinjivakkam Rd.Jn.','13.2011755583893','80.1919555664062','AZHINJIVAKKAM RD.JN.'),
	(2422,'Kummanur','13.2185559491755','80.1953887939453','KUMMANUR'),
	(2423,'Pammadukulam Colony',NULL,NULL,'PAMMADUKULAM COLONY'),
	(2424,'Karimedu',NULL,NULL,'KARIMEDU'),
	(2425,'Irankuppam',NULL,NULL,'IRANKUPPAM'),
	(2426,'Pammadukulam',NULL,NULL,'PAMMADUKULAM'),
	(2427,'Pothur',NULL,NULL,'POTHUR'),
	(2428,'Uppara Palayam',NULL,NULL,'UPPARA PALAYAM'),
	(2429,'Old&New; Erumai Vetti Pala',NULL,NULL,'OLD&NEW; ERUMAI VETTI PALA'),
	(2430,'Old Erumai Vetti Palayam','13.2340134293859','80.1349639892578','OLD ERUMAI VETTI PALAYAM'),
	(2431,'New Erumai Vetti Palayam','13.2365199554198','80.1247501373291','NEW ERUMAI VETTI PALAYAM'),
	(2432,'Anakaputhur','12.9834822626866','80.1265525817871','ANAKAPUTHUR'),
	(2433,'Kundrathur B.S','12.9980345728421','80.0965118408203','KUNDRATHUR B.S'),
	(2434,'Pammal Sankar Nagar','12.973027490802','80.1286125183105','PAMMAL SANKAR NAGAR'),
	(2435,'Sri Sankara Health Centre','12.9661689217049','80.126895904541','SRI SANKARA HEALTH CENTRE'),
	(2436,'Kamarajapuram','12.9705182801402','80.1211452484131','KAMARAJAPURAM'),
	(2437,'Kundrathur Murugan Temple','12.9873295080482','80.0935077667236','KUNDRATHUR MURUGAN TEMPLE'),
	(2438,'Sirukalathur','12.9950238200167','80.0798606872559','SIRUKALATHUR'),
	(2439,'Alagesa Nagar','12.9869949673382','80.0642395019531','ALAGESA NAGAR'),
	(2440,'Nandambakkam Kalaignar Na',NULL,NULL,'NANDAMBAKKAM KALAIGNAR NA'),
	(2441,'Avadi Circle','13.1197721050587','80.1026916503906','AVADI CIRCLE'),
	(2442,'Koilpathagai Rd.Jn.','13.133898461349','80.1028633117676','KOILPATHAGAI RD.JN.'),
	(2443,'H.V.F.Main Gate','13.166494642342','80.0981426239014','H.V.F.MAIN GATE'),
	(2444,'Aafs Cross Road','13.166494642342','80.0981426239014','AAFS CROSS ROAD'),
	(2445,'Vengal Cross Road','13.1769412188206','80.0844955444336','VENGAL CROSS ROAD'),
	(2446,'Veerapuram Rd Jn.','13.1924013335704','80.0845813751221','VEERAPURAM RD JN.'),
	(2447,'Morai',NULL,NULL,'MORAI'),
	(2448,'Kadhavoor',NULL,NULL,'KADHAVOOR'),
	(2449,'Kadhavoor Rd.Jn.',NULL,NULL,'KADHAVOOR RD.JN.'),
	(2450,'Kilkondaiyur',NULL,NULL,'KILKONDAIYUR'),
	(2451,'Veerapuram',NULL,NULL,'VEERAPURAM'),
	(2452,'Arakkambakkam',NULL,NULL,'ARAKKAMBAKKAM'),
	(2453,'Pandeswaram',NULL,NULL,'PANDESWARAM'),
	(2454,'Airforce Station',NULL,NULL,'AIRFORCE STATION'),
	(2455,'Nallur Pudu Nagar',NULL,NULL,'NALLUR PUDU NAGAR'),
	(2456,'Muthapudupet',NULL,NULL,'MUTHAPUDUPET'),
	(2457,'Koilpathagai(Bharathi Nag',NULL,NULL,'KOILPATHAGAI(BHARATHI NAG'),
	(2458,'Vallanur P.U.O',NULL,NULL,'VALLANUR P.U.O'),
	(2459,'Kollumedu',NULL,NULL,'KOLLUMEDU'),
	(2460,'Arikambedu',NULL,NULL,'ARIKAMBEDU'),
	(2461,'Kattur Road Jn.',NULL,NULL,'KATTUR ROAD JN.'),
	(2462,'Lakshmipuram School',NULL,NULL,'LAKSHMIPURAM SCHOOL'),
	(2463,'Konimedu',NULL,NULL,'KONIMEDU'),
	(2464,'Bangarupet','13.2045180373325','80.0896453857422','BANGARUPET'),
	(2465,'Arakkambakkam Rd.Jn.',NULL,NULL,'ARAKKAMBAKKAM RD.JN.'),
	(2466,'C.R.P.Cross Rd.',NULL,NULL,'C.R.P.CROSS RD.'),
	(2467,'C.V.D.Mitnamallee Rd.Jn.',NULL,NULL,'C.V.D.MITNAMALLEE RD.JN.'),
	(2468,'Palavedu',NULL,NULL,'PALAVEDU'),
	(2469,'Melapedu',NULL,NULL,'MELAPEDU'),
	(2470,'Karayancahvadi',NULL,NULL,'KARAYANCAHVADI'),
	(2471,'Senneerkuppam','13.0685259113803','80.1123905181885','SENNEERKUPPAM'),
	(2472,'Melpakkam','13.0863337091211','80.108699798584','MELPAKKAM'),
	(2473,'Govardanagiri','13.1003783886413','80.1083564758301','GOVARDANAGIRI'),
	(2474,'Avadi Mosque','13.1157597374557','80.1048374176025','AVADI MOSQUE'),
	(2475,'Pudur','13.1303878451029','80.1585674285889','PUDUR'),
	(2476,'Kallikuppam','13.1323103316442','80.1729869842529','KALLIKUPPAM'),
	(2477,'Surapedu','13.1445971726798','80.1881790161133','SURAPEDU'),
	(2478,'Screw Factory','13.1588056773735','80.1981353759766','SCREW FACTORY'),
	(2479,'Pozhal Camp',NULL,NULL,'POZHAL CAMP'),
	(2480,'Madanakuppam',NULL,NULL,'MADANAKUPPAM'),
	(2481,'Minjur',NULL,NULL,'MINJUR'),
	(2482,'Kosappur',NULL,NULL,'KOSAPPUR'),
	(2483,'Nemilicheri','13.12470388385','80.0486183166504','NEMILICHERI'),
	(2484,'Nasic Nagar',NULL,NULL,'NASIC NAGAR'),
	(2485,'Pakkam','13.2088631915605','80.1713562011719','PAKKAM'),
	(2486,'Kesava Cross Road',NULL,NULL,'KESAVA CROSS ROAD'),
	(2487,'Kasanoor',NULL,NULL,'KASANOOR'),
	(2488,'Tamaraipakkam',NULL,NULL,'TAMARAIPAKKAM'),
	(2489,'Adi Dravidar Hostel',NULL,NULL,'ADI DRAVIDAR HOSTEL'),
	(2490,'Valliyur School',NULL,NULL,'VALLIYUR SCHOOL'),
	(2491,'R.R.Kandigai',NULL,NULL,'R.R.KANDIGAI'),
	(2492,'Vilambakkam',NULL,NULL,'VILAMBAKKAM'),
	(2493,'Eraiyur Junction',NULL,NULL,'ERAIYUR JUNCTION'),
	(2494,'Rajapalayam',NULL,NULL,'RAJAPALAYAM'),
	(2495,'Meyyur',NULL,NULL,'MEYYUR'),
	(2496,'Guruvoyal Karanibattai',NULL,NULL,'GURUVOYAL KARANIBATTAI'),
	(2497,'Magaral Kandigai',NULL,NULL,'MAGARAL KANDIGAI'),
	(2498,'Vilinjambakkam Amman Koil',NULL,NULL,'VILINJAMBAKKAM AMMAN KOIL'),
	(2499,'N046',NULL,NULL,'N046'),
	(2500,'N047',NULL,NULL,'N047'),
	(2501,'Puliyur',NULL,NULL,'PULIYUR'),
	(2502,'Puliyur Kandigai',NULL,NULL,'PULIYUR KANDIGAI'),
	(2503,'V090',NULL,NULL,'V090'),
	(2504,'Vadhattur Jn.',NULL,NULL,'VADHATTUR JN.'),
	(2505,'M133',NULL,NULL,'M133'),
	(2506,'Pakkam Village',NULL,NULL,'PAKKAM VILLAGE'),
	(2507,'Kollaicheri','13.009240942902','80.101146697998','KOLLAICHERI'),
	(2508,'Sikkaravaram','13.0202795586158','80.1047515869141','SIKKARAVARAM'),
	(2509,'Jn.Of.Pattamandri',NULL,NULL,'JN.OF.PATTAMANDRI'),
	(2510,'Kathirvedu',NULL,NULL,'KATHIRVEDU'),
	(2511,'Malligai Nagar Ave','13.1294683896987','80.211181640625','MALLIGAI NAGAR AVE'),
	(2512,'Water Pipe Thanthankuppam','13.1206080067338','80.1989936828613','WATER PIPE THANTHANKUPPAM'),
	(2513,'Madurapakkam',NULL,NULL,'MADURAPAKKAM'),
	(2514,'Alandur',NULL,NULL,'ALANDUR'),
	(2515,'Thillai Ganga Nagr Iind M',NULL,NULL,'THILLAI GANGA NAGR IIND M'),
	(2516,'Thirunindravoor P.U.O.',NULL,NULL,'THIRUNINDRAVOOR P.U.O.'),
	(2517,'Veppumpattu Puliyamaram',NULL,NULL,'VEPPUMPATTU PULIYAMARAM'),
	(2518,'Koyambedu Rohini Theater',NULL,NULL,'KOYAMBEDU ROHINI THEATER'),
	(2519,'Kamaraj Nagar',NULL,NULL,'KAMARAJ NAGAR'),
	(2520,'Kannan Theater',NULL,NULL,'KANNAN THEATER'),
	(2521,'Sidco Nagar',NULL,NULL,'SIDCO NAGAR'),
	(2522,'M.G.R.Nagar','12.8887878450392','80.0302505493164','M.G.R.NAGAR'),
	(2523,'Padappai','12.8857757727128','80.0154876708984','PADAPPAI'),
	(2524,'Mullai Nagar','12.9159785236315','80.0652694702148','MULLAI NAGAR'),
	(2525,'Manimangalam Village','12.9184464542241','80.0402069091797','MANIMANGALAM VILLAGE'),
	(2526,'Pushpagiri Rd. Jn.','12.9218345904067','80.0195217132568','PUSHPAGIRI RD. JN.'),
	(2527,'Veterinary Hospital/Prdct','12.9051862696328','80.0165176391602','VETERINARY HOSPITAL/PRDCT'),
	(2528,'Thandalam Rd Jn.','13.0050595207364','80.1004600524902','THANDALAM RD JN.'),
	(2529,'Nallur','13.2833872364905','80.2440547943115','NALLUR'),
	(2530,'Nandambakkam Village','12.9799695083805','80.0668144226074','NANDAMBAKKAM VILLAGE'),
	(2531,'Amarambedu Road',NULL,NULL,'AMARAMBEDU ROAD'),
	(2532,'Amarambedu','13.411995914694','80.0151443481445','AMARAMBEDU'),
	(2533,'Thandalam Village','12.7103440348411','80.1864624023438','THANDALAM VILLAGE'),
	(2534,'Periyar Colony','12.981474980591','80.0577163696289','PERIYAR COLONY'),
	(2535,'Ananda Nagar',NULL,NULL,'ANANDA NAGAR'),
	(2536,'Somangalam Rd /Amarambedu','12.9756203152243','80.0479316711426','SOMANGALAM RD /AMARAMBEDU'),
	(2537,'Pudupeir Coot Road',NULL,NULL,'PUDUPEIR COOT ROAD'),
	(2538,'Amarambedu Chatram',NULL,NULL,'AMARAMBEDU CHATRAM'),
	(2539,'Amarambedu Village',NULL,NULL,'AMARAMBEDU VILLAGE'),
	(2540,'Bus Bay-17Th Km','13.1440120989592','80.2209663391113','BUS BAY-17TH KM'),
	(2541,'Seemavaram',NULL,NULL,'SEEMAVARAM'),
	(2542,'Chinnamadiyoor',NULL,NULL,'CHINNAMADIYOOR'),
	(2543,'Thandavarayan Palayam',NULL,NULL,'THANDAVARAYAN PALAYAM'),
	(2544,'Kanniampalayam',NULL,NULL,'KANNIAMPALAYAM'),
	(2545,'Mosque',NULL,NULL,'MOSQUE'),
	(2546,'Muthamil Nagar','13.1333969478149','80.2464580535889','MUTHAMIL NAGAR'),
	(2547,'Thailapuram',NULL,NULL,'THAILAPURAM'),
	(2548,'Maraimalai Nagar','12.7955641921466','80.020637512207','MARAIMALAI NAGAR'),
	(2549,'Paventher Salai',NULL,NULL,'PAVENTHER SALAI'),
	(2550,'Maraimalai Nagar I.E.','12.7894540756631','80.0379753112793','MARAIMALAI NAGAR I.E.'),
	(2551,'Thirumullaivoyal Colony',NULL,NULL,'THIRUMULLAIVOYAL COLONY'),
	(2552,'Pushpa Nagar',NULL,NULL,'PUSHPA NAGAR'),
	(2553,'Mogapair Road Jn',NULL,NULL,'MOGAPAIR ROAD JN'),
	(2554,'Thenpakkam',NULL,NULL,'THENPAKKAM'),
	(2555,'Sikkarayapuram','13.0192760684112','80.1037216186523','SIKKARAYAPURAM'),
	(2556,'Ford',NULL,NULL,'FORD'),
	(2557,'S.P.Koil','12.7649284218803','80.0053596496582','S.P.KOIL'),
	(2558,'Mahendra City(Chetty Punn',NULL,NULL,'MAHENDRA CITY(CHETTY PUNN'),
	(2559,'Pulipakkam','12.7156188058601','79.9813270568848','PULIPAKKAM'),
	(2560,'Chenglepet O.T.','12.6941004013946','79.9773788452148','CHENGLEPET O.T.'),
	(2561,'Chenglepet N.T.',NULL,NULL,'CHENGLEPET N.T.'),
	(2562,'Mettukandigai',NULL,NULL,'METTUKANDIGAI'),
	(2563,'Murukkancheri','13.0993752238054','79.9754905700684','MURUKKANCHERI'),
	(2564,'Aranvoyal Kuppam','13.1025518984301','79.9639892578125','ARANVOYAL KUPPAM'),
	(2565,'Aranvoyal','13.1075676170022','79.9560928344727','ARANVOYAL'),
	(2566,'Venkathur','13.1080691832371','79.9387550354004','VENKATHUR'),
	(2567,'Manavalan Nagar','13.1104098121473','79.9162673950195','MANAVALAN NAGAR'),
	(2568,'Oil Mill','13.1257905336679','79.9142074584961','OIL MILL'),
	(2569,'Thiruvallur','13.1373254430831','79.9123191833496','THIRUVALLUR'),
	(2570,'Tollgate(Sathiavedu Koot',NULL,NULL,'TOLLGATE(SATHIAVEDU KOOT'),
	(2571,'Sadurangapettai',NULL,NULL,'SADURANGAPETTAI'),
	(2572,'Poondi',NULL,NULL,'POONDI'),
	(2573,'Nazarathpet','13.0482920187118','80.0828647613525','NAZARATHPET'),
	(2574,'Pappanchatram',NULL,NULL,'PAPPANCHATRAM'),
	(2575,'Chettipedu','13.0229555126251','80.0201225280762','CHETTIPEDU'),
	(2576,'Thandalam Koot Road','13.0189415707732','80.0105094909668','THANDALAM KOOT ROAD'),
	(2577,'Sipcot','13.0087391759643','79.996862411499','SIPCOT'),
	(2578,'Irunkattukottai','12.9949401874725','79.9883651733398','IRUNKATTUKOTTAI'),
	(2579,'Pennalur E.B.','12.9883331274751','79.9798679351807','PENNALUR E.B.'),
	(2580,'Beemanthangal',NULL,NULL,'BEEMANTHANGAL'),
	(2581,'Sriperumpudur','12.9670053426933','79.9452781677246','SRIPERUMPUDUR'),
	(2582,'Vishnuvakkam',NULL,NULL,'VISHNUVAKKAM'),
	(2583,'Kizhanoor',NULL,NULL,'KIZHANOOR'),
	(2584,'Moolakarai',NULL,NULL,'MOOLAKARAI'),
	(2585,'Nazarath',NULL,NULL,'NAZARATH'),
	(2586,'Ekkadu Kandigai',NULL,NULL,'EKKADU KANDIGAI'),
	(2587,'Ekkadu Csi Hospital',NULL,NULL,'EKKADU CSI HOSPITAL'),
	(2588,'Ekkadu Water Tank(Teacher',NULL,NULL,'EKKADU WATER TANK(TEACHER'),
	(2589,'Periyapalayam Rd Jn.',NULL,NULL,'PERIYAPALAYAM RD JN.'),
	(2590,'Panjetti','13.2848908498491','80.1492118835449','PANJETTI'),
	(2591,'Thatchur Koot Road','13.2972535396992','80.1474952697754','THATCHUR KOOT ROAD'),
	(2592,'New Road','13.3178009399791','80.145092010498','NEW ROAD'),
	(2593,'Puduvoyal','13.3343378246673','80.1433753967285','PUDUVOYAL'),
	(2594,'Peruvoyal','13.3483682337122','80.1426887512207','PERUVOYAL'),
	(2595,'Kavaraped',NULL,NULL,'KAVARAPED'),
	(2596,'Jamal Soft Drinks','13.3654040629788','80.1243209838867','JAMAL SOFT DRINKS'),
	(2597,'Thandalacheri','13.3695793277609','80.1071548461914','THANDALACHERI'),
	(2598,'Palavakkam Cross Road','13.3749235611598','80.0848388671875','PALAVAKKAM CROSS ROAD'),
	(2599,'G.R.Kandikai','13.380935682061','80.0676727294922','G.R.KANDIKAI'),
	(2600,'Dideer Nagar',NULL,NULL,'DIDEER NAGAR'),
	(2601,'Poovalambedu','13.3999730745956','80.0405502319336','POOVALAMBEDU'),
	(2602,'Thani Poondi','13.405650601795','80.0275039672852','THANI POONDI'),
	(2603,'Panchalai',NULL,NULL,'PANCHALAI'),
	(2604,'Madarapakkam Cross Road','13.4235172386474','79.9893951416016','MADARAPAKKAM CROSS ROAD'),
	(2605,'Madarapakkam Bus Terminus',NULL,NULL,'MADARAPAKKAM BUS TERMINUS'),
	(2606,'Enambakkam',NULL,NULL,'ENAMBAKKAM'),
	(2607,'Melmallikaipattu',NULL,NULL,'MELMALLIKAIPATTU'),
	(2608,'New Nagar',NULL,NULL,'NEW NAGAR'),
	(2609,'Venkathakulam',NULL,NULL,'VENKATHAKULAM'),
	(2610,'Periyapalayam','13.3119542961925','80.0319671630859','PERIYAPALAYAM'),
	(2611,'Avadi Road Jn.',NULL,NULL,'AVADI ROAD JN.'),
	(2612,'Jeyapuram',NULL,NULL,'JEYAPURAM'),
	(2613,'Dharmapuram Kandigai',NULL,NULL,'DHARMAPURAM KANDIGAI'),
	(2614,'Kannigaipeir',NULL,NULL,'KANNIGAIPEIR'),
	(2615,'Manchankaranai',NULL,NULL,'MANCHANKARANAI'),
	(2616,'Pandy Kavanoor Jn.',NULL,NULL,'PANDY KAVANOOR JN.'),
	(2617,'Sakthi Vinayagar Koil',NULL,NULL,'SAKTHI VINAYAGAR KOIL'),
	(2618,'Mambakkam',NULL,NULL,'MAMBAKKAM'),
	(2619,'Camp',NULL,NULL,'CAMP'),
	(2620,'Samiyar Pannai','12.798242552724','80.2005386352539','SAMIYAR PANNAI'),
	(2621,'Chengammal Koot Road',NULL,NULL,'CHENGAMMAL KOOT ROAD'),
	(2622,'Koman Nagar Rd Jn.',NULL,NULL,'KOMAN NAGAR RD JN.'),
	(2623,'Kalavakkam Tea Stall','12.74232588409','80.1971054077148','KALAVAKKAM TEA STALL'),
	(2624,'Thirupporur',NULL,NULL,'THIRUPPORUR'),
	(2625,'Karungudi Pallam',NULL,NULL,'KARUNGUDI PALLAM'),
	(2626,'P141',NULL,NULL,'P141'),
	(2627,'Payyanoor','12.6617775103885','80.17822265625','PAYYANOOR'),
	(2628,'Poozavakkam School',NULL,NULL,'POOZAVAKKAM SCHOOL'),
	(2629,'Poonchery Koot Road',NULL,NULL,'POONCHERY KOOT ROAD'),
	(2630,'Government School / Hospi',NULL,NULL,'GOVERNMENT SCHOOL / HOSPI'),
	(2631,'Mamallapuram','12.6204886902218','80.1941871643066','MAMALLAPURAM'),
	(2632,'Salt Office','12.7830089979825','80.2324676513672','SALT OFFICE'),
	(2633,'Chemmancheri Kuppam','12.7726295661384','80.2486896514893','CHEMMANCHERI KUPPAM'),
	(2634,'Thiruvedanthai','12.7500277162178','80.2410507202148','THIRUVEDANTHAI'),
	(2635,'Vadanemili','12.7314424613095','80.2355575561523','VADANEMILI'),
	(2636,'Borosil Company','12.792216201438','80.0292205810547','BOROSIL COMPANY'),
	(2637,'Manamathi Koot Rd',NULL,NULL,'MANAMATHI KOOT RD'),
	(2638,'Chiruthavoor Jn.','12.6949377274569','80.163459777832','CHIRUTHAVOOR JN.'),
	(2639,'Ammur Colony',NULL,NULL,'AMMUR COLONY'),
	(2640,'Kallikalam',NULL,NULL,'KALLIKALAM'),
	(2641,'Manamathi School','12.665556','80.116667','MANAMATHI SCHOOL'),
	(2642,'Manamathi','12.656667','80.118056','MANAMATHI'),
	(2643,'Manamathi Jn.',NULL,NULL,'MANAMATHI JN.'),
	(2644,'Illalur Junction',NULL,NULL,'ILLALUR JUNCTION'),
	(2645,'Sunnambu Kalvoy','12.7103440348411','80.138053894043','SUNNAMBU KALVOY'),
	(2646,'Chembakkam Junction','12.709167','80.125278','CHEMBAKKAM JUNCTION'),
	(2647,'Mylai Koot Road','12.7103440348411','80.1095581054688','MYLAI KOOT ROAD'),
	(2648,'Vengoor Junction','12.7113487615763','80.0992584228516','VENGOOR JUNCTION'),
	(2649,'Karumbakkam','12.7025','80.092222','KARUMBAKKAM'),
	(2650,'Sirukundram Koot Road',NULL,NULL,'SIRUKUNDRAM KOOT ROAD'),
	(2651,'Perunthandalam',NULL,NULL,'PERUNTHANDALAM'),
	(2652,'Chembakkam Village','12.7053203415626','80.1188278198242','CHEMBAKKAM VILLAGE'),
	(2653,'Thiruvengadapuram','12.9560480049781','79.9409866333008','THIRUVENGADAPURAM'),
	(2654,'Sunguvarchathiram',NULL,NULL,'SUNGUVARCHATHIRAM'),
	(2655,'Echankuzhi /Manali New To',NULL,NULL,'ECHANKUZHI /MANALI NEW TO'),
	(2656,'Vayalur',NULL,NULL,'VAYALUR'),
	(2657,'Kattur',NULL,NULL,'KATTUR'),
	(2658,'Abirami Madam',NULL,NULL,'ABIRAMI MADAM'),
	(2659,'Kadapakkam',NULL,NULL,'KADAPAKKAM'),
	(2660,'Thathanmanji',NULL,NULL,'THATHANMANJI'),
	(2661,'Arani','13.3193043398428','80.075569152832','ARANI'),
	(2662,'Chinnambedu Village','13.3291597298395','80.1028633117676','CHINNAMBEDU VILLAGE'),
	(2663,'Chinambedu Colony',NULL,NULL,'CHINAMBEDU COLONY'),
	(2664,'Sathiyavedu Koot Road',NULL,NULL,'SATHIYAVEDU KOOT ROAD'),
	(2665,'Thirupatchur',NULL,NULL,'THIRUPATCHUR'),
	(2666,'Priyan Kuppam',NULL,NULL,'PRIYAN KUPPAM'),
	(2667,'Christian Hospital',NULL,NULL,'CHRISTIAN HOSPITAL'),
	(2668,'Kadambathur',NULL,NULL,'KADAMBATHUR'),
	(2669,'Panapakkam',NULL,NULL,'PANAPAKKAM'),
	(2670,'Kosavampettai',NULL,NULL,'KOSAVAMPETTAI'),
	(2671,'Anjathamman Koil',NULL,NULL,'ANJATHAMMAN KOIL'),
	(2672,'P135',NULL,NULL,'P135'),
	(2673,'E022',NULL,NULL,'E022'),
	(2674,'C064',NULL,NULL,'C064'),
	(2675,'K115',NULL,NULL,'K115'),
	(2676,'V085',NULL,NULL,'V085'),
	(2677,'G023',NULL,NULL,'G023'),
	(2678,'K116',NULL,NULL,'K116'),
	(2679,'A102',NULL,NULL,'A102'),
	(2680,'Nanmabgalam Rd. Jn.',NULL,NULL,'NANMABGALAM RD. JN.'),
	(2681,'A104',NULL,NULL,'A104'),
	(2682,'K120',NULL,NULL,'K120'),
	(2683,'Travellers Bangalow',NULL,NULL,'TRAVELLERS BANGALOW'),
	(2684,'Vadamangalam Koot Road','12.9433335432672','79.9191856384277','VADAMANGALAM KOOT ROAD'),
	(2685,'A103',NULL,NULL,'A103'),
	(2686,'V086',NULL,NULL,'V086'),
	(2687,'V087',NULL,NULL,'V087'),
	(2688,'G024',NULL,NULL,'G024'),
	(2689,'K119',NULL,NULL,'K119'),
	(2690,'P137',NULL,NULL,'P137'),
	(2691,'P136',NULL,NULL,'P136'),
	(2692,'K117',NULL,NULL,'K117'),
	(2693,'M130',NULL,NULL,'M130'),
	(2694,'K118',NULL,NULL,'K118'),
	(2695,'N044',NULL,NULL,'N044'),
	(2696,'Verkadu','13.3677004675565','80.1379251480103','VERKADU'),
	(2697,'Ayanallur','13.3869476528957','80.1322174072266','AYANALLUR'),
	(2698,'Gummudipoondi R.S.',NULL,NULL,'GUMMUDIPOONDI R.S.'),
	(2699,'Police Quarters','13.4058175858596','80.1430320739746','POLICE QUARTERS'),
	(2700,'Rettambedu','13.4123298738898','80.1548767089844','RETTAMBEDU'),
	(2701,'Krishnapuram','13.3203066012303','80.1825141906738','KRISHNAPURAM'),
	(2702,'Ponneri','13.3343378246673','80.1942729949951','PONNERI'),
	(2703,'Chinnakuvanam',NULL,NULL,'CHINNAKUVANAM'),
	(2704,'Uppalayam',NULL,NULL,'UPPALAYAM'),
	(2705,'Kavalpathy',NULL,NULL,'KAVALPATHY'),
	(2706,'Medhur',NULL,NULL,'MEDHUR'),
	(2707,'Kanchivoyal',NULL,NULL,'KANCHIVOYAL'),
	(2708,'Thirupalaivanam',NULL,NULL,'THIRUPALAIVANAM'),
	(2709,'Perliyambakkam',NULL,NULL,'PERLIYAMBAKKAM'),
	(2710,'Pollachiammankulam',NULL,NULL,'POLLACHIAMMANKULAM'),
	(2711,'Pulicut Panchayat Limit',NULL,NULL,'PULICUT PANCHAYAT LIMIT'),
	(2712,'Pazhaverkadu','13.4181740846685','80.3148651123047','PAZHAVERKADU'),
	(2713,'Pulikulam',NULL,NULL,'PULIKULAM'),
	(2714,'Elavambedu','13.2925758392697','80.2174472808838','ELAVAMBEDU'),
	(2715,'Thandalam',NULL,NULL,'THANDALAM'),
	(2716,'Thumbakkam',NULL,NULL,'THUMBAKKAM'),
	(2717,'Ariyapakkam',NULL,NULL,'ARIYAPAKKAM'),
	(2718,'Ambathur',NULL,NULL,'AMBATHUR'),
	(2719,'Pogalmedu',NULL,NULL,'POGALMEDU'),
	(2720,'Vengal',NULL,NULL,'VENGAL'),
	(2721,'Ernakuppma',NULL,NULL,'ERNAKUPPMA'),
	(2722,'Vadamadurai',NULL,NULL,'VADAMADURAI'),
	(2723,'Vadamadurai Kandigai',NULL,NULL,'VADAMADURAI KANDIGAI'),
	(2724,'Minjur P.U',NULL,NULL,'MINJUR P.U'),
	(2725,'Koothavakkam School',NULL,NULL,'KOOTHAVAKKAM SCHOOL'),
	(2726,'Kandan Kollai','13.1287161054444','79.9834728240967','KANDAN KOLLAI'),
	(2727,'Chevvaipettai R.S.','13.1294683896987','79.9671649932861','CHEVVAIPETTAI R.S.'),
	(2728,'Thozhudur',NULL,NULL,'THOZHUDUR'),
	(2729,'Kakkalur','13.1330626048899','79.9426174163818','KAKKALUR'),
	(2730,'Salamangalam Koot Road','12.8819269609135','80.0079345703125','SALAMANGALAM KOOT ROAD'),
	(2731,'Vanjivanchery','12.8769066827513','80.0003814697266','VANJIVANCHERY'),
	(2732,'Sarapanchery','12.8732250815181','79.9873352050781','SARAPANCHERY'),
	(2733,'Panapakkamedu','12.8695434262198','79.9741172790527','PANAPAKKAMEDU'),
	(2734,'Vattambakkam','12.8591675614425','79.958324432373','VATTAMBAKKAM'),
	(2735,'Oragadam Koot Road','12.8519711452252','79.9423599243164','ORAGADAM KOOT ROAD'),
	(2736,'E023',NULL,NULL,'E023'),
	(2737,'P138',NULL,NULL,'P138'),
	(2738,'K121',NULL,NULL,'K121'),
	(2739,'V088',NULL,NULL,'V088'),
	(2740,'T097',NULL,NULL,'T097'),
	(2741,'T098',NULL,NULL,'T098'),
	(2742,'N045',NULL,NULL,'N045'),
	(2743,'O014',NULL,NULL,'O014'),
	(2744,'W008',NULL,NULL,'W008'),
	(2745,'N.S.K Nagar',NULL,NULL,'N.S.K NAGAR'),
	(2746,'Mathur','12.8677025783007','79.9384117126465','MATHUR'),
	(2747,'Vallakkottai','12.8839350440131','79.9354934692383','VALLAKKOTTAI'),
	(2748,'Bhondhur','12.931622281129','79.9313735961914','BHONDHUR'),
	(2749,'Pattunool Chatram','12.9543750865605','79.9406433105469','PATTUNOOL CHATRAM'),
	(2750,'Vallam','12.8994971420352','79.9308586120605','VALLAM'),
	(2751,'Therasapuram','12.9155602278945','79.9320602416992','THERASAPURAM'),
	(2752,'M131',NULL,NULL,'M131'),
	(2753,'K122',NULL,NULL,'K122'),
	(2754,'P139',NULL,NULL,'P139'),
	(2755,'V089',NULL,NULL,'V089'),
	(2756,'S097',NULL,NULL,'S097'),
	(2757,'Kattu Koot Road',NULL,NULL,'KATTU KOOT ROAD'),
	(2758,'A105',NULL,NULL,'A105'),
	(2759,'T099',NULL,NULL,'T099'),
	(2760,'Periyal Nembili Village','12.7140280134399','80.2262878417969','PERIYAL NEMBILI VILLAGE'),
	(2761,'Sulerikadu','12.689578793033','80.2166748046875','SULERIKADU'),
	(2762,'Krishna Karanai','12.6701517099641','80.2094650268555','KRISHNA KARANAI'),
	(2763,'Sculpture Arts College',NULL,NULL,'SCULPTURE ARTS COLLEGE'),
	(2764,'Tsr Rajalakshmi Nagar',NULL,NULL,'TSR RAJALAKSHMI NAGAR'),
	(2765,'Valarpuram','13.0196105655976','79.9765205383301','VALARPURAM'),
	(2766,'Mannur Village','13.0217847863025','79.9566078186035','MANNUR VILLAGE'),
	(2767,'Sowbakkiya Nagar',NULL,NULL,'SOWBAKKIYA NAGAR'),
	(2768,'Vayalur Cross Road',NULL,NULL,'VAYALUR CROSS ROAD'),
	(2769,'Mudhukur Cross Road',NULL,NULL,'MUDHUKUR CROSS ROAD'),
	(2770,'Poovalli Kuppam',NULL,NULL,'POOVALLI KUPPAM'),
	(2771,'Meppedu',NULL,NULL,'MEPPEDU'),
	(2772,'Meppedu Koot Rd',NULL,NULL,'MEPPEDU KOOT RD'),
	(2773,'K124',NULL,NULL,'K124'),
	(2774,'K125',NULL,NULL,'K125'),
	(2775,'P140',NULL,NULL,'P140'),
	(2776,'Sozhinganallur (Pon.Koil)',NULL,NULL,'SOZHINGANALLUR (PON.KOIL)'),
	(2777,'Neithavoyal',NULL,NULL,'NEITHAVOYAL'),
	(2778,'Minjur R.S',NULL,NULL,'MINJUR R.S'),
	(2779,'Pattikulam Colony',NULL,NULL,'PATTIKULAM COLONY'),
	(2780,'Illanthope',NULL,NULL,'ILLANTHOPE'),
	(2781,'Salavankuppam/Devanori',NULL,NULL,'SALAVANKUPPAM/DEVANORI');
/*!40000 ALTER TABLE `appmodels_stage` ENABLE KEYS*/;
UNLOCK TABLES;
/*!40014 SET FOREIGN_KEY_CHECKS=@OLD_FOREIGN_KEY_CHECKS*/;
