# HeidiSQL Dump 
#
# --------------------------------------------------------
# Host:                 127.0.0.1
# Database:             wtfimb
# Server version:       5.1.32-community
# Server OS:            Win32
# Target-Compatibility: MySQL 4.0
# max_allowed_packet:   1048576
# HeidiSQL version:     3.2 Revision: 1129
# --------------------------------------------------------

/*!40100 SET CHARACTER SET latin1*/;
/*!40014 SET @OLD_FOREIGN_KEY_CHECKS=@@FOREIGN_KEY_CHECKS, FOREIGN_KEY_CHECKS=0*/;


#
# Database structure for database 'wtfimb'
#

CREATE DATABASE /*!32312 IF NOT EXISTS*/ `wtfimb` /*!40100 DEFAULT CHARACTER SET latin1 */;

USE `wtfimb`;


#
# Table structure for table 'appmodels_route'
#

CREATE TABLE /*!32312 IF NOT EXISTS*/ `appmodels_route` (
  `id` int(11) NOT NULL AUTO_INCREMENT,
  `display_name` varchar(64) NOT NULL,
  `mtc_name` varchar(64) NOT NULL,
  `types` varchar(64) NOT NULL,
  `start_id` int(11) NOT NULL,
  `end_id` int(11) NOT NULL,
  `time` double NOT NULL,
  `fare` double NOT NULL,
  PRIMARY KEY (`id`),
  KEY `appmodels_route_start_id` (`start_id`),
  KEY `appmodels_route_end_id` (`end_id`),
  CONSTRAINT `end_id_refs_id_39d41e10` FOREIGN KEY (`end_id`) REFERENCES `appmodels_stage` (`id`),
  CONSTRAINT `start_id_refs_id_39d41e10` FOREIGN KEY (`start_id`) REFERENCES `appmodels_stage` (`id`)
) TYPE=InnoDB AUTO_INCREMENT=829 /*!40100 DEFAULT CHARSET=latin1*/;



#
# Dumping data for table 'appmodels_route'
#

TRUNCATE TABLE `appmodels_route`;
LOCK TABLES `appmodels_route` WRITE;
/*!40000 ALTER TABLE `appmodels_route` DISABLE KEYS*/;
INSERT INTO `appmodels_route` (`id`, `display_name`, `mtc_name`, `types`, `start_id`, `end_id`, `time`, `fare`) VALUES
	(2,'1B','Y1B','D,X,N',928,948,'100','14'),
	(3,'1','1NS','N,LSS',928,957,'70','12'),
	(4,'A1','XA1','X,AC,D',958,957,'50','7'),
	(5,'1G Ext','X1GEX','X',928,966,'105','10'),
	(9,'1A','S1A','D,O,X',928,957,'80','13'),
	(10,'M1A','M1A','M',967,982,'85','7'),
	(11,'M1','M1','M',957,984,'40','5'),
	(12,'1D','L1D','LSS',985,957,'120','7.5'),
	(13,'1G Cut','L1GCT','LSS',994,996,'75','5.5'),
	(14,'1G','X1G','X',928,962,'80','9'),
	(15,'1C','L1C','LSS,X',985,957,'100','7'),
	(22,'T1','LT1','LSS',999,957,'65','6'),
	(23,'2A/2AE','2A/2AE','O',1001,1005,'50','4'),
	(24,'M2','M2','M',940,1010,'70','6'),
	(25,'AC2','WAC2V','AC',958,944,'50','28'),
	(26,'M3A','M3A','M',1014,953,'40','5'),
	(27,'M4','M4','M',928,957,'100','7'),
	(28,'5T','5T','O',1021,1029,'68','5'),
	(29,'5A','L5A','LSS,D,X,N',1012,1034,'65','6'),
	(30,'5E','X5E','X,D,N,O',1021,1037,'70','7.5'),
	(33,'M5G','M5G','M',1012,1043,'55','5'),
	(34,'M5E Cut','M5ECUT','M',1044,957,'70','6'),
	(35,'M5C','M5C','M',994,1029,'70','6'),
	(36,'M5','M5','M',956,1057,'70','7'),
	(40,'5C','5C','O',994,1029,'70','5'),
	(41,'5B','5B','O',1061,1012,'40','4'),
	(43,'5K','5K','O',1061,1029,'30','3.5'),
	(45,'6A','L6A','LSS',1062,1037,'75','6.5'),
	(46,'6D','S6D','D,LSS',1062,957,'70','13'),
	(48,'6D Ext','L6DEX','LSS',1069,957,'75','6.5'),
	(49,'M7','M7','M,D',1012,957,'45','5'),
	(50,'7H Ext','7HEXT','O',934,1079,'70','5'),
	(52,'7M','S7M','D,LSS',994,1078,'50','10'),
	(53,'M7S','M7S','M',957,1081,'55','5'),
	(54,'M7K','M7K','M',1012,1029,'30','5'),
	(55,'M7B','M7B','M',994,1087,'60','5'),
	(56,'7B','7B','O',994,1087,'60','4.5'),
	(57,'7K','7K','O',934,1088,'55','4'),
	(59,'7H','L7H','LSS',994,1077,'48','5'),
	(60,'7G','7G','O',994,1093,'63','4.5'),
	(61,'7F','L7F','LSS',994,1094,'45','4.5'),
	(62,'7E','L7E','LSS',994,1079,'70','5.5'),
	(63,'M8B','M8B','M',1014,1100,'45','5'),
	(64,'8B','8B','O',1014,1100,'45','4'),
	(65,'M8A','M8A','M',1062,1103,'65','6'),
	(66,'M9M','M9M','M',1012,1107,'40','5'),
	(67,'M9M Ext','M9MEXT','M',1014,1107,'70','7'),
	(68,'M10','M10','M',1014,1024,'65','5'),
	(69,'M10A','M10A','M',1062,1081,'90','7'),
	(70,'10G','X10G','X',1109,966,'85','9'),
	(71,'M11A','M11A','M',1017,1116,'55','5'),
	(72,'11H','X11H','X,D,LSS',1014,1121,'80','9'),
	(73,'11G','X11G','X,O',994,1122,'70','7'),
	(75,'11A','S11A','D,O',1017,1012,'55','10'),
	(77,'11A Ext','L11AEX','LSS',1123,1012,'70','5.5'),
	(80,'11','11','O',1014,1012,'45','4'),
	(81,'M11','M11','M',963,948,'40','5'),
	(82,'M12B Ext','M12BEX','M',1121,1064,'80','6'),
	(83,'12G','X12G','X,O',1001,1024,'70','7.5'),
	(84,'12','12','O',1012,1133,'40','3.5'),
	(85,'M12C','M12C','M',1134,1061,'70','5'),
	(87,'M12B','M12B','M',1021,1064,'50','5'),
	(88,'M12','M12','M',1014,984,'90','7'),
	(90,'12B','12BNS','N,O,D',1021,1064,'50','8'),
	(93,'M12A','M12A','M',1012,1064,'40','4'),
	(94,'13','S13','D,O',1012,1142,'42','8'),
	(96,'13B','13B','O',1012,1001,'42','4'),
	(97,'M14','M14','M',1143,1146,'40','5'),
	(98,'M15C','M15C','M',994,1094,'75','6'),
	(99,'M15 Ext','SM15EX','D',1061,1034,'70','13'),
	(100,'15B','S15B','D,O,N',994,1156,'40','9'),
	(101,'M15L Cut','M15LCU','M',994,1158,'70','6'),
	(102,'M15D','M15D','M',994,1094,'48','5'),
	(103,'M15A','M15A','M',994,1094,'48','5'),
	(104,'M15','M15','M',1061,1145,'55','6'),
	(105,'15F','L15F','LSS,N',994,1021,'70','5.5'),
	(107,'M15F Cut','M15FCU','M',994,1044,'45','5'),
	(109,'15B Ext','15BEXN','O',1156,985,'90','12'),
	(110,'15G','15G','O',934,1162,'38','4'),
	(112,'15','15','O',934,931,'38','4'),
	(115,'M17M Ext','M17MEX','M',994,1134,'60','5'),
	(116,'M17M','M17M','M',994,1121,'80','6'),
	(117,'17E','X17E','X,D,O',994,1134,'60','7.5'),
	(118,'17D','X17D','X,D,O',1014,1024,'70','8.5'),
	(119,'17M','S17M','D,X,LSS N,LSS',994,1121,'75','12'),
	(121,'MG17','MG17','M',994,1170,'75','7'),
	(122,'M17M Cut','M17MCU','M',994,1021,'50','5'),
	(126,'M17K','M17K','M',1014,1171,'60','6'),
	(129,'M17','M17','M',994,1021,'60','5'),
	(130,'M17A','M17A','M',994,1044,'65','6'),
	(131,'M17B','M17B','M',994,1177,'90','7'),
	(132,'M17B Cut','M17BCT','M',1044,1177,'60','5'),
	(133,'M17G','M17G','M',994,1170,'85','7'),
	(135,'M18C','M18C','M',1012,984,'50','5'),
	(136,'M18B','M18B','M',1014,1058,'55','5'),
	(137,'M18S','M18S','M',948,1187,'40','5'),
	(138,'M18G','M18G','M',1188,1196,'50','6'),
	(139,'M18H','M18H','M',948,1197,'42','4'),
	(140,'M18L','M18L','M',948,1200,'45','6'),
	(141,'M18M','M18M','M',1021,948,'70','6'),
	(142,'M18T','M18T','M',1203,1014,'55','6'),
	(143,'A18','SA18','D,X',1014,1193,'80','13'),
	(144,'E18','XE18','X,AC',1014,1196,'85','10.5'),
	(147,'M18','M18','M',948,1196,'30','5'),
	(148,'D18','SD18','D',1014,1191,'70','13'),
	(149,'G18','SG18','D,LSS,X,N',1012,1196,'70','13'),
	(150,'18A','18ANS','N,O,LSS',1014,948,'60','12'),
	(151,'18D','L18D','LSS,X',1014,984,'70','6'),
	(152,'B18','YB18','D,X,LSS',1205,1193,'95','15'),
	(155,'18E','18E','O',1014,1207,'70','5'),
	(156,'18K','18K','O',994,1081,'55','4'),
	(157,'18P','18P','O',934,1208,'70','4.5'),
	(162,'K18','K18','O',994,1081,'70','6'),
	(165,'18','18','O,LSS',1014,941,'45','4'),
	(167,'PP19E','XPP19E','X,D',994,1215,'80','10.5'),
	(168,'M19P','M19P','M',956,1057,'80','7'),
	(169,'M19','M19V','M',962,982,'55','6'),
	(170,'PP19','PP19','LSS',994,979,'65','6.5'),
	(172,'19G','S19G','D,X,LSS',994,1215,'95','15'),
	(173,'19B','W19BV','AC,D,LSS',1012,1057,'70','33'),
	(175,'M19K','M19K','M',956,1217,'70','6'),
	(176,'PP19 Ext','PP19ET','O',994,1215,'80','7.5'),
	(177,'G19','SG19','D',1012,1215,'75','14'),
	(178,'19','19SNS','N',934,957,'55','10'),
	(180,'19E','L19E','LSS',994,1215,'100','7.5'),
	(181,'M19H','M19H','M',1012,982,'70','7'),
	(184,'19C','L19C','LSS',1012,1050,'60','5.5'),
	(186,'M19A','M19A','M',1012,1057,'90','7'),
	(187,'M19B','M19B','M',1012,1043,'60','5'),
	(188,'M19C','M19C','M',940,1225,'70','6'),
	(189,'M19D','M19D','M',956,1225,'50','6'),
	(191,'M20C','M20C','M',994,1230,'70','6'),
	(192,'M20P','M20P','M',1079,1237,'50','5'),
	(193,'M20M','M20M','M',994,1242,'65','6'),
	(194,'M20K','M20K','M',1079,1247,'52','4'),
	(195,'M20D','M20D','M',1079,1247,'45','4'),
	(196,'M20','M20','M',1166,1044,'45','5'),
	(197,'20A','L20A','LSS',994,1248,'70','5.5'),
	(198,'20H','20H','O',936,1250,'80','5'),
	(199,'20E','20E','O',1079,1251,'35','3'),
	(200,'20','20','O',994,1238,'45','4'),
	(201,'M20B','M20B','M',994,1252,'80','6'),
	(202,'M20E Ext','M20EEX','M',1079,1253,'30','4'),
	(203,'21H','X21H','X,D,LSS',994,1057,'85','10'),
	(204,'M21K','M21K','M',994,1255,'65','6'),
	(205,'PP21','SPP21','D,X',1014,1196,'85','15'),
	(207,'21G','S21G','D,X,AC,LSS',1014,948,'70','13'),
	(209,'21H Ext','S21HEX','D',928,1057,'115','21'),
	(210,'21L','S21L','D,LSS',994,1038,'50','11'),
	(213,'G21','XG21','X',994,946,'65','9'),
	(214,'T21','XT21','X,LSS',994,1043,'65','8.5'),
	(216,'M21G','M21G','M',994,1222,'60','5'),
	(218,'21M88K','21M88K','M',1014,1259,'75','7'),
	(220,'21','21','O',1014,953,'40','4'),
	(221,'21D','21D','O',994,957,'50','4.5'),
	(222,'21E','21E','O',994,1260,'60','5'),
	(223,'M21A','M21A','M',958,953,'40','4'),
	(224,'21E Ext','L21EET','LSS',994,1237,'80','6.5'),
	(227,'21L Ext','L21LEX','LSS',994,984,'70','6.5'),
	(228,'B21L','LB21L','LSS',1205,966,'105','7'),
	(229,'H21','LH21','LSS',994,1225,'70','6.5'),
	(231,'M21','M21','M',962,948,'50','5'),
	(233,'22','22','O',1261,1001,'45','4'),
	(234,'22A','L22A','LSS',1079,957,'80','6.5'),
	(235,'23C Ext','23CEXT','O',957,1087,'100','6'),
	(236,'M23','M23V','M',962,1238,'85','7'),
	(237,'23C','X23C','X,D,LSS,O',1037,1261,'80','8.5'),
	(239,'23A','23A','O',975,1109,'80','6'),
	(240,'M23C','M23C','M',1037,1261,'80','6'),
	(244,'24A','L24A','LSS',1094,1133,'50','5'),
	(245,'24C','L24C','LSS',1268,1133,'80','6.5'),
	(246,'25G','S25G','D,LSS N,LSS,X',1001,1237,'80','13'),
	(248,'M25A','M25A','M',1001,1119,'55','5'),
	(252,'27C','S27C','D,X,O',1012,1247,'75','11'),
	(254,'M27H','SM27H','D,M',1001,1268,'95','13'),
	(255,'H27','SH27','D',1001,1228,'70','12'),
	(256,'M27L','M27L','M',1115,1078,'40','5'),
	(257,'27D','S27D','D,O',1064,1238,'70','11'),
	(258,'27B','S27B','D,N,O',1156,1001,'50','10'),
	(259,'M27','M27N','M N,M',1001,1077,'58','6'),
	(260,'M27L Ext','M27LEX','M',1001,1078,'65','6'),
	(261,'M27E','M27E','M',1274,1001,'65','6'),
	(263,'27R','L27R','LSS',1001,1230,'90','6.5'),
	(264,'27L','L27L','LSS,D',1001,1078,'65','5.5'),
	(268,'27B Cut','27BCU','O',1162,1001,'55','4.5'),
	(272,'28B','28B','O,D',985,1277,'85','6'),
	(274,'28C','28C','O',1278,1062,'65','4'),
	(275,'28A','28A','O',1277,1284,'90','6'),
	(276,'28','28','O',928,1109,'60','5'),
	(277,'M28','M28','M',928,1001,'65','6'),
	(278,'M29AE','M29AE','M',1103,1001,'65','6'),
	(279,'29L Ext','X29LEX','X',1103,1285,'110','10.5'),
	(280,'29C','X29C','X,AC,D,O',1286,1037,'70','8.5'),
	(282,'29E','S29E','D,O',1290,1247,'65','13'),
	(284,'M29K','M29K','M',1156,953,'50','5'),
	(285,'M29 Ext','M29EXT','M',1291,953,'80','6'),
	(286,'M29E','M29E','M',1290,1247,'65','7'),
	(287,'M29C Ext','M29CEX','M',1103,953,'70','7'),
	(289,'29','X29N','X N',1290,962,'75','9'),
	(290,'M29A','M29A','M',1290,1001,'50','5'),
	(291,'B29','LB29N','LSS N',1103,962,'95','6.5'),
	(292,'29C Ext','L29CXT','LSS',1295,957,'105','6.5'),
	(293,'29NE','L29NE','LSS',1242,962,'95','6.5'),
	(294,'29M','29M','O',1286,957,'70','5.5'),
	(295,'29L','29L','O',1103,957,'100','6'),
	(297,'29D Ext','29DEXT','O',1295,1133,'85','5'),
	(299,'29A','29A','O',1290,1001,'50','4.5'),
	(300,'M29A Ext','M29AEX','M',1242,1001,'65','5'),
	(301,'M29B','M29B','M',1286,1301,'75','6'),
	(302,'32','L32','LSS',1017,1133,'40','3.5'),
	(303,'32 Ext','L32EXT','LSS',1123,1133,'50','4.5'),
	(304,'32A','L32A','LSS',1062,1064,'65','5.5'),
	(305,'32B','32B','O',1205,1133,'45','3.5'),
	(306,'M33','M33','M',994,1005,'38','4'),
	(307,'M33A','M33A','M',1304,1277,'50','5'),
	(308,'34','L34','LSS,X',1079,928,'75','6.5'),
	(310,'34 Ext','X34EXT','X',1305,928,'100','10'),
	(311,'35','35','O',994,1261,'45','3'),
	(312,'37G','37G','O,D,X,LSS',1017,1121,'110','6'),
	(314,'M37E','M37E','M',1093,1121,'105','7'),
	(315,'M37','M37','M',1017,1171,'65','6'),
	(317,'37D','L37D','LSS',1017,1024,'75','6.5'),
	(318,'37C','37C','O',1021,1238,'65','4.5'),
	(319,'37B','37B','O',1021,1100,'70','5.5'),
	(320,'37','L37','LSS',1017,1121,'80','6.5'),
	(322,'M38C','M38C','M',1100,1133,'60','5'),
	(323,'M38H','M38H','M',994,1310,'50','5'),
	(324,'M38A','M38A','M',994,1295,'65','5'),
	(325,'38G','38G','O',994,1320,'95','7'),
	(326,'38D','38D','O',928,1323,'70','5'),
	(327,'38C','38C','O',1100,1133,'60','4'),
	(328,'M38H Ext','M38HEX','M',994,1295,'70','6'),
	(329,'40A','L40A','LSS,D,X',1001,1268,'90','6.5'),
	(330,'M40','M40','M',1001,1228,'72','6'),
	(331,'M40 Ext','M40EXT','M',1001,1252,'78','7'),
	(334,'41D','S41D','D,X,LSS',953,1228,'100','13'),
	(335,'M41F','M41F','M',1044,953,'65','6'),
	(337,'M41G','M41G','M',1230,957,'100','7'),
	(338,'41D Ext','L41DEX','LSS',953,1332,'100','6.5'),
	(340,'41C','L41C','LSS',957,1094,'70','6.5'),
	(341,'D41','LD41','LSS',957,1228,'100','6.5'),
	(342,'42','42','O',994,1103,'50','4.5'),
	(343,'M42','M42','M',994,1103,'50','5'),
	(344,'M42A','M42A','M',994,1333,'60','5'),
	(345,'M42B','M42B','M',994,1240,'60','5'),
	(346,'M42C','M42C','M',994,1334,'65','6'),
	(347,'M42D','M42D','M',994,1239,'65','5'),
	(348,'44C','44C','O',994,1337,'45','4'),
	(349,'M44C','M44C','M',994,1339,'55','5'),
	(350,'44A','44A','O',994,1337,'40','4'),
	(351,'44','44','O',994,1343,'65','4.5'),
	(352,'M44D','M44D','M',994,1337,'40','5'),
	(353,'44B','L44B','LSS',1002,1284,'60','6.5'),
	(354,'N45B','LN45B','LSS',1001,967,'65','6'),
	(355,'M45E','M45E','M',1001,984,'80','7'),
	(356,'M45A Ext','M45AEX','M',1133,963,'55','6'),
	(357,'M45','M45','M',1012,984,'50','5'),
	(358,'A45B','LA45B','LSS',1001,1222,'55','5.5'),
	(359,'45BM8','45BM8','O',1222,1170,'75','4'),
	(360,'45B','45B','O',1001,1222,'55','4.5'),
	(361,'M45A','M45A','M',1001,1038,'62','5'),
	(362,'46G','46G','O,N',1123,1156,'65','5'),
	(363,'M46A Cut','M46ACT','M',1238,1044,'35','5'),
	(364,'M46','M46','M',1100,1156,'65','5'),
	(365,'M46B','M46B','M',1103,1156,'70','5'),
	(366,'46C','L46C','LSS',1156,1323,'65','5.5'),
	(367,'46','46NS','N,O',1100,1156,'50','9'),
	(370,'46G Cut','46GCU','O',1123,1044,'65','5'),
	(371,'47','S47','D,O',1238,957,'70','11'),
	(372,'47A','S47A','D,O',957,1348,'70','12'),
	(373,'M47D Ext','M47DEX','M',1012,1087,'70','6'),
	(374,'M47D','M47D','M',957,1268,'100','0'),
	(375,'A47','LA47','LSS',957,1268,'100','7'),
	(376,'47D','X47D','X,D',957,1268,'100','10'),
	(381,'48C','48C','O',1017,1156,'55','4.5'),
	(382,'M48C','M48C','M',1017,1156,'55','5'),
	(383,'M48B','M48B','M',1100,985,'80','7'),
	(384,'M48A Ext','M48AEX','M',1310,1078,'80','6'),
	(385,'M48','M48','M',1017,1238,'39','4'),
	(386,'48','48','O',1017,1238,'39','3.5'),
	(387,'M48A','M48A','M',1310,1079,'65','5'),
	(388,'49A','L49A','LSS,D',1237,1012,'65','5.5'),
	(390,'PP49','SPP49','D',1156,1215,'100','17'),
	(391,'M49 Ext','M49EXT','M',1247,957,'80','6'),
	(392,'49','49','O',1012,1237,'80','5.5'),
	(393,'M49','LM49','LSS,M',957,1121,'50','5.5'),
	(395,'M50','M50','M',994,1247,'65','6'),
	(396,'M50 Ext','M50EX','M',994,1355,'65','6'),
	(397,'C51','LC51','LSS,D',1034,956,'80','6.5'),
	(398,'M51B','M51B','M',940,1359,'65','6'),
	(399,'M51A','M51A','M',1034,1363,'40','4'),
	(400,'M51','M51','M',1012,1364,'70','6'),
	(401,'T51','LT51NS','LSS N,LSS,X,AC,D',1034,957,'60','12'),
	(403,'51S','L51S','LSS',940,1034,'70','6'),
	(404,'51R','L51R','LSS',1014,996,'70','6.5'),
	(405,'51D','L51D','LSS',994,948,'105','7.5'),
	(406,'H51 Ext','H51EXT','O',994,1374,'105','7'),
	(407,'D51','XD51','X,D',1014,1145,'70','9'),
	(408,'B51','LB51','LSS,X,D',1012,1034,'70','6.5'),
	(409,'A51','XA51','X,LSS,D,AC',994,948,'85','9'),
	(411,'51','51N','N',1012,1375,'50','4.5'),
	(412,'51F','51F','O',1012,1378,'55','4.5'),
	(413,'M51E','M51E','M',940,996,'40','4'),
	(414,'H51','LH51','LSS',1014,948,'85','7'),
	(416,'M51D','M51D','M',940,1057,'95','7'),
	(419,'E51','XE51','X',1014,1010,'85','9'),
	(421,'51L','X51L','X',1156,1034,'80','10'),
	(424,'V51','SV51','D',1012,1034,'70','13'),
	(426,'B51 Ext','SB51EX','D',1014,1034,'90','14'),
	(427,'M51P','M51P','M',1014,1366,'65','6'),
	(428,'M51C','M51C','M',1012,1009,'70','6'),
	(429,'M51G','M51G','M',948,1368,'40','5'),
	(430,'M51H','M51H','M',940,1034,'70','6'),
	(432,'M51M','M51M','M',1012,996,'50','5'),
	(434,'M51T','M51T','M',1034,1385,'52','5'),
	(435,'M51T Cut','M51TCU','M',1034,1384,'50','5'),
	(437,'PP51','PP51','LSS',994,948,'85','7'),
	(439,'M51K','M51K','M',1034,1053,'65','6'),
	(440,'M52G','M52GFS','M',994,1390,'70','7'),
	(441,'M52','M52','M',945,1392,'20','3'),
	(442,'M52P','M52P','M',1014,1375,'75','6'),
	(443,'M52L','M52L','M',1014,967,'70','6'),
	(444,'M52K','M52K','M',1014,984,'80','7'),
	(445,'M52H','M52H','M',1392,1397,'60','6'),
	(446,'52','52','O',994,1392,'70','6'),
	(447,'M52D','M52D','M',1014,1374,'70','7'),
	(448,'M52B','M52B','M',945,1188,'25','4'),
	(449,'52B','L52B','LSS',994,1188,'75','6.5'),
	(450,'M52 Ext','M52EXT','M',1392,1196,'60','6'),
	(451,'M53S','M53S','M',1156,1403,'70','7'),
	(452,'M53K','M53K','M',1156,1405,'50','5'),
	(453,'M53G','M53G','M',1044,1409,'30','4'),
	(454,'M53','M53','M',994,1237,'70','6'),
	(455,'53P','L53P','LSS',994,1410,'70','6.5'),
	(456,'53E','53E','O',994,1177,'60','5.5'),
	(457,'M53E','M53E','M',994,1177,'60','6'),
	(458,'53','X53','X',994,1237,'70','8.5'),
	(459,'54','X54','X,D,LSS',1014,1237,'75','9'),
	(460,'M54A','M54A','M',1237,1418,'50','5'),
	(461,'M54B','M54B','M',940,1120,'55','5'),
	(462,'M54C','M54C','M',1237,1403,'50','4'),
	(463,'M54E','M54E','M',940,1405,'65','5'),
	(464,'M54P','M54P','M',1012,1237,'75','6'),
	(465,'M54','M54V','M',1237,1429,'50','6'),
	(466,'54F','S54F','D,LSS',953,1237,'70','11'),
	(469,'54M','54M','O',1014,1177,'90','6'),
	(471,'54 Cut','L54CT','LSS',1044,1175,'75','6.5'),
	(472,'G54','LG54','LSS',1012,1412,'75','6'),
	(473,'54G','54GFS','O',1014,1432,'110','6.5'),
	(474,'M54H','M54HNS','M N',940,1237,'50','9'),
	(475,'54L','L54L','LSS',1014,1412,'90','6.5'),
	(479,'54F Ext','L54FEX','LSS',1061,1433,'75','6.5'),
	(480,'54T','L54T','LSS',1014,1406,'90','6.5'),
	(481,'54T Cut','L54TCU','LSS',1012,1406,'65','6'),
	(482,'54K','54K','O',1014,1434,'110','6.5'),
	(483,'M55','M55','M',948,1435,'33','4'),
	(484,'M55D','M55D','M',948,1443,'50','6'),
	(485,'M55G','M55G','M',948,1444,'42','5'),
	(486,'M55 Ext','M55EXT','M',948,1395,'25','4'),
	(487,'M55C','M55C','M',1445,1450,'60','6'),
	(488,'M55A','M55A','M',994,1183,'40','4'),
	(489,'M55B','M55B','M',948,1183,'40','4'),
	(490,'56','56N','N',994,985,'70','5.5'),
	(491,'M56C Ext','M56CXT','M',985,1044,'60','5'),
	(492,'M56','M56','M',994,1456,'70','6'),
	(493,'56C Ext','56CET','O',1014,1141,'105','6'),
	(494,'56P','L56P','LSS',994,1462,'100','7'),
	(495,'P56D','SP56D','D',994,1343,'55','13'),
	(496,'56K','L56K','LSS,O',928,1467,'80','6.5'),
	(497,'56W','56W','O',1324,1017,'75','6'),
	(499,'56G','56G','O',1156,1468,'75','5.5'),
	(500,'56E','56E','O',1062,1462,'70','6'),
	(501,'56D','56D','O',994,1343,'60','6'),
	(502,'56C','56C','O',994,928,'48','4'),
	(503,'56/56A','56/56A','O',1017,985,'70','4.5'),
	(504,'56M','56M','O',1017,1470,'70','5.5'),
	(505,'56D Ext','56DEX','O',1014,1311,'70','6'),
	(506,'57','57','O',1017,1467,'45','4.5'),
	(507,'57G','57G','O',1467,1320,'75','5'),
	(508,'57M','L57MN','LSS N',1014,1481,'70','6.5'),
	(509,'57F','Z57F','D,O',994,1483,'70','13'),
	(510,'M57','M57','M',994,1091,'40','5'),
	(512,'T57','T57','O',994,1488,'105','6.5'),
	(513,'57FE','L57FE','LSS',994,1489,'70','6.5'),
	(514,'A57','XA57','X',994,1474,'55','8.5'),
	(515,'57A','57A','O',1017,1491,'60','5'),
	(516,'PP57F','PP57F','LSS',994,1483,'70','6.5'),
	(518,'57E','57EFS','O',1467,1470,'60','5'),
	(519,'57D','57D','O',994,1493,'85','6.5'),
	(520,'57C','57CNH','N',1017,1488,'70','5.5'),
	(521,'57C Cut','57CCT','O',1467,1488,'80','4'),
	(522,'57B','57BNH','N',1017,1501,'75','6'),
	(523,'P57F','XP57F','X',994,1483,'70','9'),
	(524,'58','58HNH','N',1017,1504,'90','6.5'),
	(525,'58H','58H','O',1017,1504,'75','6'),
	(526,'58A','58A','O',994,1467,'65','5.5'),
	(527,'58A Cut','58ACU','O',1467,1488,'50','4.5'),
	(528,'59','59','O',1017,1247,'73','5.5'),
	(529,'59A','59A','O',1337,1021,'90','6'),
	(530,'M60 Cut','M60CUT','M',945,1505,'20','3'),
	(531,'60E','L60E','LSS',1014,1506,'85','6.5'),
	(532,'M60H','M60H','M',994,1508,'70','7'),
	(533,'M60D','M60D','M',1014,1509,'70','7'),
	(534,'60','60FS','O',994,1505,'70','6'),
	(535,'60C','L60C','LSS',994,1505,'70','6.5'),
	(536,'60A','60AFS','O',994,1510,'85','6'),
	(537,'60G','L60G','LSS',994,1392,'80','6.5'),
	(538,'M60','M60','M',1012,1513,'80','7'),
	(539,'61D Ext','61DEX','O',994,1523,'120','7'),
	(540,'M61E','M61E','M',994,1523,'120','7'),
	(541,'M61D Ext','M61DEX','M',1268,1523,'50','5'),
	(542,'M61D','M61D','M',1014,1521,'105','6.5'),
	(543,'M61C','M61C','M',1268,1529,'28','4'),
	(544,'61E Cut','61ECT','O',1044,1523,'100','6.5'),
	(545,'61D Cut','61DCT','O',1268,1467,'60','5'),
	(546,'61B Ext','61BEXT','O',1044,1493,'100','6.5'),
	(547,'61B','61B','O',994,1525,'100','6.5'),
	(548,'M61A','M61A','M',1079,1542,'70','6'),
	(549,'62','S62','D,LSS,N,X',1237,1467,'75','13'),
	(552,'M62','M62','M',1467,1268,'50','6'),
	(553,'62D','62D','O',1552,1044,'70','5.5'),
	(555,'62A','62A','O',1467,1079,'52','4.5'),
	(557,'62E','62E','O',1553,1044,'60','5'),
	(558,'64B','64B','O,LSS',994,1462,'100','6.5'),
	(560,'M64C','M64C','M',994,1343,'70','6'),
	(561,'M64D','M64D','M',994,1555,'70','6'),
	(562,'M64P','M64P','M',1290,1462,'80','7'),
	(563,'M65G','M65G','M',1268,1568,'95','7'),
	(564,'M65H','M65H','M',1467,1268,'85','7'),
	(565,'M65E','M65E','M',1237,1079,'65','6'),
	(566,'M65D','M65D','M',1268,1578,'65','7'),
	(567,'M65C','M65C','M',1268,1511,'55','6'),
	(568,'65B','L65B','LSS,X',1237,1079,'65','6'),
	(569,'65A','L65A','LSS',940,1411,'90','7'),
	(570,'M65C Cut','M65CCU','M',1079,1558,'70','6'),
	(572,'PP66','SPP66','D',1193,1237,'75','13'),
	(573,'66','66','O',948,1237,'75','5.5'),
	(574,'M66','M66','M',948,1237,'75','6'),
	(575,'M66A','M66A','M',1188,1506,'50','5'),
	(576,'70B','S70B','D,X',1268,946,'75','13'),
	(577,'D70','WD70V','AC,D,X,N,LSS',1079,962,'70','30'),
	(578,'70D','Y70D','D',1079,996,'80','13'),
	(579,'T70','T70','O',1156,957,'50','4.5'),
	(580,'M70','SM70','D,AC,X,M N,M',1156,957,'65','11'),
	(581,'G70','SG70','D,X',1021,1196,'75','14'),
	(583,'C70','SC70','D,X,LSS',1467,1222,'65','13'),
	(584,'70A70','S70A70','D,X',1268,1193,'110','15'),
	(586,'70P','S70P','D',1305,1012,'80','13'),
	(589,'70','X70V','X,N',1044,1196,'90','10.5'),
	(590,'B70','XB70','X,LSS',1305,1222,'85','9'),
	(594,'H70','XH70','X',1268,1188,'100','10.5'),
	(597,'7070A','S7070A','D',1268,1193,'110','14'),
	(598,'70A','Y70A','D',1268,1193,'110','15'),
	(599,'D70 Ext','LD70EX','LSS',1305,962,'100','7'),
	(603,'70G','L70G','LSS',1261,948,'75','6.5'),
	(604,'70K','70K','O',1077,957,'80','6'),
	(605,'70L','70L','O',1228,948,'90','6'),
	(606,'A70','LA70','LSS',1268,945,'75','6.5'),
	(613,'M70A','M70A','M',1268,1156,'60','5'),
	(614,'M70A Ext','M70AEX','M',1268,1024,'90','7'),
	(615,'M70B','M70B','M',1268,1156,'60','5'),
	(616,'M70C','M70C','M',1044,948,'65','6'),
	(617,'M70D','M70D','M',1274,941,'50','5'),
	(618,'M70E','M70E','M',1156,1429,'85','7'),
	(619,'M70 Ext','M70EX','M',1156,1225,'95','10'),
	(620,'M70F','M70F','M',1305,1222,'105','7'),
	(621,'M70K','M70K','M',1156,984,'70','7'),
	(623,'71H','L71H','LSS',994,1592,'80','6.5'),
	(624,'71F','71F','O',1014,1332,'65','5.5'),
	(625,'M71C','M71C','M',994,1594,'75','5'),
	(626,'71E','L71E','LSS,X',994,1417,'90','6.5'),
	(627,'71D','L71D','LSS',994,1548,'60','6'),
	(629,'M71E','M71ENS','M N',1079,1417,'50','10'),
	(630,'M79','M79','M',1012,1596,'85','7'),
	(631,'M80','M80','M',948,1596,'50','5'),
	(632,'M88C','M88C','M,M N',940,1506,'55','5'),
	(633,'88K','Z88K','D,LSS',994,1506,'80','13'),
	(634,'M88M','M88M','M',994,1602,'80','7'),
	(635,'M88 Ext','M88EXT','M',1156,1506,'70','5'),
	(637,'M88A','M88A','M',1014,1603,'105','0'),
	(638,'88R','L88R','LSS',1014,1605,'130','8.5'),
	(639,'88C Ext','L88CET','LSS,O',1603,1012,'85','6.5'),
	(640,'88C Cut','L88CCU','LSS',1014,1606,'85','6.5'),
	(641,'88L','L88L','LSS',1121,1607,'85','6.5'),
	(644,'M88D','M88D','M',1081,1453,'65','6'),
	(645,'M88','M88','M',1021,1510,'50','5'),
	(646,'M89','M89','M',1120,1187,'60','5'),
	(647,'M89T','M89T','M',1121,1612,'70','6'),
	(648,'101','L101','LSS,X,D,N',928,1237,'100','7'),
	(651,'101A','S101A','D',928,1156,'80','13'),
	(654,'103','X103','X',1017,1268,'65','8.5'),
	(655,'114','X114','X,D',1467,1193,'100','12'),
	(657,'114S','114SNH','N',1614,1044,'110','7'),
	(658,'114 Cut','L114CU','LSS',1467,1044,'48','5.5'),
	(659,'/M116','L/M116','LSS',994,1619,'45','5'),
	(660,'M116A','M116A','M',994,1619,'45','5'),
	(661,'M116L','M116L','M',994,1323,'45','5'),
	(662,'M118','M118','M',948,1623,'50','6'),
	(663,'M119','M119','M',1222,1225,'70','7'),
	(664,'119','S119','D',1062,1215,'110','25'),
	(665,'120','X120','X,N,D',994,1268,'70','9'),
	(666,'120C','L120C','LSS',934,1624,'65','6.5'),
	(669,'121A','121A','O',1343,1044,'60','6'),
	(670,'M121G','M121G','M',1093,1156,'50','6'),
	(671,'M121C','M121C','M',985,1156,'105','7'),
	(672,'121BH','121BH','O',1462,1044,'105','7'),
	(673,'M121D','M121D','M',1284,1156,'90','7'),
	(674,'M134A','M134A','M',928,1078,'90','7'),
	(675,'138','138','O',985,1619,'85','6'),
	(676,'138A','L138A','LSS',1103,928,'70','5.5'),
	(677,'M142','M142','M',1290,1291,'25','4'),
	(678,'M142B','M142B','M',994,1242,'50','5'),
	(679,'M147C','SM147C','D,M',1228,1012,'70','12'),
	(680,'M147A','M147A','M',1012,1077,'50','5'),
	(681,'M147B','M147B','M',1012,1078,'50','5'),
	(683,'M147CE','M147CE','M',1012,1251,'70','7'),
	(684,'M147S','M147S','M',1332,1012,'75','7'),
	(685,'M150','M150','M',994,1268,'100','7'),
	(686,'151','L151','LSS',1014,1368,'115','7'),
	(687,'152B','X152B','X',1014,1188,'85','9'),
	(688,'153','L153','LSS,X',994,1411,'75','6.5'),
	(690,'M154','M154','M',1012,1410,'65','6'),
	(691,'154A','S154A','D',1012,1418,'90','14'),
	(692,'155A','X155A','X',1014,1454,'90','9'),
	(693,'159C','159C','O',928,1044,'75','6'),
	(694,'159','X159','X,O',928,1247,'105','9'),
	(695,'159A','S159A','D,N,O',928,1156,'75','13'),
	(696,'159D','159D','O',1337,1156,'65','5'),
	(697,'159A Ext','159AEX','O',985,1156,'90','13'),
	(701,'159B','159B','O',1062,1156,'65','5'),
	(702,'159E','159E','O',985,1156,'105','6'),
	(703,'M164','M164','M',1295,1290,'30','4'),
	(704,'166','S166','D',1121,948,'70','12'),
	(705,'170T','X170T','X,D',1093,948,'100','10.5'),
	(706,'170L','S170L','D',1549,1193,'105','15'),
	(707,'170P','S170P','D',1305,948,'100','15'),
	(708,'170','X170','X,D,LSS',1247,948,'80','9'),
	(709,'170B','X170B','X',1100,948,'85','10'),
	(710,'170E','X170E','X',1337,948,'100','10.5'),
	(711,'170K','X170K','X',1228,1196,'105','10.5'),
	(712,'M170C','M170C','M',1100,1222,'70','6'),
	(713,'170G','X170G','X',1103,948,'90','10'),
	(715,'M170CE','M170CE','M',1100,957,'110','7'),
	(717,'170A','X170A','X,D',1324,1193,'100','10.5'),
	(718,'170CE','L170CE','LSS',1343,1222,'90','6.5'),
	(721,'D170','D170','O',1247,962,'80','6'),
	(722,'M170B','M170B','M',1242,1222,'65','6'),
	(723,'M170T','M170T','M',1094,957,'75','7'),
	(724,'228','S228','D',928,1277,'60','11'),
	(725,'232B','S232B','D',1205,1133,'45','8'),
	(726,'232','S232','D',1017,1133,'40','7'),
	(727,'232A','S232A','D',1062,1064,'65','11'),
	(728,'242 Ext','X242EX','X',1001,1467,'75','9'),
	(729,'242','S242','D,X',994,1467,'65','12'),
	(731,'PP242','PP242','LSS',994,1467,'65','6'),
	(732,'248','L248','LSS,D',1017,1548,'58','5.5'),
	(733,'248 Ext','L248EX','LSS',1017,1230,'65','5.5'),
	(734,'M248','M248','M',1017,1548,'70','6'),
	(735,'M248A','M248A','M',1017,1549,'70','6'),
	(737,'M253','M253','M',1153,1412,'70','6'),
	(738,'254','Y254','D,LSS,X',1014,1237,'75','12'),
	(742,'C256C','SC256C','D',994,928,'48','9'),
	(743,'256C','S256C','D',994,928,'48','9'),
	(744,'264','X264','X',1305,1462,'110','13.5'),
	(745,'266','S266','D',1268,948,'80','13'),
	(746,'270','Y270','D',1079,1145,'85','13'),
	(747,'370','W370V','AC',1268,957,'105','35'),
	(748,'M500','M500','M',948,1634,'65','7'),
	(749,'500','S500','D,X',1012,1634,'100','21'),
	(751,'500A','X500A','X',1188,1634,'80','10'),
	(752,'501','Z501','D',1237,1645,'90','14'),
	(753,'502','S502','D',994,1654,'105','19'),
	(754,'505','X505','X',1467,1642,'85','10.5'),
	(755,'510','S510','D',1156,1596,'90','14'),
	(756,'512','S512','D',1467,1678,'90','14'),
	(757,'514 Ext','X514EX','X',1679,1156,'105','16.5'),
	(758,'514','X514','X',1683,1156,'90','12'),
	(759,'515','S515','D',948,1704,'80','19'),
	(760,'517','S517','D',945,1708,'75','15'),
	(761,'518','Z518','D',1012,1623,'85','14'),
	(762,'518 Ext','S518EX','D',1014,1623,'95','21'),
	(763,'519','S519','D',1012,1697,'90','15'),
	(764,'521','S521','D,X',994,1697,'95','17'),
	(765,'521A','W521AV','AC',958,1697,'100','43'),
	(767,'522','X522','X',956,1715,'105','12'),
	(768,'523','X523','X',957,1724,'105','15'),
	(769,'523A','X523A','X',957,1722,'105','13.5'),
	(770,'525','Z525','D',1021,1727,'85','15'),
	(772,'527','X527','X',994,1733,'120','16.5'),
	(773,'533','X533','X',1734,1156,'100','10.5'),
	(774,'538','S538','D',1237,1741,'80','14'),
	(775,'547','S547','D',1017,1683,'95','15'),
	(776,'549','S549','D',957,1654,'95','15'),
	(777,'551','X551','X',962,1752,'95','10.5'),
	(778,'551A','X551A','X',1034,1057,'70','9'),
	(779,'553','Y553','D',994,1654,'95','15'),
	(780,'554','Z554','D,AC',1012,1654,'80','14'),
	(783,'555','X555','X,D,X N',948,1697,'60','9'),
	(784,'555M','X555M','X',948,1697,'80','10'),
	(787,'557A','S557A','D',1017,1773,'105','19'),
	(788,'557','Y557','D',994,1771,'105','19'),
	(790,'558','X558','X',1017,1775,'80','10'),
	(791,'558B','X558B','X',1091,1785,'80','10.5'),
	(792,'558M','X558M','X',1467,1554,'65','9'),
	(793,'562','X562','X',1788,1079,'95','13.5'),
	(794,'563','S563','D',1079,1683,'90','14'),
	(795,'565A','S565A','D',1268,1727,'80','15'),
	(796,'566','S566','D',1506,1697,'80','17'),
	(797,'566A','S566A','D',948,1642,'105','19'),
	(799,'568','Y568','D',956,1704,'85','21'),
	(800,'570','W570V','AC,D',1156,1057,'105','38'),
	(802,'571','S571','D',994,1642,'120','19'),
	(803,'572','X572','X',1079,1642,'75','9'),
	(804,'578','S578','D',1506,1654,'60','13'),
	(805,'579A','S579A','D',948,1817,'80','15'),
	(806,'579','X579','X',994,1596,'90','10.5'),
	(807,'580','X580','X',1268,1734,'80','10'),
	(808,'581','X581','X',1012,1820,'105','12'),
	(809,'582','Z582','D',1012,1820,'100','19'),
	(810,'583','S583','D,X',948,1654,'80','14'),
	(811,'583A','S583A','D',1642,1654,'45','11'),
	(813,'587','S587','D',994,1697,'105','23'),
	(814,'588','S588','D',956,1704,'85','21'),
	(815,'588C','W588CV','AC',1156,1704,'120','0'),
	(816,'589','S589','D',962,1704,'85','23'),
	(817,'591','S591','D',1012,1845,'105','19'),
	(818,'591A','S591A','D',1156,1848,'105','19'),
	(819,'592','S592','D',1017,1683,'85','15'),
	(821,'593','X593','X',994,1788,'110','16.5'),
	(822,'595','X595','X',1062,1785,'100','16.5'),
	(823,'595A','X595A','X',928,1785,'90','16.5'),
	(824,'596','S596','D',1156,1642,'95','14'),
	(825,'597','S597','D,AC',1012,1642,'95','15'),
	(827,'599','W599V','AC,D',1012,1704,'95','0');
/*!40000 ALTER TABLE `appmodels_route` ENABLE KEYS*/;
UNLOCK TABLES;


#
# Table structure for table 'appmodels_routestage'
#

CREATE TABLE /*!32312 IF NOT EXISTS*/ `appmodels_routestage` (
  `id` int(11) NOT NULL AUTO_INCREMENT,
  `route_id` int(11) NOT NULL,
  `stage_id` int(11) NOT NULL,
  `sequence` int(11) NOT NULL,
  PRIMARY KEY (`id`),
  KEY `appmodels_routestage_route_id` (`route_id`),
  KEY `appmodels_routestage_stage_id` (`stage_id`),
  CONSTRAINT `route_id_refs_id_52c5639c` FOREIGN KEY (`route_id`) REFERENCES `appmodels_route` (`id`),
  CONSTRAINT `stage_id_refs_id_579b8715` FOREIGN KEY (`stage_id`) REFERENCES `appmodels_stage` (`id`)
) TYPE=InnoDB AUTO_INCREMENT=11981 /*!40100 DEFAULT CHARSET=latin1*/;



#
# Dumping data for table 'appmodels_routestage'
#

TRUNCATE TABLE `appmodels_routestage`;
LOCK TABLES `appmodels_routestage` WRITE;
/*!40000 ALTER TABLE `appmodels_routestage` DISABLE KEYS*/;
INSERT INTO `appmodels_routestage` (`id`, `route_id`, `stage_id`, `sequence`) VALUES
	(1,2,928,100),
	(2,2,929,200),
	(3,2,930,300),
	(4,2,931,400),
	(5,2,932,500),
	(6,2,933,600),
	(7,2,934,700),
	(8,2,935,800),
	(9,2,936,900),
	(10,2,937,1000),
	(11,2,938,1100),
	(12,2,939,1200),
	(13,2,940,1300),
	(14,2,941,1400),
	(15,2,942,1500),
	(16,2,943,1600),
	(17,2,944,1700),
	(18,2,945,1800),
	(19,2,946,1900),
	(20,2,947,2000),
	(21,2,948,2100),
	(22,3,928,100),
	(23,3,949,200),
	(24,3,930,300),
	(25,3,931,400),
	(26,3,932,500),
	(27,3,933,600),
	(28,3,934,700),
	(29,3,935,800),
	(30,3,950,900),
	(31,3,951,1000),
	(32,3,952,1100),
	(33,3,953,1200),
	(34,3,954,1300),
	(35,3,955,1400),
	(36,3,956,1500),
	(37,3,957,1600),
	(38,4,958,100),
	(39,4,950,200),
	(40,4,951,300),
	(41,4,952,400),
	(42,4,953,500),
	(43,4,954,600),
	(44,4,955,700),
	(45,4,959,800),
	(46,4,957,900),
	(47,5,928,100),
	(48,5,929,200),
	(49,5,930,300),
	(50,5,931,400),
	(51,5,932,500),
	(52,5,933,600),
	(53,5,934,700),
	(54,5,958,800),
	(55,5,950,900),
	(56,5,937,1000),
	(57,5,938,1100),
	(58,5,939,1200),
	(59,5,940,1300),
	(60,5,960,1400),
	(61,5,961,1500),
	(62,5,962,1600),
	(63,5,963,1700),
	(64,5,964,1800),
	(65,5,965,1900),
	(66,5,966,2000),
	(106,9,928,100),
	(107,9,929,200),
	(108,9,930,300),
	(109,9,931,400),
	(110,9,932,500),
	(111,9,933,600),
	(112,9,934,700),
	(113,9,935,800),
	(114,9,950,900),
	(115,9,951,1000),
	(116,9,952,1100),
	(117,9,953,1200),
	(118,9,954,1300),
	(119,9,955,1400),
	(120,9,959,1500),
	(121,9,957,1600),
	(122,10,967,100),
	(123,10,968,200),
	(124,10,969,300),
	(125,10,970,400),
	(126,10,971,500),
	(127,10,962,600),
	(128,10,972,700),
	(129,10,973,800),
	(130,10,957,900),
	(131,10,974,1000),
	(132,10,975,1100),
	(133,10,976,1200),
	(134,10,977,1300),
	(135,10,978,1400),
	(136,10,979,1500),
	(137,10,980,1600),
	(138,10,981,1700),
	(139,10,982,1800),
	(140,11,957,100),
	(141,11,973,200),
	(142,11,972,300),
	(143,11,962,400),
	(144,11,971,500),
	(145,11,983,600),
	(146,11,970,700),
	(147,11,984,800),
	(148,12,985,100),
	(149,12,986,200),
	(150,12,987,300),
	(151,12,988,400),
	(152,12,989,500),
	(153,12,990,600),
	(154,12,991,700),
	(155,12,992,800),
	(156,12,931,900),
	(157,12,932,1000),
	(158,12,933,1100),
	(159,12,934,1200),
	(160,12,935,1300),
	(161,12,950,1400),
	(162,12,951,1500),
	(163,12,952,1600),
	(164,12,993,1700),
	(165,12,954,1800),
	(166,12,955,1900),
	(167,12,959,2000),
	(168,12,957,2100),
	(169,13,994,100),
	(170,13,958,200),
	(171,13,950,300),
	(172,13,937,400),
	(173,13,938,500),
	(174,13,939,600),
	(175,13,960,700),
	(176,13,961,800),
	(177,13,995,900),
	(178,13,971,1000),
	(179,13,996,1100),
	(180,14,928,100),
	(181,14,949,200),
	(182,14,930,300),
	(183,14,931,400),
	(184,14,932,500),
	(185,14,933,600),
	(186,14,934,700),
	(187,14,958,800),
	(188,14,950,900),
	(189,14,937,1000),
	(190,14,938,1100),
	(191,14,939,1200),
	(192,14,940,1300),
	(193,14,960,1400),
	(194,14,961,1500),
	(195,14,962,1600),
	(196,15,985,100),
	(197,15,997,200),
	(198,15,998,300),
	(199,15,928,400),
	(200,15,949,500),
	(201,15,930,600),
	(202,15,931,700),
	(203,15,932,800),
	(204,15,933,900),
	(205,15,934,1000),
	(206,15,935,1100),
	(207,15,950,1200),
	(208,15,951,1300),
	(209,15,952,1400),
	(210,15,993,1500),
	(211,15,954,1600),
	(212,15,955,1700),
	(213,15,959,1800),
	(214,15,957,1900),
	(324,22,999,100),
	(325,22,932,200),
	(326,22,933,300),
	(327,22,934,400),
	(328,22,958,500),
	(329,22,950,600),
	(330,22,951,700),
	(331,22,952,800),
	(332,22,953,900),
	(333,22,954,1000),
	(334,22,956,1100),
	(335,22,1000,1200),
	(336,22,957,1300),
	(337,23,1001,100),
	(338,23,1002,200),
	(339,23,950,300),
	(340,23,958,400),
	(341,23,1003,500),
	(342,23,1004,600),
	(343,23,1005,700),
	(344,24,940,100),
	(345,24,960,200),
	(346,24,961,300),
	(347,24,995,400),
	(348,24,963,500),
	(349,24,964,600),
	(350,24,965,700),
	(351,24,1006,800),
	(352,24,1007,900),
	(353,24,1008,1000),
	(354,24,1009,1100),
	(355,24,1010,1200),
	(356,25,958,100),
	(357,25,950,200),
	(358,25,937,300),
	(359,25,938,400),
	(360,25,1011,500),
	(361,25,1012,600),
	(362,25,940,700),
	(363,25,1013,800),
	(364,25,941,900),
	(365,25,942,1000),
	(366,25,943,1100),
	(367,25,944,1200),
	(368,26,1014,100),
	(369,26,958,200),
	(370,26,950,300),
	(371,26,951,400),
	(372,26,952,500),
	(373,26,953,600),
	(374,27,928,100),
	(375,27,929,200),
	(376,27,930,300),
	(377,27,1015,400),
	(378,27,1016,500),
	(379,27,1017,600),
	(380,27,1003,700),
	(381,27,958,800),
	(382,27,950,900),
	(383,27,951,1000),
	(384,27,1018,1100),
	(385,27,1019,1200),
	(386,27,1020,1300),
	(387,27,953,1400),
	(388,27,954,1500),
	(389,27,955,1600),
	(390,27,959,1700),
	(391,27,957,1800),
	(392,28,1021,100),
	(393,28,1022,200),
	(394,28,1023,300),
	(395,28,1024,400),
	(396,28,1025,500),
	(397,28,1026,600),
	(398,28,1012,700),
	(399,28,940,800),
	(400,28,1027,900),
	(401,28,1028,1000),
	(402,28,1029,1100),
	(403,29,1012,100),
	(404,29,940,200),
	(405,29,960,300),
	(406,29,961,400),
	(407,29,995,500),
	(408,29,963,600),
	(409,29,964,700),
	(410,29,965,800),
	(411,29,1030,900),
	(412,29,1031,1000),
	(413,29,1032,1100),
	(414,29,1033,1200),
	(415,29,1034,1300),
	(416,30,1021,100),
	(417,30,1022,200),
	(418,30,1023,300),
	(419,30,1024,400),
	(420,30,1035,500),
	(421,30,1036,600),
	(422,30,940,700),
	(423,30,1027,800),
	(424,30,956,900),
	(425,30,959,1000),
	(426,30,1037,1100),
	(453,33,1012,100),
	(454,33,940,200),
	(455,33,960,300),
	(456,33,961,400),
	(457,33,1038,500),
	(458,33,972,600),
	(459,33,1039,700),
	(460,33,1040,800),
	(461,33,1041,900),
	(462,33,1042,1000),
	(463,33,1043,1100),
	(464,34,1044,100),
	(465,34,1045,200),
	(466,34,1046,300),
	(467,34,1022,400),
	(468,34,1023,500),
	(469,34,1024,600),
	(470,34,1035,700),
	(471,34,1036,800),
	(472,34,940,900),
	(473,34,1027,1000),
	(474,34,956,1100),
	(475,34,959,1200),
	(476,34,957,1300),
	(477,35,994,100),
	(478,35,958,200),
	(479,35,950,300),
	(480,35,951,400),
	(481,35,1019,500),
	(482,35,1047,600),
	(483,35,954,700),
	(484,35,956,800),
	(485,35,1028,900),
	(486,35,1029,1000),
	(487,36,956,100),
	(488,36,959,200),
	(489,36,1039,300),
	(490,36,1040,400),
	(491,36,1041,500),
	(492,36,1048,600),
	(493,36,1049,700),
	(494,36,1050,800),
	(495,36,1051,900),
	(496,36,1052,1000),
	(497,36,1053,1100),
	(498,36,1054,1200),
	(499,36,1055,1300),
	(500,36,1056,1400),
	(501,36,1057,1500),
	(535,40,994,100),
	(536,40,958,200),
	(537,40,950,300),
	(538,40,951,400),
	(539,40,1019,500),
	(540,40,1047,600),
	(541,40,1058,700),
	(542,40,1059,800),
	(543,40,1060,900),
	(544,40,1029,1000),
	(545,41,1061,100),
	(546,41,993,200),
	(547,41,954,300),
	(548,41,956,400),
	(549,41,1027,500),
	(550,41,940,600),
	(551,41,1012,700),
	(565,43,1061,100),
	(566,43,993,200),
	(567,43,954,300),
	(568,43,956,400),
	(569,43,1060,500),
	(570,43,1029,600),
	(584,45,1062,100),
	(585,45,1015,200),
	(586,45,1016,300),
	(587,45,933,400),
	(588,45,934,500),
	(589,45,958,600),
	(590,45,950,700),
	(591,45,1002,800),
	(592,45,1063,900),
	(593,45,1064,1000),
	(594,45,954,1100),
	(595,45,955,1200),
	(596,45,959,1300),
	(597,45,1037,1400),
	(598,46,1062,100),
	(599,46,1015,200),
	(600,46,1016,300),
	(601,46,933,400),
	(602,46,934,500),
	(603,46,1065,600),
	(604,46,1066,700),
	(605,46,1063,800),
	(606,46,1064,900),
	(607,46,954,1000),
	(608,46,1067,1100),
	(609,46,1037,1200),
	(610,46,1068,1300),
	(611,46,957,1400),
	(626,48,1069,100),
	(627,48,1062,200),
	(628,48,1015,300),
	(629,48,1016,400),
	(630,48,933,500),
	(631,48,934,600),
	(632,48,1065,700),
	(633,48,1066,800),
	(634,48,1063,900),
	(635,48,1064,1000),
	(636,48,954,1100),
	(637,48,1067,1200),
	(638,48,1037,1300),
	(639,48,1068,1400),
	(640,48,957,1500),
	(641,49,1012,100),
	(642,49,940,200),
	(643,49,1070,300),
	(644,49,961,400),
	(645,49,995,500),
	(646,49,972,600),
	(647,49,973,700),
	(648,49,957,800),
	(649,50,934,100),
	(650,50,958,200),
	(651,50,1071,300),
	(652,50,1072,400),
	(653,50,1073,500),
	(654,50,1074,600),
	(655,50,1075,700),
	(656,50,1076,800),
	(657,50,1077,900),
	(658,50,1078,1000),
	(659,50,1079,1100),
	(668,52,994,100),
	(669,52,958,200),
	(670,52,1071,300),
	(671,52,1072,400),
	(672,52,1073,500),
	(673,52,1074,600),
	(674,52,1075,700),
	(675,52,1080,800),
	(676,52,1078,900),
	(677,53,957,100),
	(678,53,1039,200),
	(679,53,972,300),
	(680,53,995,400),
	(681,53,961,500),
	(682,53,960,600),
	(683,53,940,700),
	(684,53,1036,800),
	(685,53,1081,900),
	(686,54,1012,100),
	(687,54,940,200),
	(688,54,1013,300),
	(689,54,1070,400),
	(690,54,961,500),
	(691,54,962,600),
	(692,54,972,700),
	(693,54,1029,800),
	(694,55,994,100),
	(695,55,958,200),
	(696,55,1071,300),
	(697,55,1082,400),
	(698,55,1083,500),
	(699,55,1084,600),
	(700,55,1085,700),
	(701,55,1086,800),
	(702,55,1087,900),
	(703,56,994,100),
	(704,56,958,200),
	(705,56,1071,300),
	(706,56,1082,400),
	(707,56,1083,500),
	(708,56,1084,600),
	(709,56,1085,700),
	(710,56,1086,800),
	(711,56,1087,900),
	(712,57,934,100),
	(713,57,958,200),
	(714,57,1071,300),
	(715,57,1072,400),
	(716,57,1073,500),
	(717,57,1074,600),
	(718,57,1075,700),
	(719,57,1088,800),
	(729,59,994,100),
	(730,59,958,200),
	(731,59,1071,300),
	(732,59,1072,400),
	(733,59,1073,500),
	(734,59,1074,600),
	(735,59,1075,700),
	(736,59,1076,800),
	(737,59,1077,900),
	(738,60,994,100),
	(739,60,958,200),
	(740,60,1071,300),
	(741,60,1089,400),
	(742,60,1004,500),
	(743,60,1090,600),
	(744,60,1091,700),
	(745,60,1092,800),
	(746,60,1093,900),
	(747,61,994,100),
	(748,61,958,200),
	(749,61,1071,300),
	(750,61,1072,400),
	(751,61,1073,500),
	(752,61,1074,600),
	(753,61,1075,700),
	(754,61,1094,800),
	(755,62,994,100),
	(756,62,958,200),
	(757,62,1095,300),
	(758,62,1072,400),
	(759,62,1073,500),
	(760,62,1074,600),
	(761,62,1075,700),
	(762,62,1080,800),
	(763,62,1078,900),
	(764,62,1096,1000),
	(765,62,1079,1100),
	(766,63,1014,100),
	(767,63,934,200),
	(768,63,933,300),
	(769,63,1017,400),
	(770,63,1097,500),
	(771,63,1098,600),
	(772,63,1099,700),
	(773,63,1100,800),
	(774,64,1014,100),
	(775,64,934,200),
	(776,64,933,300),
	(777,64,1017,400),
	(778,64,1097,500),
	(779,64,1098,600),
	(780,64,1099,700),
	(781,64,1100,800),
	(782,65,1062,100),
	(783,65,1015,200),
	(784,65,932,300),
	(785,65,1017,400),
	(786,65,1003,500),
	(787,65,1101,600),
	(788,65,1097,700),
	(789,65,1098,800),
	(790,65,1099,900),
	(791,65,1102,1000),
	(792,65,1103,1100),
	(793,66,1012,100),
	(794,66,940,200),
	(795,66,1070,300),
	(796,66,1104,400),
	(797,66,1105,500),
	(798,66,1106,600),
	(799,66,1107,700),
	(800,67,1014,100),
	(801,67,958,200),
	(802,67,950,300),
	(803,67,937,400),
	(804,67,938,500),
	(805,67,939,600),
	(806,67,940,700),
	(807,67,1013,800),
	(808,67,960,900),
	(809,67,1108,1000),
	(810,67,1104,1100),
	(811,67,1105,1200),
	(812,67,1106,1300),
	(813,67,1107,1400),
	(814,68,1014,100),
	(815,68,958,200),
	(816,68,1109,300),
	(817,68,1110,400),
	(818,68,1111,500),
	(819,68,1112,600),
	(820,68,1113,700),
	(821,68,1114,800),
	(822,68,1012,900),
	(823,68,1036,1000),
	(824,68,1025,1100),
	(825,68,1024,1200),
	(826,69,1062,100),
	(827,69,1015,200),
	(828,69,932,300),
	(829,69,933,400),
	(830,69,934,500),
	(831,69,958,600),
	(832,69,1109,700),
	(833,69,1110,800),
	(834,69,1111,900),
	(835,69,1112,1000),
	(836,69,1113,1100),
	(837,69,1011,1200),
	(838,69,1012,1300),
	(839,69,1036,1400),
	(840,69,1081,1500),
	(841,70,1109,100),
	(842,70,1110,200),
	(843,70,1111,300),
	(844,70,1115,400),
	(845,70,1113,500),
	(846,70,1114,600),
	(847,70,1012,700),
	(848,70,940,800),
	(849,70,1013,900),
	(850,70,960,1000),
	(851,70,961,1100),
	(852,70,995,1200),
	(853,70,963,1300),
	(854,70,964,1400),
	(855,70,965,1500),
	(856,70,966,1600),
	(857,71,1017,100),
	(858,71,933,200),
	(859,71,934,300),
	(860,71,958,400),
	(861,71,950,500),
	(862,71,937,600),
	(863,71,938,700),
	(864,71,1011,800),
	(865,71,1116,900),
	(866,72,1014,100),
	(867,72,1065,200),
	(868,72,1066,300),
	(869,72,1117,400),
	(870,72,937,500),
	(871,72,938,600),
	(872,72,1011,700),
	(873,72,1026,800),
	(874,72,1025,900),
	(875,72,1022,1000),
	(876,72,1023,1100),
	(877,72,1118,1200),
	(878,72,1119,1300),
	(879,72,1120,1400),
	(880,72,1121,1500),
	(881,73,994,100),
	(882,73,958,200),
	(883,73,950,300),
	(884,73,937,400),
	(885,73,938,500),
	(886,73,1011,600),
	(887,73,1026,700),
	(888,73,1025,800),
	(889,73,1022,900),
	(890,73,1023,1000),
	(891,73,1122,1100),
	(907,75,1017,100),
	(908,75,933,200),
	(909,75,934,300),
	(910,75,958,400),
	(911,75,950,500),
	(912,75,937,600),
	(913,75,938,700),
	(914,75,1011,800),
	(915,75,1012,900),
	(931,77,1123,100),
	(932,77,1004,200),
	(933,77,1017,300),
	(934,77,933,400),
	(935,77,934,500),
	(936,77,958,600),
	(937,77,950,700),
	(938,77,937,800),
	(939,77,938,900),
	(940,77,1011,1000),
	(941,77,1012,1100),
	(962,80,1014,100),
	(963,80,958,200),
	(964,80,950,300),
	(965,80,937,400),
	(966,80,1124,500),
	(967,80,1125,600),
	(968,80,1012,700),
	(969,81,963,100),
	(970,81,984,200),
	(971,81,1126,300),
	(972,81,1030,400),
	(973,81,1031,500),
	(974,81,1032,600),
	(975,81,1033,700),
	(976,81,948,800),
	(977,82,1121,100),
	(978,82,1120,200),
	(979,82,1119,300),
	(980,82,1118,400),
	(981,82,1021,500),
	(982,82,1127,600),
	(983,82,1128,700),
	(984,82,1011,800),
	(985,82,1129,900),
	(986,82,1020,1000),
	(987,82,1130,1100),
	(988,82,1064,1200),
	(989,83,1001,100),
	(990,83,1131,200),
	(991,83,1132,300),
	(992,83,1020,400),
	(993,83,1129,500),
	(994,83,1011,600),
	(995,83,1026,700),
	(996,83,1025,800),
	(997,83,1022,900),
	(998,83,1023,1000),
	(999,83,1024,1100),
	(1000,84,1012,100),
	(1001,84,1011,200),
	(1002,84,1129,300),
	(1003,84,1020,400),
	(1004,84,952,500),
	(1005,84,1133,600),
	(1006,85,1134,100),
	(1007,85,1021,200),
	(1008,85,1135,300),
	(1009,85,1136,400),
	(1010,85,1012,500),
	(1011,85,1137,600),
	(1012,85,1138,700),
	(1013,85,1047,800),
	(1014,85,1139,900),
	(1015,85,1061,1000),
	(1027,87,1021,100),
	(1028,87,1127,200),
	(1029,87,1141,300),
	(1030,87,1011,400),
	(1031,87,1129,500),
	(1032,87,1020,600),
	(1033,87,1130,700),
	(1034,87,1064,800),
	(1035,88,1014,100),
	(1036,88,958,200),
	(1037,88,950,300),
	(1038,88,951,400),
	(1039,88,1018,500),
	(1040,88,938,600),
	(1041,88,939,700),
	(1042,88,940,800),
	(1043,88,960,900),
	(1044,88,961,1000),
	(1045,88,962,1100),
	(1046,88,971,1200),
	(1047,88,983,1300),
	(1048,88,963,1400),
	(1049,88,984,1500),
	(1061,90,1021,100),
	(1062,90,1127,200),
	(1063,90,1128,300),
	(1064,90,1011,400),
	(1065,90,1129,500),
	(1066,90,1020,600),
	(1067,90,1130,700),
	(1068,90,1064,800),
	(1085,93,1012,100),
	(1086,93,1011,200),
	(1087,93,1129,300),
	(1088,93,1020,400),
	(1089,93,1130,500),
	(1090,93,1064,600),
	(1091,94,1012,100),
	(1092,94,1125,200),
	(1093,94,1124,300),
	(1094,94,1018,400),
	(1095,94,951,500),
	(1096,94,1142,600),
	(1103,96,1012,100),
	(1104,96,1011,200),
	(1105,96,938,300),
	(1106,96,951,400),
	(1107,96,1142,500),
	(1108,96,1001,600),
	(1109,97,1143,100),
	(1110,97,1144,200),
	(1111,97,969,300),
	(1112,97,963,400),
	(1113,97,984,500),
	(1114,97,1126,600),
	(1115,97,1145,700),
	(1116,97,1146,800),
	(1117,98,994,100),
	(1118,98,958,200),
	(1119,98,1109,300),
	(1120,98,1110,400),
	(1121,98,1111,500),
	(1122,98,1115,600),
	(1123,98,1147,700),
	(1124,98,1148,800),
	(1125,98,1074,900),
	(1126,98,1075,1000),
	(1127,98,1094,1100),
	(1128,99,1061,100),
	(1129,99,993,200),
	(1130,99,954,300),
	(1131,99,955,400),
	(1132,99,959,500),
	(1133,99,1149,600),
	(1134,99,972,700),
	(1135,99,995,800),
	(1136,99,963,900),
	(1137,99,964,1000),
	(1138,99,965,1100),
	(1139,99,1150,1200),
	(1140,99,1031,1300),
	(1141,99,1032,1400),
	(1142,99,1033,1500),
	(1143,99,1034,1600),
	(1144,100,994,100),
	(1145,100,958,200),
	(1146,100,1151,300),
	(1147,100,1152,400),
	(1148,100,1153,500),
	(1149,100,1154,600),
	(1150,100,1155,700),
	(1151,100,1156,800),
	(1152,101,994,100),
	(1153,101,958,200),
	(1154,101,1157,300),
	(1155,101,1152,400),
	(1156,101,1153,500),
	(1157,101,1074,600),
	(1158,101,1075,700),
	(1159,101,1080,800),
	(1160,101,1079,900),
	(1161,101,1096,1000),
	(1162,101,1158,1100),
	(1163,102,994,100),
	(1164,102,958,200),
	(1165,102,1151,300),
	(1166,102,1152,400),
	(1167,102,1153,500),
	(1168,102,931,600),
	(1169,102,1159,700),
	(1170,102,1094,800),
	(1171,103,994,100),
	(1172,103,958,200),
	(1173,103,1071,300),
	(1174,103,1072,400),
	(1175,103,1073,500),
	(1176,103,1160,600),
	(1177,103,1159,700),
	(1178,103,1094,800),
	(1179,104,1061,100),
	(1180,104,953,200),
	(1181,104,954,300),
	(1182,104,956,400),
	(1183,104,959,500),
	(1184,104,1149,600),
	(1185,104,972,700),
	(1186,104,962,800),
	(1187,104,963,900),
	(1188,104,964,1000),
	(1189,104,965,1100),
	(1190,104,1145,1200),
	(1191,105,994,100),
	(1192,105,958,200),
	(1193,105,1151,300),
	(1194,105,1152,400),
	(1195,105,1153,500),
	(1196,105,1154,600),
	(1197,105,1155,700),
	(1198,105,1156,800),
	(1199,105,1045,900),
	(1200,105,1140,1000),
	(1201,105,1118,1100),
	(1202,105,1021,1200),
	(1211,107,994,100),
	(1212,107,958,200),
	(1213,107,1151,300),
	(1214,107,1152,400),
	(1215,107,1153,500),
	(1216,107,1154,600),
	(1217,107,1155,700),
	(1218,107,1045,800),
	(1219,107,1044,900),
	(1228,109,1156,100),
	(1229,109,1155,200),
	(1230,109,1154,300),
	(1231,109,1153,400),
	(1232,109,1152,500),
	(1233,109,1151,600),
	(1234,109,958,700),
	(1235,109,934,800),
	(1236,109,933,900),
	(1237,109,932,1000),
	(1238,109,1015,1100),
	(1239,109,930,1200),
	(1240,109,949,1300),
	(1241,109,928,1400),
	(1242,109,998,1500),
	(1243,109,997,1600),
	(1244,109,985,1700),
	(1245,110,934,100),
	(1246,110,958,200),
	(1247,110,1151,300),
	(1248,110,1152,400),
	(1249,110,1153,500),
	(1250,110,1161,600),
	(1251,110,1162,700),
	(1261,112,934,100),
	(1262,112,958,200),
	(1263,112,1151,300),
	(1264,112,1152,400),
	(1265,112,1153,500),
	(1266,112,1160,600),
	(1267,112,931,700),
	(1296,115,994,100),
	(1297,115,958,200),
	(1298,115,950,300),
	(1299,115,937,400),
	(1300,115,1166,500),
	(1301,115,1167,600),
	(1302,115,1128,700),
	(1303,115,1127,800),
	(1304,115,1021,900),
	(1305,115,1134,1000),
	(1306,116,994,100),
	(1307,116,958,200),
	(1308,116,950,300),
	(1309,116,937,400),
	(1310,116,1166,500),
	(1311,116,1167,600),
	(1312,116,1128,700),
	(1313,116,1127,800),
	(1314,116,1021,900),
	(1315,116,1118,1000),
	(1316,116,1119,1100),
	(1317,116,1120,1200),
	(1318,116,1121,1300),
	(1319,117,994,100),
	(1320,117,958,200),
	(1321,117,936,300),
	(1322,117,1109,400),
	(1323,117,1110,500),
	(1324,117,1111,600),
	(1325,117,1112,700),
	(1326,117,1167,800),
	(1327,117,1128,900),
	(1328,117,1127,1000),
	(1329,117,1021,1100),
	(1330,117,1134,1200),
	(1331,118,1014,100),
	(1332,118,958,200),
	(1333,118,1109,300),
	(1334,118,1110,400),
	(1335,118,1111,500),
	(1336,118,1112,600),
	(1337,118,1167,700),
	(1338,118,1128,800),
	(1339,118,1127,900),
	(1340,118,1168,1000),
	(1341,118,1022,1100),
	(1342,118,1023,1200),
	(1343,118,1024,1300),
	(1344,119,994,100),
	(1345,119,958,200),
	(1346,119,950,300),
	(1347,119,937,400),
	(1348,119,1166,500),
	(1349,119,1167,600),
	(1350,119,1128,700),
	(1351,119,1127,800),
	(1352,119,1021,900),
	(1353,119,1118,1000),
	(1354,119,1119,1100),
	(1355,119,1120,1200),
	(1356,119,1121,1300),
	(1369,121,994,100),
	(1370,121,958,200),
	(1371,121,950,300),
	(1372,121,937,400),
	(1373,121,1166,500),
	(1374,121,1167,600),
	(1375,121,1128,700),
	(1376,121,1127,800),
	(1377,121,1021,900),
	(1378,121,1118,1000),
	(1379,121,1119,1100),
	(1380,121,1120,1200),
	(1381,121,1169,1300),
	(1382,121,1170,1400),
	(1383,122,994,100),
	(1384,122,958,200),
	(1385,122,950,300),
	(1386,122,937,400),
	(1387,122,1166,500),
	(1388,122,1167,600),
	(1389,122,1128,700),
	(1390,122,1127,800),
	(1391,122,1021,900),
	(1431,126,1014,100),
	(1432,126,958,200),
	(1433,126,936,300),
	(1434,126,1109,400),
	(1435,126,1110,500),
	(1436,126,1111,600),
	(1437,126,1112,700),
	(1438,126,1167,800),
	(1439,126,1128,900),
	(1440,126,1127,1000),
	(1441,126,1021,1100),
	(1442,126,1171,1200),
	(1469,129,994,100),
	(1470,129,958,200),
	(1471,129,936,300),
	(1472,129,1109,400),
	(1473,129,1172,500),
	(1474,129,1173,600),
	(1475,129,1112,700),
	(1476,129,1174,800),
	(1477,129,1127,900),
	(1478,129,1021,1000),
	(1479,130,994,100),
	(1480,130,958,200),
	(1481,130,950,300),
	(1482,130,937,400),
	(1483,130,1166,500),
	(1484,130,1167,600),
	(1485,130,1128,700),
	(1486,130,1127,800),
	(1487,130,1021,900),
	(1488,130,1118,1000),
	(1489,130,1140,1100),
	(1490,130,1044,1200),
	(1491,131,994,100),
	(1492,131,958,200),
	(1493,131,950,300),
	(1494,131,937,400),
	(1495,131,1166,500),
	(1496,131,1167,600),
	(1497,131,1128,700),
	(1498,131,1127,800),
	(1499,131,1021,900),
	(1500,131,1118,1000),
	(1501,131,1119,1100),
	(1502,131,1120,1200),
	(1503,131,1175,1300),
	(1504,131,1176,1400),
	(1505,131,1177,1500),
	(1506,132,1044,100),
	(1507,132,1045,200),
	(1508,132,1046,300),
	(1509,132,1021,400),
	(1510,132,1118,500),
	(1511,132,1119,600),
	(1512,132,1120,700),
	(1513,132,1175,800),
	(1514,132,1176,900),
	(1515,132,1177,1000),
	(1516,133,994,100),
	(1517,133,958,200),
	(1518,133,950,300),
	(1519,133,937,400),
	(1520,133,1166,500),
	(1521,133,1167,600),
	(1522,133,1128,700),
	(1523,133,1127,800),
	(1524,133,1021,900),
	(1525,133,1118,1000),
	(1526,133,1178,1100),
	(1527,133,1179,1200),
	(1528,133,1180,1300),
	(1529,133,1169,1400),
	(1530,133,1170,1500),
	(1543,135,1012,100),
	(1544,135,940,200),
	(1545,135,941,300),
	(1546,135,942,400),
	(1547,135,1181,500),
	(1548,135,968,600),
	(1549,135,967,700),
	(1550,135,963,800),
	(1551,135,984,900),
	(1552,136,1014,100),
	(1553,136,958,200),
	(1554,136,950,300),
	(1555,136,937,400),
	(1556,136,938,500),
	(1557,136,939,600),
	(1558,136,940,700),
	(1559,136,1027,800),
	(1560,136,1058,900),
	(1561,137,948,100),
	(1562,137,1182,200),
	(1563,137,1183,300),
	(1564,137,1184,400),
	(1565,137,1185,500),
	(1566,137,1186,600),
	(1567,137,1187,700),
	(1568,138,1188,100),
	(1569,138,1189,200),
	(1570,138,947,300),
	(1571,138,948,400),
	(1572,138,1190,500),
	(1573,138,1191,600),
	(1574,138,1192,700),
	(1575,138,1193,800),
	(1576,138,1194,900),
	(1577,138,1195,1000),
	(1578,138,1196,1100),
	(1579,139,948,100),
	(1580,139,1182,200),
	(1581,139,1181,300),
	(1582,139,1184,400),
	(1583,139,1185,500),
	(1584,139,1197,600),
	(1585,140,948,100),
	(1586,140,1190,200),
	(1587,140,1191,300),
	(1588,140,1192,400),
	(1589,140,1193,500),
	(1590,140,1194,600),
	(1591,140,1198,700),
	(1592,140,1196,800),
	(1593,140,1199,900),
	(1594,140,1200,1000),
	(1595,141,1021,100),
	(1596,141,1022,200),
	(1597,141,1023,300),
	(1598,141,1024,400),
	(1599,141,1035,500),
	(1600,141,1201,600),
	(1601,141,941,700),
	(1602,141,1202,800),
	(1603,141,943,900),
	(1604,141,944,1000),
	(1605,141,945,1100),
	(1606,141,946,1200),
	(1607,141,947,1300),
	(1608,141,948,1400),
	(1609,142,1203,100),
	(1610,142,1144,200),
	(1611,142,942,300),
	(1612,142,941,400),
	(1613,142,940,500),
	(1614,142,939,600),
	(1615,142,938,700),
	(1616,142,937,800),
	(1617,142,950,900),
	(1618,142,958,1000),
	(1619,142,1014,1100),
	(1620,143,1014,100),
	(1621,143,935,200),
	(1622,143,936,300),
	(1623,143,937,400),
	(1624,143,938,500),
	(1625,143,939,600),
	(1626,143,940,700),
	(1627,143,941,800),
	(1628,143,942,900),
	(1629,143,943,1000),
	(1630,143,944,1100),
	(1631,143,945,1200),
	(1632,143,946,1300),
	(1633,143,947,1400),
	(1634,143,948,1500),
	(1635,143,1190,1600),
	(1636,143,1191,1700),
	(1637,143,1192,1800),
	(1638,143,1193,1900),
	(1639,144,1014,100),
	(1640,144,935,200),
	(1641,144,936,300),
	(1642,144,937,400),
	(1643,144,938,500),
	(1644,144,939,600),
	(1645,144,940,700),
	(1646,144,941,800),
	(1647,144,1202,900),
	(1648,144,943,1000),
	(1649,144,944,1100),
	(1650,144,945,1200),
	(1651,144,946,1300),
	(1652,144,947,1400),
	(1653,144,948,1500),
	(1654,144,1190,1600),
	(1655,144,1191,1700),
	(1656,144,1192,1800),
	(1657,144,1193,1900),
	(1658,144,1194,2000),
	(1659,144,1195,2100),
	(1660,144,1196,2200),
	(1703,147,948,100),
	(1704,147,1190,200),
	(1705,147,1191,300),
	(1706,147,1192,400),
	(1707,147,1193,500),
	(1708,147,1194,600),
	(1709,147,1195,700),
	(1710,147,1196,800),
	(1711,148,1014,100),
	(1712,148,958,200),
	(1713,148,950,300),
	(1714,148,937,400),
	(1715,148,938,500),
	(1716,148,1204,600),
	(1717,148,940,700),
	(1718,148,1013,800),
	(1719,148,941,900),
	(1720,148,1202,1000),
	(1721,148,943,1100),
	(1722,148,944,1200),
	(1723,148,945,1300),
	(1724,148,946,1400),
	(1725,148,947,1500),
	(1726,148,948,1600),
	(1727,148,1190,1700),
	(1728,148,1191,1800),
	(1729,149,1012,100),
	(1730,149,940,200),
	(1731,149,941,300),
	(1732,149,942,400),
	(1733,149,943,500),
	(1734,149,944,600),
	(1735,149,945,700),
	(1736,149,946,800),
	(1737,149,947,900),
	(1738,149,948,1000),
	(1739,149,1190,1100),
	(1740,149,1191,1200),
	(1741,149,1192,1300),
	(1742,149,1193,1400),
	(1743,149,1194,1500),
	(1744,149,1195,1600),
	(1745,149,1196,1700),
	(1746,150,1014,100),
	(1747,150,958,200),
	(1748,150,936,300),
	(1749,150,937,400),
	(1750,150,938,500),
	(1751,150,939,600),
	(1752,150,940,700),
	(1753,150,941,800),
	(1754,150,942,900),
	(1755,150,943,1000),
	(1756,150,944,1100),
	(1757,150,945,1200),
	(1758,150,946,1300),
	(1759,150,947,1400),
	(1760,150,948,1500),
	(1761,151,1014,100),
	(1762,151,935,200),
	(1763,151,936,300),
	(1764,151,937,400),
	(1765,151,938,500),
	(1766,151,939,600),
	(1767,151,940,700),
	(1768,151,1070,800),
	(1769,151,1104,900),
	(1770,151,1202,1000),
	(1771,151,969,1100),
	(1772,151,963,1200),
	(1773,151,984,1300),
	(1774,152,1205,100),
	(1775,152,1017,200),
	(1776,152,933,300),
	(1777,152,934,400),
	(1778,152,935,500),
	(1779,152,936,600),
	(1780,152,937,700),
	(1781,152,938,800),
	(1782,152,939,900),
	(1783,152,940,1000),
	(1784,152,941,1100),
	(1785,152,942,1200),
	(1786,152,943,1300),
	(1787,152,944,1400),
	(1788,152,945,1500),
	(1789,152,946,1600),
	(1790,152,947,1700),
	(1791,152,948,1800),
	(1792,152,1190,1900),
	(1793,152,1191,2000),
	(1794,152,1192,2100),
	(1795,152,1193,2200),
	(1824,155,1014,100),
	(1825,155,958,200),
	(1826,155,950,300),
	(1827,155,937,400),
	(1828,155,938,500),
	(1829,155,939,600),
	(1830,155,940,700),
	(1831,155,941,800),
	(1832,155,1206,900),
	(1833,155,1180,1000),
	(1834,155,1179,1100),
	(1835,155,1207,1200),
	(1836,156,994,100),
	(1837,156,958,200),
	(1838,156,950,300),
	(1839,156,937,400),
	(1840,156,938,500),
	(1841,156,939,600),
	(1842,156,1036,700),
	(1843,156,1081,800),
	(1844,157,934,100),
	(1845,157,958,200),
	(1846,157,950,300),
	(1847,157,937,400),
	(1848,157,938,500),
	(1849,157,939,600),
	(1850,157,940,700),
	(1851,157,960,800),
	(1852,157,961,900),
	(1853,157,1208,1000),
	(1927,162,994,100),
	(1928,162,958,200),
	(1929,162,950,300),
	(1930,162,937,400),
	(1931,162,938,500),
	(1932,162,939,600),
	(1933,162,940,700),
	(1934,162,941,800),
	(1935,162,1201,900),
	(1936,162,1035,1000),
	(1937,162,1081,1100),
	(1975,165,1014,100),
	(1976,165,958,200),
	(1977,165,950,300),
	(1978,165,937,400),
	(1979,165,938,500),
	(1980,165,939,600),
	(1981,165,940,700),
	(1982,165,941,800),
	(2001,167,994,100),
	(2002,167,1065,200),
	(2003,167,1066,300),
	(2004,167,1063,400),
	(2005,167,1064,500),
	(2006,167,954,600),
	(2007,167,955,700),
	(2008,167,959,800),
	(2009,167,957,900),
	(2010,167,974,1000),
	(2011,167,975,1100),
	(2012,167,976,1200),
	(2013,167,977,1300),
	(2014,167,978,1400),
	(2015,167,979,1500),
	(2016,167,980,1600),
	(2017,167,981,1700),
	(2018,167,982,1800),
	(2019,167,1212,1900),
	(2020,167,1213,2000),
	(2021,167,1214,2100),
	(2022,167,1215,2200),
	(2023,168,956,100),
	(2024,168,959,200),
	(2025,168,1039,300),
	(2026,168,1040,400),
	(2027,168,1041,500),
	(2028,168,1048,600),
	(2029,168,1049,700),
	(2030,168,1050,800),
	(2031,168,1051,900),
	(2032,168,1052,1000),
	(2033,168,1053,1100),
	(2034,168,1216,1200),
	(2035,168,1217,1300),
	(2036,168,1218,1400),
	(2037,168,1219,1500),
	(2038,168,1220,1600),
	(2039,168,1221,1700),
	(2040,168,1057,1800),
	(2041,169,962,100),
	(2042,169,972,200),
	(2043,169,973,300),
	(2044,169,957,400),
	(2045,169,974,500),
	(2046,169,975,600),
	(2047,169,976,700),
	(2048,169,977,800),
	(2049,169,978,900),
	(2050,169,979,1000),
	(2051,169,980,1100),
	(2052,169,981,1200),
	(2053,169,982,1300),
	(2054,170,994,100),
	(2055,170,1065,200),
	(2056,170,1066,300),
	(2057,170,1063,400),
	(2058,170,1064,500),
	(2059,170,954,600),
	(2060,170,955,700),
	(2061,170,959,800),
	(2062,170,957,900),
	(2063,170,974,1000),
	(2064,170,975,1100),
	(2065,170,976,1200),
	(2066,170,977,1300),
	(2067,170,978,1400),
	(2068,170,979,1500),
	(2091,172,994,100),
	(2092,172,935,200),
	(2093,172,936,300),
	(2094,172,937,400),
	(2095,172,938,500),
	(2096,172,939,600),
	(2097,172,940,700),
	(2098,172,1027,800),
	(2099,172,956,900),
	(2100,172,959,1000),
	(2101,172,957,1100),
	(2102,172,974,1200),
	(2103,172,975,1300),
	(2104,172,976,1400),
	(2105,172,977,1500),
	(2106,172,978,1600),
	(2107,172,979,1700),
	(2108,172,980,1800),
	(2109,172,981,1900),
	(2110,172,982,2000),
	(2111,172,1212,2100),
	(2112,172,1213,2200),
	(2113,172,1214,2300),
	(2114,172,1215,2400),
	(2115,173,1012,100),
	(2116,173,940,200),
	(2117,173,1027,300),
	(2118,173,1028,400),
	(2119,173,1149,500),
	(2120,173,1040,600),
	(2121,173,1041,700),
	(2122,173,1048,800),
	(2123,173,1049,900),
	(2124,173,1050,1000),
	(2125,173,1051,1100),
	(2126,173,1052,1200),
	(2127,173,1053,1300),
	(2128,173,1054,1400),
	(2129,173,1055,1500),
	(2130,173,1056,1600),
	(2131,173,1057,1700),
	(2154,175,956,100),
	(2155,175,959,200),
	(2156,175,1039,300),
	(2157,175,1040,400),
	(2158,175,1041,500),
	(2159,175,1048,600),
	(2160,175,1049,700),
	(2161,175,1050,800),
	(2162,175,1051,900),
	(2163,175,1052,1000),
	(2164,175,1053,1100),
	(2165,175,1216,1200),
	(2166,175,1217,1300),
	(2167,176,994,100),
	(2168,176,1065,200),
	(2169,176,1066,300),
	(2170,176,1063,400),
	(2171,176,1064,500),
	(2172,176,954,600),
	(2173,176,955,700),
	(2174,176,959,800),
	(2175,176,957,900),
	(2176,176,974,1000),
	(2177,176,975,1100),
	(2178,176,976,1200),
	(2179,176,977,1300),
	(2180,176,978,1400),
	(2181,176,979,1500),
	(2182,176,980,1600),
	(2183,176,981,1700),
	(2184,176,982,1800),
	(2185,176,1212,1900),
	(2186,176,1213,2000),
	(2187,176,1214,2100),
	(2188,176,1215,2200),
	(2189,177,1012,100),
	(2190,177,940,200),
	(2191,177,1027,300),
	(2192,177,956,400),
	(2193,177,959,500),
	(2194,177,957,600),
	(2195,177,974,700),
	(2196,177,975,800),
	(2197,177,976,900),
	(2198,177,977,1000),
	(2199,177,978,1100),
	(2200,177,979,1200),
	(2201,177,980,1300),
	(2202,177,981,1400),
	(2203,177,982,1500),
	(2204,177,1212,1600),
	(2205,177,1213,1700),
	(2206,177,1214,1800),
	(2207,177,1215,1900),
	(2208,178,934,100),
	(2209,178,958,200),
	(2210,178,936,300),
	(2211,178,937,400),
	(2212,178,938,500),
	(2213,178,939,600),
	(2214,178,940,700),
	(2215,178,1027,800),
	(2216,178,956,900),
	(2217,178,959,1000),
	(2218,178,957,1100),
	(2236,180,994,100),
	(2237,180,935,200),
	(2238,180,936,300),
	(2239,180,937,400),
	(2240,180,951,500),
	(2241,180,952,600),
	(2242,180,993,700),
	(2243,180,954,800),
	(2244,180,956,900),
	(2245,180,959,1000),
	(2246,180,957,1100),
	(2247,180,974,1200),
	(2248,180,975,1300),
	(2249,180,976,1400),
	(2250,180,977,1500),
	(2251,180,978,1600),
	(2252,180,979,1700),
	(2253,180,980,1800),
	(2254,180,981,1900),
	(2255,180,982,2000),
	(2256,180,1212,2100),
	(2257,180,1213,2200),
	(2258,180,1214,2300),
	(2259,180,1215,2400),
	(2260,181,1012,100),
	(2261,181,940,200),
	(2262,181,1027,300),
	(2263,181,956,400),
	(2264,181,959,500),
	(2265,181,957,600),
	(2266,181,974,700),
	(2267,181,975,800),
	(2268,181,976,900),
	(2269,181,977,1000),
	(2270,181,978,1100),
	(2271,181,979,1200),
	(2272,181,980,1300),
	(2273,181,981,1400),
	(2274,181,982,1500),
	(2316,184,1012,100),
	(2317,184,940,200),
	(2318,184,1027,300),
	(2319,184,956,400),
	(2320,184,959,500),
	(2321,184,1149,600),
	(2322,184,1040,700),
	(2323,184,1041,800),
	(2324,184,1048,900),
	(2325,184,1049,1000),
	(2326,184,1050,1100),
	(2338,186,1012,100),
	(2339,186,940,200),
	(2340,186,1027,300),
	(2341,186,956,400),
	(2342,186,959,500),
	(2343,186,1149,600),
	(2344,186,1040,700),
	(2345,186,1041,800),
	(2346,186,1048,900),
	(2347,186,1049,1000),
	(2348,186,1050,1100),
	(2349,186,1051,1200),
	(2350,186,1052,1300),
	(2351,186,1053,1400),
	(2352,186,1054,1500),
	(2353,186,1055,1600),
	(2354,186,1056,1700),
	(2355,186,1057,1800),
	(2356,187,1012,100),
	(2357,187,940,200),
	(2358,187,1027,300),
	(2359,187,956,400),
	(2360,187,1223,500),
	(2361,187,1149,600),
	(2362,187,1040,700),
	(2363,187,1041,800),
	(2364,187,1042,900),
	(2365,187,1043,1000),
	(2366,188,940,100),
	(2367,188,1027,200),
	(2368,188,956,300),
	(2369,188,959,400),
	(2370,188,1149,500),
	(2371,188,1040,600),
	(2372,188,1041,700),
	(2373,188,1048,800),
	(2374,188,1049,900),
	(2375,188,1050,1000),
	(2376,188,1051,1100),
	(2377,188,1224,1200),
	(2378,188,1225,1300),
	(2379,189,956,100),
	(2380,189,959,200),
	(2381,189,1149,300),
	(2382,189,1040,400),
	(2383,189,1041,500),
	(2384,189,1048,600),
	(2385,189,1049,700),
	(2386,189,1050,800),
	(2387,189,1051,900),
	(2388,189,1224,1000),
	(2389,189,1225,1100),
	(2414,191,994,100),
	(2415,191,958,200),
	(2416,191,1226,300),
	(2417,191,1072,400),
	(2418,191,1083,500),
	(2419,191,1084,600),
	(2420,191,1085,700),
	(2421,191,1086,800),
	(2422,191,1079,900),
	(2423,191,1227,1000),
	(2424,191,1228,1100),
	(2425,191,1229,1200),
	(2426,191,1230,1300),
	(2427,192,1079,100),
	(2428,192,1227,200),
	(2429,192,1231,300),
	(2430,192,1232,400),
	(2431,192,1233,500),
	(2432,192,1234,600),
	(2433,192,1235,700),
	(2434,192,1236,800),
	(2435,192,1237,900),
	(2436,193,994,100),
	(2437,193,958,200),
	(2438,193,1226,300),
	(2439,193,1072,400),
	(2440,193,1083,500),
	(2441,193,1084,600),
	(2442,193,1238,700),
	(2443,193,1239,800),
	(2444,193,1240,900),
	(2445,193,1241,1000),
	(2446,193,1242,1100),
	(2447,194,1079,100),
	(2448,194,1227,200),
	(2449,194,1243,300),
	(2450,194,1244,400),
	(2451,194,1245,500),
	(2452,194,1246,600),
	(2453,194,1247,700),
	(2454,195,1079,100),
	(2455,195,1227,200),
	(2456,195,1096,300),
	(2457,195,1233,400),
	(2458,195,1235,500),
	(2459,195,1247,600),
	(2460,196,1166,100),
	(2461,196,1115,200),
	(2462,196,1147,300),
	(2463,196,1148,400),
	(2464,196,1154,500),
	(2465,196,1155,600),
	(2466,196,1045,700),
	(2467,196,1044,800),
	(2468,197,994,100),
	(2469,197,958,200),
	(2470,197,1226,300),
	(2471,197,1072,400),
	(2472,197,1083,500),
	(2473,197,1084,600),
	(2474,197,1085,700),
	(2475,197,1086,800),
	(2476,197,1079,900),
	(2477,197,1080,1000),
	(2478,197,1248,1100),
	(2479,198,936,100),
	(2480,198,1109,200),
	(2481,198,1172,300),
	(2482,198,1152,400),
	(2483,198,1153,500),
	(2484,198,1074,600),
	(2485,198,1075,700),
	(2486,198,1080,800),
	(2487,198,1079,900),
	(2488,198,1227,1000),
	(2489,198,1228,1100),
	(2490,198,1249,1200),
	(2491,198,1250,1300),
	(2492,199,1079,100),
	(2493,199,1227,200),
	(2494,199,1243,300),
	(2495,199,1251,400),
	(2496,200,994,100),
	(2497,200,958,200),
	(2498,200,1226,300),
	(2499,200,1072,400),
	(2500,200,1083,500),
	(2501,200,1084,600),
	(2502,200,1238,700),
	(2503,201,994,100),
	(2504,201,958,200),
	(2505,201,1226,300),
	(2506,201,1072,400),
	(2507,201,1083,500),
	(2508,201,1084,600),
	(2509,201,1085,700),
	(2510,201,1086,800),
	(2511,201,1079,900),
	(2512,201,1227,1000),
	(2513,201,1228,1100),
	(2514,201,1249,1200),
	(2515,201,1252,1300),
	(2516,202,1079,100),
	(2517,202,1227,200),
	(2518,202,1243,300),
	(2519,202,1244,400),
	(2520,202,1253,500),
	(2521,203,994,100),
	(2522,203,1065,200),
	(2523,203,1066,300),
	(2524,203,1063,400),
	(2525,203,1064,500),
	(2526,203,954,600),
	(2527,203,955,700),
	(2528,203,1223,800),
	(2529,203,1039,900),
	(2530,203,1040,1000),
	(2531,203,1041,1100),
	(2532,203,1048,1200),
	(2533,203,1049,1300),
	(2534,203,1050,1400),
	(2535,203,1051,1500),
	(2536,203,1052,1600),
	(2537,203,1053,1700),
	(2538,203,1054,1800),
	(2539,203,1055,1900),
	(2540,203,1056,2000),
	(2541,203,1057,2100),
	(2542,204,994,100),
	(2543,204,1065,200),
	(2544,204,1066,300),
	(2545,204,1063,400),
	(2546,204,1064,500),
	(2547,204,954,600),
	(2548,204,956,700),
	(2549,204,1027,800),
	(2550,204,941,900),
	(2551,204,1206,1000),
	(2552,204,1254,1100),
	(2553,204,1255,1200),
	(2554,205,1014,100),
	(2555,205,1065,200),
	(2556,205,1066,300),
	(2557,205,1063,400),
	(2558,205,1064,500),
	(2559,205,954,600),
	(2560,205,956,700),
	(2561,205,1027,800),
	(2562,205,941,900),
	(2563,205,942,1000),
	(2564,205,943,1100),
	(2565,205,944,1200),
	(2566,205,945,1300),
	(2567,205,946,1400),
	(2568,205,947,1500),
	(2569,205,948,1600),
	(2570,205,1190,1700),
	(2571,205,1191,1800),
	(2572,205,1192,1900),
	(2573,205,1193,2000),
	(2574,205,1194,2100),
	(2575,205,1195,2200),
	(2576,205,1196,2300),
	(2600,207,1014,100),
	(2601,207,1065,200),
	(2602,207,1066,300),
	(2603,207,1063,400),
	(2604,207,952,500),
	(2605,207,993,600),
	(2606,207,1047,700),
	(2607,207,1058,800),
	(2608,207,1027,900),
	(2609,207,941,1000),
	(2610,207,942,1100),
	(2611,207,943,1200),
	(2612,207,944,1300),
	(2613,207,945,1400),
	(2614,207,946,1500),
	(2615,207,947,1600),
	(2616,207,948,1700),
	(2638,209,928,100),
	(2639,209,929,200),
	(2640,209,930,300),
	(2641,209,1256,400),
	(2642,209,932,500),
	(2643,209,933,600),
	(2644,209,934,700),
	(2645,209,994,800),
	(2646,209,1065,900),
	(2647,209,1066,1000),
	(2648,209,1063,1100),
	(2649,209,1064,1200),
	(2650,209,954,1300),
	(2651,209,955,1400),
	(2652,209,1039,1500),
	(2653,209,1040,1600),
	(2654,209,1041,1700),
	(2655,209,1048,1800),
	(2656,209,1049,1900),
	(2657,209,1050,2000),
	(2658,209,1051,2100),
	(2659,209,1052,2200),
	(2660,209,1053,2300),
	(2661,209,1054,2400),
	(2662,209,1055,2500),
	(2663,209,1056,2600),
	(2664,209,1057,2700),
	(2665,210,994,100),
	(2666,210,1065,200),
	(2667,210,1066,300),
	(2668,210,1063,400),
	(2669,210,1064,500),
	(2670,210,954,600),
	(2671,210,956,700),
	(2672,210,1027,800),
	(2673,210,960,900),
	(2674,210,961,1000),
	(2675,210,1038,1100),
	(2704,213,994,100),
	(2705,213,1065,200),
	(2706,213,1066,300),
	(2707,213,1063,400),
	(2708,213,952,500),
	(2709,213,953,600),
	(2710,213,1047,700),
	(2711,213,1058,800),
	(2712,213,1027,900),
	(2713,213,941,1000),
	(2714,213,942,1100),
	(2715,213,943,1200),
	(2716,213,944,1300),
	(2717,213,945,1400),
	(2718,213,946,1500),
	(2719,214,994,100),
	(2720,214,1065,200),
	(2721,214,1066,300),
	(2722,214,1063,400),
	(2723,214,1064,500),
	(2724,214,954,600),
	(2725,214,955,700),
	(2726,214,1068,800),
	(2727,214,1149,900),
	(2728,214,1040,1000),
	(2729,214,1041,1100),
	(2730,214,1042,1200),
	(2731,214,1043,1300),
	(2749,216,994,100),
	(2750,216,1065,200),
	(2751,216,1066,300),
	(2752,216,1063,400),
	(2753,216,1033,500),
	(2754,216,953,600),
	(2755,216,1047,700),
	(2756,216,1058,800),
	(2757,216,1027,900),
	(2758,216,1222,1000),
	(2776,218,1014,100),
	(2777,218,1065,200),
	(2778,218,1066,300),
	(2779,218,1063,400),
	(2780,218,1064,500),
	(2781,218,954,600),
	(2782,218,956,700),
	(2783,218,1027,800),
	(2784,218,941,900),
	(2785,218,1206,1000),
	(2786,218,1180,1100),
	(2787,218,1257,1200),
	(2788,218,1120,1300),
	(2789,218,1175,1400),
	(2790,218,1258,1500),
	(2791,218,1259,1600),
	(2815,220,1014,100),
	(2816,220,958,200),
	(2817,220,950,300),
	(2818,220,951,400),
	(2819,220,952,500),
	(2820,220,953,600),
	(2821,221,994,100),
	(2822,221,1065,200),
	(2823,221,1066,300),
	(2824,221,1063,400),
	(2825,221,1064,500),
	(2826,221,954,600),
	(2827,221,1067,700),
	(2828,221,1037,800),
	(2829,221,1068,900),
	(2830,221,957,1000),
	(2831,222,994,100),
	(2832,222,1065,200),
	(2833,222,1066,300),
	(2834,222,1063,400),
	(2835,222,1064,500),
	(2836,222,954,600),
	(2837,222,956,700),
	(2838,222,1027,800),
	(2839,222,941,900),
	(2840,222,1206,1000),
	(2841,222,1260,1100),
	(2842,223,958,100),
	(2843,223,1109,200),
	(2844,223,1117,300),
	(2845,223,951,400),
	(2846,223,952,500),
	(2847,223,953,600),
	(2848,224,994,100),
	(2849,224,1065,200),
	(2850,224,1066,300),
	(2851,224,1063,400),
	(2852,224,1064,500),
	(2853,224,954,600),
	(2854,224,956,700),
	(2855,224,1027,800),
	(2856,224,941,900),
	(2857,224,1206,1000),
	(2858,224,1180,1100),
	(2859,224,1257,1200),
	(2860,224,1120,1300),
	(2861,224,1121,1400),
	(2862,224,1236,1500),
	(2863,224,1237,1600),
	(2899,227,994,100),
	(2900,227,1065,200),
	(2901,227,1066,300),
	(2902,227,1063,400),
	(2903,227,1064,500),
	(2904,227,954,600),
	(2905,227,956,700),
	(2906,227,1027,800),
	(2907,227,960,900),
	(2908,227,961,1000),
	(2909,227,1038,1100),
	(2910,227,971,1200),
	(2911,227,983,1300),
	(2912,227,963,1400),
	(2913,227,984,1500),
	(2914,228,1205,100),
	(2915,228,1017,200),
	(2916,228,933,300),
	(2917,228,934,400),
	(2918,228,1065,500),
	(2919,228,1066,600),
	(2920,228,1063,700),
	(2921,228,1064,800),
	(2922,228,954,900),
	(2923,228,956,1000),
	(2924,228,1027,1100),
	(2925,228,960,1200),
	(2926,228,961,1300),
	(2927,228,995,1400),
	(2928,228,971,1500),
	(2929,228,983,1600),
	(2930,228,963,1700),
	(2931,228,984,1800),
	(2932,228,1126,1900),
	(2933,228,966,2000),
	(2934,229,994,100),
	(2935,229,1065,200),
	(2936,229,1066,300),
	(2937,229,1063,400),
	(2938,229,1064,500),
	(2939,229,954,600),
	(2940,229,955,700),
	(2941,229,959,800),
	(2942,229,973,900),
	(2943,229,1040,1000),
	(2944,229,1041,1100),
	(2945,229,1048,1200),
	(2946,229,1049,1300),
	(2947,229,1050,1400),
	(2948,229,1051,1500),
	(2949,229,1224,1600),
	(2950,229,1225,1700),
	(2964,231,962,100),
	(2965,231,963,200),
	(2966,231,964,300),
	(2967,231,965,400),
	(2968,231,1146,500),
	(2969,231,1031,600),
	(2970,231,1032,700),
	(2971,231,1033,800),
	(2972,231,948,900),
	(2990,233,1261,100),
	(2991,233,1238,200),
	(2992,233,1084,300),
	(2993,233,1083,400),
	(2994,233,1072,500),
	(2995,233,1226,600),
	(2996,233,1109,700),
	(2997,233,1262,800),
	(2998,233,1002,900),
	(2999,233,1001,1000),
	(3000,234,1079,100),
	(3001,234,1086,200),
	(3002,234,1085,300),
	(3003,234,1084,400),
	(3004,234,1083,500),
	(3005,234,1072,600),
	(3006,234,1226,700),
	(3007,234,1109,800),
	(3008,234,1262,900),
	(3009,234,1002,1000),
	(3010,234,1063,1100),
	(3011,234,1064,1200),
	(3012,234,954,1300),
	(3013,234,955,1400),
	(3014,234,959,1500),
	(3015,234,957,1600),
	(3016,235,957,100),
	(3017,235,959,200),
	(3018,235,956,300),
	(3019,235,1027,400),
	(3020,235,940,500),
	(3021,235,939,600),
	(3022,235,938,700),
	(3023,235,937,800),
	(3024,235,1263,900),
	(3025,235,1109,1000),
	(3026,235,1151,1100),
	(3027,235,1072,1200),
	(3028,235,1083,1300),
	(3029,235,1084,1400),
	(3030,235,1085,1500),
	(3031,235,1086,1600),
	(3032,235,1264,1700),
	(3033,235,1087,1800),
	(3034,236,962,100),
	(3035,236,961,200),
	(3036,236,960,300),
	(3037,236,940,400),
	(3038,236,939,500),
	(3039,236,938,600),
	(3040,236,937,700),
	(3041,236,1117,800),
	(3042,236,1109,900),
	(3043,236,1151,1000),
	(3044,236,1072,1100),
	(3045,236,1083,1200),
	(3046,236,1084,1300),
	(3047,236,1238,1400),
	(3048,237,1037,100),
	(3049,237,959,200),
	(3050,237,956,300),
	(3051,237,1027,400),
	(3052,237,940,500),
	(3053,237,939,600),
	(3054,237,938,700),
	(3055,237,937,800),
	(3056,237,1117,900),
	(3057,237,1109,1000),
	(3058,237,1226,1100),
	(3059,237,1072,1200),
	(3060,237,1261,1300),
	(3075,239,975,100),
	(3076,239,974,200),
	(3077,239,957,300),
	(3078,239,959,400),
	(3079,239,1265,500),
	(3080,239,1067,600),
	(3081,239,954,700),
	(3082,239,993,800),
	(3083,239,1020,900),
	(3084,239,1019,1000),
	(3085,239,1017,1100),
	(3086,239,1115,1200),
	(3087,239,1110,1300),
	(3088,239,1109,1400),
	(3089,240,1037,100),
	(3090,240,959,200),
	(3091,240,956,300),
	(3092,240,1027,400),
	(3093,240,940,500),
	(3094,240,939,600),
	(3095,240,938,700),
	(3096,240,937,800),
	(3097,240,1117,900),
	(3098,240,1109,1000),
	(3099,240,1226,1100),
	(3100,240,1072,1200),
	(3101,240,1261,1300),
	(3139,244,1094,100),
	(3140,244,1159,200),
	(3141,244,1160,300),
	(3142,244,1153,400),
	(3143,244,1152,500),
	(3144,244,1173,600),
	(3145,244,1166,700),
	(3146,244,1267,800),
	(3147,244,1133,900),
	(3148,245,1268,100),
	(3149,245,1269,200),
	(3150,245,1270,300),
	(3151,245,1228,400),
	(3152,245,1227,500),
	(3153,245,1079,600),
	(3154,245,1080,700),
	(3155,245,1075,800),
	(3156,245,1074,900),
	(3157,245,1153,1000),
	(3158,245,1152,1100),
	(3159,245,1115,1200),
	(3160,245,1166,1300),
	(3161,245,1267,1400),
	(3162,245,1133,1500),
	(3163,246,1001,100),
	(3164,246,1133,200),
	(3165,246,1267,300),
	(3166,246,1166,400),
	(3167,246,1167,500),
	(3168,246,1128,600),
	(3169,246,1127,700),
	(3170,246,1021,800),
	(3171,246,1118,900),
	(3172,246,1119,1000),
	(3173,246,1120,1100),
	(3174,246,1121,1200),
	(3175,246,1236,1300),
	(3176,246,1237,1400),
	(3191,248,1001,100),
	(3192,248,1002,200),
	(3193,248,1117,300),
	(3194,248,937,400),
	(3195,248,1166,500),
	(3196,248,1167,600),
	(3197,248,1127,700),
	(3198,248,1021,800),
	(3199,248,1118,900),
	(3200,248,1119,1000),
	(3243,252,1012,100),
	(3244,252,1128,200),
	(3245,252,1127,300),
	(3246,252,1021,400),
	(3247,252,1118,500),
	(3248,252,1140,600),
	(3249,252,1044,700),
	(3250,252,1163,800),
	(3251,252,1164,900),
	(3252,252,1234,1000),
	(3253,252,1235,1100),
	(3254,252,1247,1200),
	(3267,254,1001,100),
	(3268,254,1002,200),
	(3269,254,1117,300),
	(3270,254,1271,400),
	(3271,254,1115,500),
	(3272,254,1147,600),
	(3273,254,1148,700),
	(3274,254,1074,800),
	(3275,254,1075,900),
	(3276,254,1086,1000),
	(3277,254,1079,1100),
	(3278,254,1227,1200),
	(3279,254,1228,1300),
	(3280,254,1270,1400),
	(3281,254,1269,1500),
	(3282,254,1268,1600),
	(3283,255,1001,100),
	(3284,255,1002,200),
	(3285,255,1117,300),
	(3286,255,1271,400),
	(3287,255,1115,500),
	(3288,255,1147,600),
	(3289,255,1148,700),
	(3290,255,1074,800),
	(3291,255,1075,900),
	(3292,255,1086,1000),
	(3293,255,1079,1100),
	(3294,255,1227,1200),
	(3295,255,1228,1300),
	(3296,256,1115,100),
	(3297,256,1147,200),
	(3298,256,1148,300),
	(3299,256,1074,400),
	(3300,256,1075,500),
	(3301,256,1272,600),
	(3302,256,1078,700),
	(3303,257,1064,100),
	(3304,257,1063,200),
	(3305,257,1132,300),
	(3306,257,1273,400),
	(3307,257,937,500),
	(3308,257,1117,600),
	(3309,257,1109,700),
	(3310,257,1226,800),
	(3311,257,1072,900),
	(3312,257,1083,1000),
	(3313,257,1084,1100),
	(3314,257,1238,1200),
	(3315,258,1156,100),
	(3316,258,1155,200),
	(3317,258,1154,300),
	(3318,258,1153,400),
	(3319,258,1152,500),
	(3320,258,1172,600),
	(3321,258,1109,700),
	(3322,258,936,800),
	(3323,258,1002,900),
	(3324,258,1001,1000),
	(3325,259,1001,100),
	(3326,259,1002,200),
	(3327,259,1117,300),
	(3328,259,1271,400),
	(3329,259,1115,500),
	(3330,259,1147,600),
	(3331,259,1148,700),
	(3332,259,1074,800),
	(3333,259,1075,900),
	(3334,259,1076,1000),
	(3335,259,1077,1100),
	(3336,260,1001,100),
	(3337,260,1002,200),
	(3338,260,1117,300),
	(3339,260,1271,400),
	(3340,260,1115,500),
	(3341,260,1147,600),
	(3342,260,1148,700),
	(3343,260,1074,800),
	(3344,260,1075,900),
	(3345,260,1080,1000),
	(3346,260,1078,1100),
	(3347,261,1274,100),
	(3348,261,1275,200),
	(3349,261,1075,300),
	(3350,261,1074,400),
	(3351,261,1153,500),
	(3352,261,1152,600),
	(3353,261,1172,700),
	(3354,261,1109,800),
	(3355,261,936,900),
	(3356,261,1002,1000),
	(3357,261,1001,1100),
	(3366,263,1001,100),
	(3367,263,1002,200),
	(3368,263,1117,300),
	(3369,263,1271,400),
	(3370,263,1115,500),
	(3371,263,1147,600),
	(3372,263,1148,700),
	(3373,263,1074,800),
	(3374,263,1075,900),
	(3375,263,1086,1000),
	(3376,263,1079,1100),
	(3377,263,1227,1200),
	(3378,263,1228,1300),
	(3379,263,1229,1400),
	(3380,263,1230,1500),
	(3381,264,1001,100),
	(3382,264,1002,200),
	(3383,264,1117,300),
	(3384,264,1271,400),
	(3385,264,1115,500),
	(3386,264,1147,600),
	(3387,264,1148,700),
	(3388,264,1074,800),
	(3389,264,1075,900),
	(3390,264,1080,1000),
	(3391,264,1078,1100),
	(3432,268,1162,100),
	(3433,268,1161,200),
	(3434,268,1153,300),
	(3435,268,1152,400),
	(3436,268,1172,500),
	(3437,268,1109,600),
	(3438,268,936,700),
	(3439,268,1002,800),
	(3440,268,1001,900),
	(3472,272,985,100),
	(3473,272,997,200),
	(3474,272,998,300),
	(3475,272,928,400),
	(3476,272,949,500),
	(3477,272,930,600),
	(3478,272,1015,700),
	(3479,272,1016,800),
	(3480,272,1017,900),
	(3481,272,1003,1000),
	(3482,272,958,1100),
	(3483,272,936,1200),
	(3484,272,1277,1300),
	(3498,274,1278,100),
	(3499,274,950,200),
	(3500,274,1279,300),
	(3501,274,1003,400),
	(3502,274,1017,500),
	(3503,274,1016,600),
	(3504,274,1015,700),
	(3505,274,1062,800),
	(3506,275,1277,100),
	(3507,275,936,200),
	(3508,275,958,300),
	(3509,275,1003,400),
	(3510,275,1017,500),
	(3511,275,1016,600),
	(3512,275,1015,700),
	(3513,275,930,800),
	(3514,275,929,900),
	(3515,275,928,1000),
	(3516,275,998,1100),
	(3517,275,1280,1200),
	(3518,275,1281,1300),
	(3519,275,1282,1400),
	(3520,275,1283,1500),
	(3521,275,1284,1600),
	(3522,276,928,100),
	(3523,276,929,200),
	(3524,276,930,300),
	(3525,276,1015,400),
	(3526,276,1016,500),
	(3527,276,1017,600),
	(3528,276,1003,700),
	(3529,276,958,800),
	(3530,276,936,900),
	(3531,276,1109,1000),
	(3532,277,928,100),
	(3533,277,929,200),
	(3534,277,930,300),
	(3535,277,1015,400),
	(3536,277,1016,500),
	(3537,277,1017,600),
	(3538,277,1003,700),
	(3539,277,958,800),
	(3540,277,950,900),
	(3541,277,1002,1000),
	(3542,277,1001,1100),
	(3543,278,1103,100),
	(3544,278,1102,200),
	(3545,278,1099,300),
	(3546,278,1098,400),
	(3547,278,1082,500),
	(3548,278,1071,600),
	(3549,278,1151,700),
	(3550,278,1109,800),
	(3551,278,1117,900),
	(3552,278,1002,1000),
	(3553,278,1001,1100),
	(3554,279,1103,100),
	(3555,279,1102,200),
	(3556,279,1099,300),
	(3557,279,1098,400),
	(3558,279,1082,500),
	(3559,279,1071,600),
	(3560,279,1151,700),
	(3561,279,1109,800),
	(3562,279,1117,900),
	(3563,279,937,1000),
	(3564,279,938,1100),
	(3565,279,939,1200),
	(3566,279,940,1300),
	(3567,279,1027,1400),
	(3568,279,956,1500),
	(3569,279,959,1600),
	(3570,279,957,1700),
	(3571,279,974,1800),
	(3572,279,975,1900),
	(3573,279,976,2000),
	(3574,279,977,2100),
	(3575,279,978,2200),
	(3576,279,1285,2300),
	(3577,280,1286,100),
	(3578,280,1098,200),
	(3579,280,1287,300),
	(3580,280,1288,400),
	(3581,280,1289,500),
	(3582,280,1173,600),
	(3583,280,1273,700),
	(3584,280,952,800),
	(3585,280,993,900),
	(3586,280,954,1000),
	(3587,280,956,1100),
	(3588,280,959,1200),
	(3589,280,1037,1300),
	(3603,282,1290,100),
	(3604,282,1098,200),
	(3605,282,1082,300),
	(3606,282,1071,400),
	(3607,282,1072,500),
	(3608,282,1073,600),
	(3609,282,1153,700),
	(3610,282,1154,800),
	(3611,282,1155,900),
	(3612,282,1163,1000),
	(3613,282,1164,1100),
	(3614,282,1234,1200),
	(3615,282,1235,1300),
	(3616,282,1247,1400),
	(3631,284,1156,100),
	(3632,284,1155,200),
	(3633,284,1154,300),
	(3634,284,1153,400),
	(3635,284,1152,500),
	(3636,284,1173,600),
	(3637,284,1273,700),
	(3638,284,952,800),
	(3639,284,953,900),
	(3640,285,1291,100),
	(3641,285,1292,200),
	(3642,285,1293,300),
	(3643,285,1099,400),
	(3644,285,1098,500),
	(3645,285,1082,600),
	(3646,285,1071,700),
	(3647,285,1226,800),
	(3648,285,1109,900),
	(3649,285,1117,1000),
	(3650,285,951,1100),
	(3651,285,952,1200),
	(3652,285,953,1300),
	(3653,286,1290,100),
	(3654,286,1098,200),
	(3655,286,1082,300),
	(3656,286,1071,400),
	(3657,286,1072,500),
	(3658,286,1073,600),
	(3659,286,1153,700),
	(3660,286,1154,800),
	(3661,286,1155,900),
	(3662,286,1163,1000),
	(3663,286,1164,1100),
	(3664,286,1234,1200),
	(3665,286,1235,1300),
	(3666,286,1247,1400),
	(3667,287,1103,100),
	(3668,287,1102,200),
	(3669,287,1099,300),
	(3670,287,1098,400),
	(3671,287,1287,500),
	(3672,287,1288,600),
	(3673,287,1289,700),
	(3674,287,1115,800),
	(3675,287,1273,900),
	(3676,287,952,1000),
	(3677,287,953,1100),
	(3695,289,1290,100),
	(3696,289,1098,200),
	(3697,289,1082,300),
	(3698,289,1071,400),
	(3699,289,1288,500),
	(3700,289,1289,600),
	(3701,289,1173,700),
	(3702,289,938,800),
	(3703,289,1011,900),
	(3704,289,1012,1000),
	(3705,289,940,1100),
	(3706,289,960,1200),
	(3707,289,961,1300),
	(3708,289,962,1400),
	(3709,290,1290,100),
	(3710,290,1098,200),
	(3711,290,1082,300),
	(3712,290,1071,400),
	(3713,290,1226,500),
	(3714,290,1109,600),
	(3715,290,1262,700),
	(3716,290,1002,800),
	(3717,290,1001,900),
	(3718,291,1103,100),
	(3719,291,1102,200),
	(3720,291,1099,300),
	(3721,291,1098,400),
	(3722,291,1082,500),
	(3723,291,1071,600),
	(3724,291,1294,700),
	(3725,291,1289,800),
	(3726,291,1173,900),
	(3727,291,938,1000),
	(3728,291,1011,1100),
	(3729,291,1012,1200),
	(3730,291,940,1300),
	(3731,291,960,1400),
	(3732,291,961,1500),
	(3733,291,962,1600),
	(3734,292,1295,100),
	(3735,292,1296,200),
	(3736,292,1297,300),
	(3737,292,1091,400),
	(3738,292,1286,500),
	(3739,292,1098,600),
	(3740,292,1287,700),
	(3741,292,1288,800),
	(3742,292,1289,900),
	(3743,292,1298,1000),
	(3744,292,1273,1100),
	(3745,292,952,1200),
	(3746,292,993,1300),
	(3747,292,954,1400),
	(3748,292,955,1500),
	(3749,292,959,1600),
	(3750,292,957,1700),
	(3751,293,1242,100),
	(3752,293,1293,200),
	(3753,293,1099,300),
	(3754,293,1286,400),
	(3755,293,1299,500),
	(3756,293,1089,600),
	(3757,293,1071,700),
	(3758,293,1288,800),
	(3759,293,1289,900),
	(3760,293,1173,1000),
	(3761,293,938,1100),
	(3762,293,1011,1200),
	(3763,293,1012,1300),
	(3764,293,940,1400),
	(3765,293,960,1500),
	(3766,293,961,1600),
	(3767,293,962,1700),
	(3768,294,1286,100),
	(3769,294,1098,200),
	(3770,294,1287,300),
	(3771,294,1288,400),
	(3772,294,1289,500),
	(3773,294,1173,600),
	(3774,294,1273,700),
	(3775,294,952,800),
	(3776,294,993,900),
	(3777,294,954,1000),
	(3778,294,955,1100),
	(3779,294,959,1200),
	(3780,294,957,1300),
	(3781,295,1103,100),
	(3782,295,1102,200),
	(3783,295,1099,300),
	(3784,295,1098,400),
	(3785,295,1082,500),
	(3786,295,1071,600),
	(3787,295,1151,700),
	(3788,295,1109,800),
	(3789,295,1117,900),
	(3790,295,937,1000),
	(3791,295,938,1100),
	(3792,295,939,1200),
	(3793,295,940,1300),
	(3794,295,1027,1400),
	(3795,295,956,1500),
	(3796,295,959,1600),
	(3797,295,957,1700),
	(3812,297,1295,100),
	(3813,297,1300,200),
	(3814,297,1297,300),
	(3815,297,1091,400),
	(3816,297,1286,500),
	(3817,297,1098,600),
	(3818,297,1082,700),
	(3819,297,1071,800),
	(3820,297,1226,900),
	(3821,297,1109,1000),
	(3822,297,1262,1100),
	(3823,297,1133,1200),
	(3837,299,1290,100),
	(3838,299,1098,200),
	(3839,299,1082,300),
	(3840,299,1071,400),
	(3841,299,1226,500),
	(3842,299,1109,600),
	(3843,299,1262,700),
	(3844,299,1002,800),
	(3845,299,1001,900),
	(3846,300,1242,100),
	(3847,300,1293,200),
	(3848,300,1099,300),
	(3849,300,1098,400),
	(3850,300,1287,500),
	(3851,300,1226,600),
	(3852,300,1109,700),
	(3853,300,1262,800),
	(3854,300,1002,900),
	(3855,300,1001,1000),
	(3856,301,1286,100),
	(3857,301,1098,200),
	(3858,301,1082,300),
	(3859,301,1071,400),
	(3860,301,1288,500),
	(3861,301,1289,600),
	(3862,301,1173,700),
	(3863,301,938,800),
	(3864,301,1011,900),
	(3865,301,1012,1000),
	(3866,301,940,1100),
	(3867,301,1301,1200),
	(3868,302,1017,100),
	(3869,302,1302,200),
	(3870,302,958,300),
	(3871,302,950,400),
	(3872,302,1133,500),
	(3873,303,1123,100),
	(3874,303,1280,200),
	(3875,303,1017,300),
	(3876,303,1302,400),
	(3877,303,958,500),
	(3878,303,950,600),
	(3879,303,1133,700),
	(3880,304,1062,100),
	(3881,304,1015,200),
	(3882,304,1016,300),
	(3883,304,1017,400),
	(3884,304,1302,500),
	(3885,304,958,600),
	(3886,304,950,700),
	(3887,304,1133,800),
	(3888,304,1303,900),
	(3889,304,1130,1000),
	(3890,304,1064,1100),
	(3891,305,1205,100),
	(3892,305,1017,200),
	(3893,305,1302,300),
	(3894,305,958,400),
	(3895,305,950,500),
	(3896,305,1133,600),
	(3897,306,994,100),
	(3898,306,1302,200),
	(3899,306,1017,300),
	(3900,306,1132,400),
	(3901,306,1005,500),
	(3902,307,1304,100),
	(3903,307,1004,200),
	(3904,307,1017,300),
	(3905,307,1302,400),
	(3906,307,958,500),
	(3907,307,936,600),
	(3908,307,1109,700),
	(3909,307,1277,800),
	(3910,308,1079,100),
	(3911,308,1080,200),
	(3912,308,1075,300),
	(3913,308,1074,400),
	(3914,308,1073,500),
	(3915,308,1072,600),
	(3916,308,1095,700),
	(3917,308,1003,800),
	(3918,308,1017,900),
	(3919,308,1016,1000),
	(3920,308,1015,1100),
	(3921,308,930,1200),
	(3922,308,949,1300),
	(3923,308,928,1400),
	(3938,310,1305,100),
	(3939,310,1306,200),
	(3940,310,1268,300),
	(3941,310,1269,400),
	(3942,310,1270,500),
	(3943,310,1228,600),
	(3944,310,1227,700),
	(3945,310,1079,800),
	(3946,310,1080,900),
	(3947,310,1075,1000),
	(3948,310,1074,1100),
	(3949,310,1073,1200),
	(3950,310,1072,1300),
	(3951,310,1095,1400),
	(3952,310,1003,1500),
	(3953,310,1017,1600),
	(3954,310,1016,1700),
	(3955,310,1015,1800),
	(3956,310,930,1900),
	(3957,310,949,2000),
	(3958,310,928,2100),
	(3959,311,994,100),
	(3960,311,958,200),
	(3961,311,1095,300),
	(3962,311,1072,400),
	(3963,311,1261,500),
	(3964,312,1017,100),
	(3965,312,1003,200),
	(3966,312,1095,300),
	(3967,312,1288,400),
	(3968,312,1289,500),
	(3969,312,1298,600),
	(3970,312,1307,700),
	(3971,312,1167,800),
	(3972,312,1128,900),
	(3973,312,1127,1000),
	(3974,312,1021,1100),
	(3975,312,1118,1200),
	(3976,312,1119,1300),
	(3977,312,1120,1400),
	(3978,312,1121,1500),
	(3994,314,1093,100),
	(3995,314,1092,200),
	(3996,314,1308,300),
	(3997,314,1004,400),
	(3998,314,1089,500),
	(3999,314,1071,600),
	(4000,314,1109,700),
	(4001,314,1110,800),
	(4002,314,1111,900),
	(4003,314,1112,1000),
	(4004,314,1167,1100),
	(4005,314,1128,1200),
	(4006,314,1127,1300),
	(4007,314,1021,1400),
	(4008,314,1118,1500),
	(4009,314,1119,1600),
	(4010,314,1120,1700),
	(4011,314,1121,1800),
	(4012,315,1017,100),
	(4013,315,1003,200),
	(4014,315,1095,300),
	(4015,315,1288,400),
	(4016,315,1289,500),
	(4017,315,1173,600),
	(4018,315,1112,700),
	(4019,315,1174,800),
	(4020,315,1127,900),
	(4021,315,1021,1000),
	(4022,315,1171,1100),
	(4038,317,1017,100),
	(4039,317,1003,200),
	(4040,317,1095,300),
	(4041,317,1288,400),
	(4042,317,1289,500),
	(4043,317,1298,600),
	(4044,317,1307,700),
	(4045,317,1167,800),
	(4046,317,1128,900),
	(4047,317,1127,1000),
	(4048,317,1168,1100),
	(4049,317,1022,1200),
	(4050,317,1023,1300),
	(4051,317,1024,1400),
	(4052,318,1021,100),
	(4053,318,1127,200),
	(4054,318,1167,300),
	(4055,318,1115,400),
	(4056,318,1110,500),
	(4057,318,1226,600),
	(4058,318,1072,700),
	(4059,318,1083,800),
	(4060,318,1084,900),
	(4061,318,1238,1000),
	(4062,319,1021,100),
	(4063,319,1127,200),
	(4064,319,1167,300),
	(4065,319,1115,400),
	(4066,319,1152,500),
	(4067,319,1073,600),
	(4068,319,1072,700),
	(4069,319,1309,800),
	(4070,319,1098,900),
	(4071,319,1099,1000),
	(4072,319,1100,1100),
	(4073,320,1017,100),
	(4074,320,1003,200),
	(4075,320,1095,300),
	(4076,320,1288,400),
	(4077,320,1289,500),
	(4078,320,1173,600),
	(4079,320,1112,700),
	(4080,320,1167,800),
	(4081,320,1128,900),
	(4082,320,1127,1000),
	(4083,320,1021,1100),
	(4084,320,1118,1200),
	(4085,320,1119,1300),
	(4086,320,1120,1400),
	(4087,320,1121,1500),
	(4103,322,1100,100),
	(4104,322,1099,200),
	(4105,322,1098,300),
	(4106,322,1082,400),
	(4107,322,1095,500),
	(4108,322,1279,600),
	(4109,322,950,700),
	(4110,322,1133,800),
	(4111,323,994,100),
	(4112,323,934,200),
	(4113,323,933,300),
	(4114,323,1017,400),
	(4115,323,1004,500),
	(4116,323,1308,600),
	(4117,323,1091,700),
	(4118,323,1297,800),
	(4119,323,1310,900),
	(4120,324,994,100),
	(4121,324,934,200),
	(4122,324,933,300),
	(4123,324,1017,400),
	(4124,324,1004,500),
	(4125,324,1308,600),
	(4126,324,1091,700),
	(4127,324,1297,800),
	(4128,324,1296,900),
	(4129,324,1295,1000),
	(4130,325,994,100),
	(4131,325,934,200),
	(4132,325,933,300),
	(4133,325,1017,400),
	(4134,325,1004,500),
	(4135,325,1308,600),
	(4136,325,1091,700),
	(4137,325,1297,800),
	(4138,325,1310,900),
	(4139,325,1311,1000),
	(4140,325,1312,1100),
	(4141,325,1313,1200),
	(4142,325,1314,1300),
	(4143,325,1315,1400),
	(4144,325,1316,1500),
	(4145,325,1317,1600),
	(4146,325,1318,1700),
	(4147,325,1319,1800),
	(4148,325,1320,1900),
	(4149,326,928,100),
	(4150,326,929,200),
	(4151,326,930,300),
	(4152,326,1015,400),
	(4153,326,1016,500),
	(4154,326,1017,600),
	(4155,326,1004,700),
	(4156,326,1308,800),
	(4157,326,1091,900),
	(4158,326,1321,1000),
	(4159,326,1322,1100),
	(4160,326,1323,1200),
	(4161,327,1100,100),
	(4162,327,1099,200),
	(4163,327,1098,300),
	(4164,327,1082,400),
	(4165,327,1095,500),
	(4166,327,1279,600),
	(4167,327,950,700),
	(4168,327,1133,800),
	(4169,328,994,100),
	(4170,328,934,200),
	(4171,328,933,300),
	(4172,328,1017,400),
	(4173,328,1004,500),
	(4174,328,1308,600),
	(4175,328,1091,700),
	(4176,328,1297,800),
	(4177,328,1324,900),
	(4178,328,1325,1000),
	(4179,328,1311,1100),
	(4180,328,1326,1200),
	(4181,328,1295,1300),
	(4182,329,1001,100),
	(4183,329,1002,200),
	(4184,329,1262,300),
	(4185,329,1109,400),
	(4186,329,1151,500),
	(4187,329,1152,600),
	(4188,329,1153,700),
	(4189,329,1074,800),
	(4190,329,1075,900),
	(4191,329,1080,1000),
	(4192,329,1079,1100),
	(4193,329,1227,1200),
	(4194,329,1228,1300),
	(4195,329,1270,1400),
	(4196,329,1269,1500),
	(4197,329,1268,1600),
	(4198,330,1001,100),
	(4199,330,1002,200),
	(4200,330,1262,300),
	(4201,330,1109,400),
	(4202,330,1151,500),
	(4203,330,1152,600),
	(4204,330,1073,700),
	(4205,330,1327,800),
	(4206,330,1085,900),
	(4207,330,1086,1000),
	(4208,330,1079,1100),
	(4209,330,1227,1200),
	(4210,330,1228,1300),
	(4211,331,1001,100),
	(4212,331,1002,200),
	(4213,331,1262,300),
	(4214,331,1109,400),
	(4215,331,1151,500),
	(4216,331,1152,600),
	(4217,331,1073,700),
	(4218,331,1327,800),
	(4219,331,1085,900),
	(4220,331,1086,1000),
	(4221,331,1079,1100),
	(4222,331,1227,1200),
	(4223,331,1228,1300),
	(4224,331,1249,1400),
	(4225,331,1252,1500),
	(4258,334,953,100),
	(4259,334,1047,200),
	(4260,334,1138,300),
	(4261,334,938,400),
	(4262,334,1115,500),
	(4263,334,1152,600),
	(4264,334,1153,700),
	(4265,334,1074,800),
	(4266,334,1075,900),
	(4267,334,1086,1000),
	(4268,334,1328,1100),
	(4269,334,1329,1200),
	(4270,334,1227,1300),
	(4271,334,1228,1400),
	(4272,335,1044,100),
	(4273,335,1045,200),
	(4274,335,1155,300),
	(4275,335,1154,400),
	(4276,335,1148,500),
	(4277,335,1147,600),
	(4278,335,1330,700),
	(4279,335,938,800),
	(4280,335,1129,900),
	(4281,335,1020,1000),
	(4282,335,953,1100),
	(4297,337,1230,100),
	(4298,337,1229,200),
	(4299,337,1228,300),
	(4300,337,1227,400),
	(4301,337,1079,500),
	(4302,337,1080,600),
	(4303,337,1075,700),
	(4304,337,1074,800),
	(4305,337,1153,900),
	(4306,337,1152,1000),
	(4307,337,1298,1100),
	(4308,337,1273,1200),
	(4309,337,952,1300),
	(4310,337,993,1400),
	(4311,337,954,1500),
	(4312,337,955,1600),
	(4313,337,959,1700),
	(4314,337,957,1800),
	(4315,338,953,100),
	(4316,338,1047,200),
	(4317,338,1138,300),
	(4318,338,938,400),
	(4319,338,1115,500),
	(4320,338,1152,600),
	(4321,338,1153,700),
	(4322,338,1074,800),
	(4323,338,1075,900),
	(4324,338,1086,1000),
	(4325,338,1328,1100),
	(4326,338,1329,1200),
	(4327,338,1227,1300),
	(4328,338,1228,1400),
	(4329,338,1270,1500),
	(4330,338,1331,1600),
	(4331,338,1332,1700),
	(4346,340,957,100),
	(4347,340,959,200),
	(4348,340,955,300),
	(4349,340,954,400),
	(4350,340,993,500),
	(4351,340,1020,600),
	(4352,340,1129,700),
	(4353,340,938,800),
	(4354,340,1298,900),
	(4355,340,1152,1000),
	(4356,340,1153,1100),
	(4357,340,1074,1200),
	(4358,340,1075,1300),
	(4359,340,1094,1400),
	(4360,341,957,100),
	(4361,341,959,200),
	(4362,341,955,300),
	(4363,341,954,400),
	(4364,341,953,500),
	(4365,341,1047,600),
	(4366,341,1138,700),
	(4367,341,938,800),
	(4368,341,1115,900),
	(4369,341,1152,1000),
	(4370,341,1153,1100),
	(4371,341,1074,1200),
	(4372,341,1075,1300),
	(4373,341,1086,1400),
	(4374,341,1328,1500),
	(4375,341,1329,1600),
	(4376,341,1227,1700),
	(4377,341,1228,1800),
	(4378,342,994,100),
	(4379,342,958,200),
	(4380,342,1101,300),
	(4381,342,1089,400),
	(4382,342,1299,500),
	(4383,342,1286,600),
	(4384,342,1099,700),
	(4385,342,1102,800),
	(4386,342,1103,900),
	(4387,343,994,100),
	(4388,343,958,200),
	(4389,343,1101,300),
	(4390,343,1089,400),
	(4391,343,1299,500),
	(4392,343,1286,600),
	(4393,343,1099,700),
	(4394,343,1102,800),
	(4395,343,1103,900),
	(4396,344,994,100),
	(4397,344,958,200),
	(4398,344,1095,300),
	(4399,344,1097,400),
	(4400,344,1299,500),
	(4401,344,1290,600),
	(4402,344,1099,700),
	(4403,344,1102,800),
	(4404,344,1103,900),
	(4405,344,1333,1000),
	(4406,345,994,100),
	(4407,345,958,200),
	(4408,345,1095,300),
	(4409,345,1082,400),
	(4410,345,1098,500),
	(4411,345,1099,600),
	(4412,345,1293,700),
	(4413,345,1241,800),
	(4414,345,1240,900),
	(4415,346,994,100),
	(4416,346,958,200),
	(4417,346,1101,300),
	(4418,346,1089,400),
	(4419,346,1299,500),
	(4420,346,1286,600),
	(4421,346,1099,700),
	(4422,346,1293,800),
	(4423,346,1241,900),
	(4424,346,1291,1000),
	(4425,346,1334,1100),
	(4426,347,994,100),
	(4427,347,958,200),
	(4428,347,1071,300),
	(4429,347,1082,400),
	(4430,347,1098,500),
	(4431,347,1099,600),
	(4432,347,1293,700),
	(4433,347,1292,800),
	(4434,347,1240,900),
	(4435,347,1239,1000),
	(4436,348,994,100),
	(4437,348,934,200),
	(4438,348,933,300),
	(4439,348,1017,400),
	(4440,348,1335,500),
	(4441,348,1336,600),
	(4442,348,1337,700),
	(4443,349,994,100),
	(4444,349,934,200),
	(4445,349,933,300),
	(4446,349,1017,400),
	(4447,349,1335,500),
	(4448,349,1336,600),
	(4449,349,1338,700),
	(4450,349,1339,800),
	(4451,350,994,100),
	(4452,350,934,200),
	(4453,350,933,300),
	(4454,350,1017,400),
	(4455,350,1015,500),
	(4456,350,1337,600),
	(4457,351,994,100),
	(4458,351,934,200),
	(4459,351,933,300),
	(4460,351,1017,400),
	(4461,351,1159,500),
	(4462,351,1015,600),
	(4463,351,930,700),
	(4464,351,1340,800),
	(4465,351,1341,900),
	(4466,351,1342,1000),
	(4467,351,1343,1100),
	(4468,352,994,100),
	(4469,352,934,200),
	(4470,352,933,300),
	(4471,352,1017,400),
	(4472,352,1280,500),
	(4473,352,1344,600),
	(4474,352,1345,700),
	(4475,352,1337,800),
	(4476,353,1002,100),
	(4477,353,1066,200),
	(4478,353,1065,300),
	(4479,353,934,400),
	(4480,353,933,500),
	(4481,353,932,600),
	(4482,353,1015,700),
	(4483,353,930,800),
	(4484,353,949,900),
	(4485,353,928,1000),
	(4486,353,998,1100),
	(4487,353,1280,1200),
	(4488,353,1281,1300),
	(4489,353,1282,1400),
	(4490,353,1283,1500),
	(4491,353,1284,1600),
	(4492,354,1001,100),
	(4493,354,1142,200),
	(4494,354,1133,300),
	(4495,354,1132,400),
	(4496,354,1020,500),
	(4497,354,1129,600),
	(4498,354,939,700),
	(4499,354,940,800),
	(4500,354,1222,900),
	(4501,354,942,1000),
	(4502,354,1346,1100),
	(4503,354,968,1200),
	(4504,354,967,1300),
	(4505,355,1001,100),
	(4506,355,1002,200),
	(4507,355,1347,300),
	(4508,355,952,400),
	(4509,355,1020,500),
	(4510,355,1129,600),
	(4511,355,939,700),
	(4512,355,940,800),
	(4513,355,960,900),
	(4514,355,961,1000),
	(4515,355,1038,1100),
	(4516,355,971,1200),
	(4517,355,983,1300),
	(4518,355,963,1400),
	(4519,355,984,1500),
	(4520,356,1133,100),
	(4521,356,1267,200),
	(4522,356,1019,300),
	(4523,356,1047,400),
	(4524,356,939,500),
	(4525,356,940,600),
	(4526,356,960,700),
	(4527,356,961,800),
	(4528,356,1038,900),
	(4529,356,971,1000),
	(4530,356,983,1100),
	(4531,356,963,1200),
	(4532,357,1012,100),
	(4533,357,940,200),
	(4534,357,1070,300),
	(4535,357,961,400),
	(4536,357,995,500),
	(4537,357,971,600),
	(4538,357,983,700),
	(4539,357,963,800),
	(4540,357,984,900),
	(4541,358,1001,100),
	(4542,358,1002,200),
	(4543,358,1133,300),
	(4544,358,952,400),
	(4545,358,1020,500),
	(4546,358,1129,600),
	(4547,358,939,700),
	(4548,358,940,800),
	(4549,358,1222,900),
	(4550,359,1222,100),
	(4551,359,1206,200),
	(4552,359,1180,300),
	(4553,359,1170,400),
	(4554,360,1001,100),
	(4555,360,1142,200),
	(4556,360,1347,300),
	(4557,360,952,400),
	(4558,360,1020,500),
	(4559,360,1129,600),
	(4560,360,939,700),
	(4561,360,940,800),
	(4562,360,1222,900),
	(4563,361,1001,100),
	(4564,361,1133,200),
	(4565,361,1267,300),
	(4566,361,1019,400),
	(4567,361,1047,500),
	(4568,361,939,600),
	(4569,361,940,700),
	(4570,361,960,800),
	(4571,361,961,900),
	(4572,361,1038,1000),
	(4573,362,1123,100),
	(4574,362,1004,200),
	(4575,362,1286,300),
	(4576,362,1098,400),
	(4577,362,1083,500),
	(4578,362,1084,600),
	(4579,362,931,700),
	(4580,362,1154,800),
	(4581,362,1155,900),
	(4582,362,1156,1000),
	(4583,363,1238,100),
	(4584,363,1348,200),
	(4585,363,931,300),
	(4586,363,1161,400),
	(4587,363,1162,500),
	(4588,363,1045,600),
	(4589,363,1044,700),
	(4590,364,1100,100),
	(4591,364,1099,200),
	(4592,364,1098,300),
	(4593,364,1083,400),
	(4594,364,1084,500),
	(4595,364,931,600),
	(4596,364,1154,700),
	(4597,364,1155,800),
	(4598,364,1156,900),
	(4599,365,1103,100),
	(4600,365,1102,200),
	(4601,365,1099,300),
	(4602,365,1098,400),
	(4603,365,1083,500),
	(4604,365,1084,600),
	(4605,365,931,700),
	(4606,365,1154,800),
	(4607,365,1155,900),
	(4608,365,1156,1000),
	(4609,366,1156,100),
	(4610,366,1155,200),
	(4611,366,1154,300),
	(4612,366,931,400),
	(4613,366,1084,500),
	(4614,366,1083,600),
	(4615,366,1098,700),
	(4616,366,1286,800),
	(4617,366,1091,900),
	(4618,366,1321,1000),
	(4619,366,1349,1100),
	(4620,366,1323,1200),
	(4621,367,1100,100),
	(4622,367,1099,200),
	(4623,367,1098,300),
	(4624,367,1083,400),
	(4625,367,1084,500),
	(4626,367,931,600),
	(4627,367,1154,700),
	(4628,367,1155,800),
	(4629,367,1156,900),
	(4649,370,1123,100),
	(4650,370,1004,200),
	(4651,370,1286,300),
	(4652,370,1098,400),
	(4653,370,1083,500),
	(4654,370,1084,600),
	(4655,370,931,700),
	(4656,370,1154,800),
	(4657,370,1155,900),
	(4658,370,1045,1000),
	(4659,370,1044,1100),
	(4660,371,1238,100),
	(4661,371,1348,200),
	(4662,371,931,300),
	(4663,371,1148,400),
	(4664,371,1147,500),
	(4665,371,1298,600),
	(4666,371,1113,700),
	(4667,371,1011,800),
	(4668,371,1012,900),
	(4669,371,940,1000),
	(4670,371,1027,1100),
	(4671,371,956,1200),
	(4672,371,959,1300),
	(4673,371,1037,1400),
	(4674,371,957,1500),
	(4675,372,957,100),
	(4676,372,1037,200),
	(4677,372,959,300),
	(4678,372,956,400),
	(4679,372,1027,500),
	(4680,372,940,600),
	(4681,372,1012,700),
	(4682,372,1011,800),
	(4683,372,1113,900),
	(4684,372,1115,1000),
	(4685,372,1152,1100),
	(4686,372,1073,1200),
	(4687,372,1348,1300),
	(4688,373,1012,100),
	(4689,373,1114,200),
	(4690,373,1113,300),
	(4691,373,1115,400),
	(4692,373,1152,500),
	(4693,373,1153,600),
	(4694,373,1160,700),
	(4695,373,1327,800),
	(4696,373,1085,900),
	(4697,373,1086,1000),
	(4698,373,1087,1100),
	(4699,374,957,100),
	(4700,374,959,200),
	(4701,374,956,300),
	(4702,374,1027,400),
	(4703,374,940,500),
	(4704,374,1012,600),
	(4705,374,1011,700),
	(4706,374,1113,800),
	(4707,374,1115,900),
	(4708,374,1147,1000),
	(4709,374,1148,1100),
	(4710,374,1074,1200),
	(4711,374,1086,1300),
	(4712,374,1079,1400),
	(4713,374,1227,1500),
	(4714,374,1228,1600),
	(4715,374,1270,1700),
	(4716,374,1269,1800),
	(4717,374,1268,1900),
	(4718,375,957,100),
	(4719,375,959,200),
	(4720,375,956,300),
	(4721,375,1027,400),
	(4722,375,940,500),
	(4723,375,1012,600),
	(4724,375,1011,700),
	(4725,375,1113,800),
	(4726,375,1115,900),
	(4727,375,1147,1000),
	(4728,375,1148,1100),
	(4729,375,1074,1200),
	(4730,375,1075,1300),
	(4731,375,1086,1400),
	(4732,375,1079,1500),
	(4733,375,1227,1600),
	(4734,375,1228,1700),
	(4735,375,1270,1800),
	(4736,375,1269,1900),
	(4737,375,1268,2000),
	(4738,376,957,100),
	(4739,376,959,200),
	(4740,376,956,300),
	(4741,376,1027,400),
	(4742,376,940,500),
	(4743,376,1012,600),
	(4744,376,1011,700),
	(4745,376,1113,800),
	(4746,376,1115,900),
	(4747,376,1147,1000),
	(4748,376,1148,1100),
	(4749,376,1074,1200),
	(4750,376,1086,1300),
	(4751,376,1079,1400),
	(4752,376,1227,1500),
	(4753,376,1228,1600),
	(4754,376,1270,1700),
	(4755,376,1269,1800),
	(4756,376,1268,1900),
	(4819,381,1017,100),
	(4820,381,950,200),
	(4821,381,1082,300),
	(4822,381,1083,400),
	(4823,381,1084,500),
	(4824,381,1085,600),
	(4825,381,1350,700),
	(4826,381,1075,800),
	(4827,381,1351,900),
	(4828,381,1156,1000),
	(4829,382,1017,100),
	(4830,382,950,200),
	(4831,382,1082,300),
	(4832,382,1083,400),
	(4833,382,1084,500),
	(4834,382,1085,600),
	(4835,382,1350,700),
	(4836,382,1075,800),
	(4837,382,1351,900),
	(4838,382,1156,1000),
	(4839,383,1100,100),
	(4840,383,1099,200),
	(4841,383,1286,300),
	(4842,383,1091,400),
	(4843,383,1297,500),
	(4844,383,1310,600),
	(4845,383,1311,700),
	(4846,383,1352,800),
	(4847,383,1353,900),
	(4848,383,1342,1000),
	(4849,383,1281,1100),
	(4850,383,1280,1200),
	(4851,383,998,1300),
	(4852,383,997,1400),
	(4853,383,985,1500),
	(4854,384,1310,100),
	(4855,384,1297,200),
	(4856,384,1091,300),
	(4857,384,1290,400),
	(4858,384,1098,500),
	(4859,384,1083,600),
	(4860,384,1084,700),
	(4861,384,1085,800),
	(4862,384,1086,900),
	(4863,384,1079,1000),
	(4864,384,1078,1100),
	(4865,385,1017,100),
	(4866,385,1089,200),
	(4867,385,1082,300),
	(4868,385,1083,400),
	(4869,385,1084,500),
	(4870,385,1238,600),
	(4871,386,1017,100),
	(4872,386,1089,200),
	(4873,386,1082,300),
	(4874,386,1083,400),
	(4875,386,1084,500),
	(4876,386,1238,600),
	(4877,387,1310,100),
	(4878,387,1297,200),
	(4879,387,1091,300),
	(4880,387,1286,400),
	(4881,387,1098,500),
	(4882,387,1083,600),
	(4883,387,1084,700),
	(4884,387,1085,800),
	(4885,387,1086,900),
	(4886,387,1079,1000),
	(4887,388,1237,100),
	(4888,388,1236,200),
	(4889,388,1121,300),
	(4890,388,1120,400),
	(4891,388,1119,500),
	(4892,388,1118,600),
	(4893,388,1023,700),
	(4894,388,1022,800),
	(4895,388,1025,900),
	(4896,388,1026,1000),
	(4897,388,1012,1100),
	(4909,390,1156,100),
	(4910,390,1046,200),
	(4911,390,940,300),
	(4912,390,939,400),
	(4913,390,1201,500),
	(4914,390,1222,600),
	(4915,390,1027,700),
	(4916,390,955,800),
	(4917,390,959,900),
	(4918,390,957,1000),
	(4919,390,974,1100),
	(4920,390,975,1200),
	(4921,390,976,1300),
	(4922,390,977,1400),
	(4923,390,978,1500),
	(4924,390,979,1600),
	(4925,390,980,1700),
	(4926,390,981,1800),
	(4927,390,982,1900),
	(4928,390,1212,2000),
	(4929,390,1213,2100),
	(4930,390,1214,2200),
	(4931,390,1215,2300),
	(4932,391,1247,100),
	(4933,391,1235,200),
	(4934,391,1236,300),
	(4935,391,1121,400),
	(4936,391,1120,500),
	(4937,391,1169,600),
	(4938,391,1180,700),
	(4939,391,1206,800),
	(4940,391,941,900),
	(4941,391,1027,1000),
	(4942,391,956,1100),
	(4943,391,959,1200),
	(4944,391,957,1300),
	(4945,392,1012,100),
	(4946,392,1026,200),
	(4947,392,1025,300),
	(4948,392,1022,400),
	(4949,392,1021,500),
	(4950,392,1118,600),
	(4951,392,1119,700),
	(4952,392,1120,800),
	(4953,392,1175,900),
	(4954,392,1176,1000),
	(4955,392,1177,1100),
	(4956,392,1236,1200),
	(4957,392,1237,1300),
	(4958,393,957,100),
	(4959,393,959,200),
	(4960,393,956,300),
	(4961,393,1027,400),
	(4962,393,941,500),
	(4963,393,1206,600),
	(4964,393,1180,700),
	(4965,393,1169,800),
	(4966,393,1120,900),
	(4967,393,1354,1000),
	(4968,393,1121,1100),
	(4979,395,994,100),
	(4980,395,958,200),
	(4981,395,1151,300),
	(4982,395,1152,400),
	(4983,395,1153,500),
	(4984,395,1154,600),
	(4985,395,1155,700),
	(4986,395,1163,800),
	(4987,395,1164,900),
	(4988,395,1234,1000),
	(4989,395,1235,1100),
	(4990,395,1247,1200),
	(4991,396,994,100),
	(4992,396,958,200),
	(4993,396,1151,300),
	(4994,396,1152,400),
	(4995,396,1153,500),
	(4996,396,1154,600),
	(4997,396,1155,700),
	(4998,396,1163,800),
	(4999,396,1164,900),
	(5000,396,1234,1000),
	(5001,396,1235,1100),
	(5002,396,1247,1200),
	(5003,396,1355,1300),
	(5004,397,1034,100),
	(5005,397,1033,200),
	(5006,397,1032,300),
	(5007,397,1031,400),
	(5008,397,1150,500),
	(5009,397,1356,600),
	(5010,397,1357,700),
	(5011,397,1050,800),
	(5012,397,1358,900),
	(5013,397,979,1000),
	(5014,397,978,1100),
	(5015,397,977,1200),
	(5016,397,976,1300),
	(5017,397,975,1400),
	(5018,397,974,1500),
	(5019,397,957,1600),
	(5020,397,959,1700),
	(5021,397,956,1800),
	(5022,398,940,100),
	(5023,398,960,200),
	(5024,398,961,300),
	(5025,398,1038,400),
	(5026,398,963,500),
	(5027,398,964,600),
	(5028,398,965,700),
	(5029,398,1006,800),
	(5030,398,1007,900),
	(5031,398,1008,1000),
	(5032,398,1009,1100),
	(5033,398,1010,1200),
	(5034,398,1359,1300),
	(5035,399,1034,100),
	(5036,399,1033,200),
	(5037,399,1360,300),
	(5038,399,1361,400),
	(5039,399,1362,500),
	(5040,399,1363,600),
	(5041,400,1012,100),
	(5042,400,940,200),
	(5043,400,960,300),
	(5044,400,961,400),
	(5045,400,995,500),
	(5046,400,963,600),
	(5047,400,964,700),
	(5048,400,965,800),
	(5049,400,1356,900),
	(5050,400,1357,1000),
	(5051,400,1050,1100),
	(5052,400,1364,1200),
	(5053,401,1034,100),
	(5054,401,1033,200),
	(5055,401,1032,300),
	(5056,401,1031,400),
	(5057,401,1030,500),
	(5058,401,1356,600),
	(5059,401,1357,700),
	(5060,401,1050,800),
	(5061,401,1049,900),
	(5062,401,1048,1000),
	(5063,401,1041,1100),
	(5064,401,1040,1200),
	(5065,401,1149,1300),
	(5066,401,957,1400),
	(5081,403,940,100),
	(5082,403,1070,200),
	(5083,403,1104,300),
	(5084,403,1202,400),
	(5085,403,969,500),
	(5086,403,963,600),
	(5087,403,984,700),
	(5088,403,1126,800),
	(5089,403,1278,900),
	(5090,403,1031,1000),
	(5091,403,1032,1100),
	(5092,403,1033,1200),
	(5093,403,1034,1300),
	(5094,404,1014,100),
	(5095,404,958,200),
	(5096,404,950,300),
	(5097,404,937,400),
	(5098,404,938,500),
	(5099,404,939,600),
	(5100,404,940,700),
	(5101,404,1070,800),
	(5102,404,934,900),
	(5103,404,1104,1000),
	(5104,404,1365,1100),
	(5105,404,1160,1200),
	(5106,404,1366,1300),
	(5107,404,983,1400),
	(5108,404,963,1500),
	(5109,404,996,1600),
	(5110,405,994,100),
	(5111,405,935,200),
	(5112,405,936,300),
	(5113,405,937,400),
	(5114,405,938,500),
	(5115,405,939,600),
	(5116,405,940,700),
	(5117,405,960,800),
	(5118,405,961,900),
	(5119,405,1038,1000),
	(5120,405,963,1100),
	(5121,405,964,1200),
	(5122,405,965,1300),
	(5123,405,1030,1400),
	(5124,405,1367,1500),
	(5125,405,1368,1600),
	(5126,405,1369,1700),
	(5127,405,1370,1800),
	(5128,405,1361,1900),
	(5129,405,1360,2000),
	(5130,405,1033,2100),
	(5131,405,948,2200),
	(5132,406,994,100),
	(5133,406,1065,200),
	(5134,406,1066,300),
	(5135,406,1063,400),
	(5136,406,952,500),
	(5137,406,953,600),
	(5138,406,954,700),
	(5139,406,956,800),
	(5140,406,959,900),
	(5141,406,1039,1000),
	(5142,406,972,1100),
	(5143,406,1038,1200),
	(5144,406,963,1300),
	(5145,406,964,1400),
	(5146,406,965,1500),
	(5147,406,1150,1600),
	(5148,406,1031,1700),
	(5149,406,1032,1800),
	(5150,406,1033,1900),
	(5151,406,1371,2000),
	(5152,406,1372,2100),
	(5153,406,1373,2200),
	(5154,406,1374,2300),
	(5155,407,1014,100),
	(5156,407,958,200),
	(5157,407,936,300),
	(5158,407,937,400),
	(5159,407,938,500),
	(5160,407,939,600),
	(5161,407,940,700),
	(5162,407,960,800),
	(5163,407,961,900),
	(5164,407,1038,1000),
	(5165,407,963,1100),
	(5166,407,964,1200),
	(5167,407,965,1300),
	(5168,407,1145,1400),
	(5169,408,1012,100),
	(5170,408,940,200),
	(5171,408,941,300),
	(5172,408,942,400),
	(5173,408,1144,500),
	(5174,408,969,600),
	(5175,408,963,700),
	(5176,408,984,800),
	(5177,408,1126,900),
	(5178,408,1150,1000),
	(5179,408,1031,1100),
	(5180,408,1032,1200),
	(5181,408,1033,1300),
	(5182,408,1034,1400),
	(5183,409,994,100),
	(5184,409,935,200),
	(5185,409,936,300),
	(5186,409,937,400),
	(5187,409,938,500),
	(5188,409,939,600),
	(5189,409,940,700),
	(5190,409,960,800),
	(5191,409,961,900),
	(5192,409,995,1000),
	(5193,409,963,1100),
	(5194,409,964,1200),
	(5195,409,965,1300),
	(5196,409,1150,1400),
	(5197,409,1031,1500),
	(5198,409,1032,1600),
	(5199,409,1033,1700),
	(5200,409,948,1800),
	(5219,411,1012,100),
	(5220,411,940,200),
	(5221,411,960,300),
	(5222,411,961,400),
	(5223,411,995,500),
	(5224,411,971,600),
	(5225,411,983,700),
	(5226,411,970,800),
	(5227,411,1375,900),
	(5228,412,1012,100),
	(5229,412,940,200),
	(5230,412,960,300),
	(5231,412,961,400),
	(5232,412,995,500),
	(5233,412,963,600),
	(5234,412,1376,700),
	(5235,412,1377,800),
	(5236,412,1378,900),
	(5237,413,940,100),
	(5238,413,960,200),
	(5239,413,961,300),
	(5240,413,1038,400),
	(5241,413,971,500),
	(5242,413,996,600),
	(5243,414,1014,100),
	(5244,414,1065,200),
	(5245,414,1066,300),
	(5246,414,1063,400),
	(5247,414,952,500),
	(5248,414,953,600),
	(5249,414,954,700),
	(5250,414,955,800),
	(5251,414,959,900),
	(5252,414,1039,1000),
	(5253,414,972,1100),
	(5254,414,1038,1200),
	(5255,414,963,1300),
	(5256,414,964,1400),
	(5257,414,965,1500),
	(5258,414,1150,1600),
	(5259,414,1031,1700),
	(5260,414,1032,1800),
	(5261,414,1033,1900),
	(5262,414,948,2000),
	(5281,416,940,100),
	(5282,416,960,200),
	(5283,416,961,300),
	(5284,416,1038,400),
	(5285,416,963,500),
	(5286,416,964,600),
	(5287,416,965,700),
	(5288,416,1006,800),
	(5289,416,1007,900),
	(5290,416,1008,1000),
	(5291,416,1009,1100),
	(5292,416,1010,1200),
	(5293,416,1359,1300),
	(5294,416,1217,1400),
	(5295,416,1218,1500),
	(5296,416,1219,1600),
	(5297,416,1220,1700),
	(5298,416,1221,1800),
	(5299,416,1057,1900),
	(5332,419,1014,100),
	(5333,419,958,200),
	(5334,419,936,300),
	(5335,419,937,400),
	(5336,419,938,500),
	(5337,419,939,600),
	(5338,419,940,700),
	(5339,419,960,800),
	(5340,419,961,900),
	(5341,419,995,1000),
	(5342,419,963,1100),
	(5343,419,964,1200),
	(5344,419,965,1300),
	(5345,419,1006,1400),
	(5346,419,1007,1500),
	(5347,419,1008,1600),
	(5348,419,1009,1700),
	(5349,419,1010,1800),
	(5364,421,1156,100),
	(5365,421,1046,200),
	(5366,421,1379,300),
	(5367,421,1035,400),
	(5368,421,1201,500),
	(5369,421,941,600),
	(5370,421,1013,700),
	(5371,421,960,800),
	(5372,421,961,900),
	(5373,421,995,1000),
	(5374,421,963,1100),
	(5375,421,964,1200),
	(5376,421,965,1300),
	(5377,421,1150,1400),
	(5378,421,1031,1500),
	(5379,421,1032,1600),
	(5380,421,1033,1700),
	(5381,421,1034,1800),
	(5416,424,1012,100),
	(5417,424,940,200),
	(5418,424,941,300),
	(5419,424,942,400),
	(5420,424,1115,500),
	(5421,424,969,600),
	(5422,424,963,700),
	(5423,424,984,800),
	(5424,424,1126,900),
	(5425,424,1150,1000),
	(5426,424,1031,1100),
	(5427,424,1032,1200),
	(5428,424,1033,1300),
	(5429,424,1034,1400),
	(5444,426,1014,100),
	(5445,426,958,200),
	(5446,426,950,300),
	(5447,426,937,400),
	(5448,426,938,500),
	(5449,426,939,600),
	(5450,426,940,700),
	(5451,426,941,800),
	(5452,426,942,900),
	(5453,426,1144,1000),
	(5454,426,969,1100),
	(5455,426,963,1200),
	(5456,426,984,1300),
	(5457,426,1126,1400),
	(5458,426,1150,1500),
	(5459,426,1031,1600),
	(5460,426,1032,1700),
	(5461,426,1033,1800),
	(5462,426,1034,1900),
	(5463,427,1014,100),
	(5464,427,958,200),
	(5465,427,950,300),
	(5466,427,937,400),
	(5467,427,938,500),
	(5468,427,939,600),
	(5469,427,940,700),
	(5470,427,1070,800),
	(5471,427,1104,900),
	(5472,427,1105,1000),
	(5473,427,1160,1100),
	(5474,427,1366,1200),
	(5475,428,1012,100),
	(5476,428,940,200),
	(5477,428,960,300),
	(5478,428,961,400),
	(5479,428,995,500),
	(5480,428,963,600),
	(5481,428,964,700),
	(5482,428,965,800),
	(5483,428,1356,900),
	(5484,428,1357,1000),
	(5485,428,1380,1100),
	(5486,428,1381,1200),
	(5487,428,1009,1300),
	(5488,429,948,100),
	(5489,429,1033,200),
	(5490,429,1032,300),
	(5491,429,1239,400),
	(5492,429,1370,500),
	(5493,429,1369,600),
	(5494,429,1368,700),
	(5495,430,940,100),
	(5496,430,960,200),
	(5497,430,961,300),
	(5498,430,1038,400),
	(5499,430,963,500),
	(5500,430,964,600),
	(5501,430,965,700),
	(5502,430,1150,800),
	(5503,430,1031,900),
	(5504,430,1032,1000),
	(5505,430,1033,1100),
	(5506,430,1034,1200),
	(5521,432,1012,100),
	(5522,432,940,200),
	(5523,432,1070,300),
	(5524,432,1104,400),
	(5525,432,1202,500),
	(5526,432,969,600),
	(5527,432,963,700),
	(5528,432,996,800),
	(5543,434,1034,100),
	(5544,434,1033,200),
	(5545,434,1360,300),
	(5546,434,1361,400),
	(5547,434,1362,500),
	(5548,434,1363,600),
	(5549,434,1383,700),
	(5550,434,1384,800),
	(5551,434,1385,900),
	(5552,435,1034,100),
	(5553,435,1033,200),
	(5554,435,1360,300),
	(5555,435,1361,400),
	(5556,435,1362,500),
	(5557,435,1363,600),
	(5558,435,1383,700),
	(5559,435,1384,800),
	(5576,437,994,100),
	(5577,437,1065,200),
	(5578,437,1008,300),
	(5579,437,1063,400),
	(5580,437,1064,500),
	(5581,437,954,600),
	(5582,437,956,700),
	(5583,437,1027,800),
	(5584,437,960,900),
	(5585,437,961,1000),
	(5586,437,1038,1100),
	(5587,437,963,1200),
	(5588,437,964,1300),
	(5589,437,965,1400),
	(5590,437,1030,1500),
	(5591,437,1031,1600),
	(5592,437,1032,1700),
	(5593,437,1033,1800),
	(5594,437,948,1900),
	(5613,439,1034,100),
	(5614,439,1033,200),
	(5615,439,1360,300),
	(5616,439,1361,400),
	(5617,439,1370,500),
	(5618,439,1388,600),
	(5619,439,1007,700),
	(5620,439,1008,800),
	(5621,439,1009,900),
	(5622,439,1010,1000),
	(5623,439,1359,1100),
	(5624,439,1216,1200),
	(5625,439,1053,1300),
	(5626,440,994,100),
	(5627,440,935,200),
	(5628,440,936,300),
	(5629,440,937,400),
	(5630,440,938,500),
	(5631,440,939,600),
	(5632,440,940,700),
	(5633,440,941,800),
	(5634,440,942,900),
	(5635,440,943,1000),
	(5636,440,944,1100),
	(5637,440,945,1200),
	(5638,440,1389,1300),
	(5639,440,1390,1400),
	(5640,441,945,100),
	(5641,441,1391,200),
	(5642,441,1392,300),
	(5643,442,1014,100),
	(5644,442,935,200),
	(5645,442,936,300),
	(5646,442,937,400),
	(5647,442,938,500),
	(5648,442,939,600),
	(5649,442,940,700),
	(5650,442,941,800),
	(5651,442,942,900),
	(5652,442,1181,1000),
	(5653,442,969,1100),
	(5654,442,968,1200),
	(5655,442,967,1300),
	(5656,442,1375,1400),
	(5657,443,1014,100),
	(5658,443,958,200),
	(5659,443,950,300),
	(5660,443,937,400),
	(5661,443,938,500),
	(5662,443,939,600),
	(5663,443,940,700),
	(5664,443,941,800),
	(5665,443,1393,900),
	(5666,443,942,1000),
	(5667,443,1394,1100),
	(5668,443,968,1200),
	(5669,443,967,1300),
	(5670,444,1014,100),
	(5671,444,958,200),
	(5672,444,936,300),
	(5673,444,937,400),
	(5674,444,938,500),
	(5675,444,939,600),
	(5676,444,940,700),
	(5677,444,1070,800),
	(5678,444,1104,900),
	(5679,444,942,1000),
	(5680,444,969,1100),
	(5681,444,968,1200),
	(5682,444,967,1300),
	(5683,444,963,1400),
	(5684,444,984,1500),
	(5685,445,1392,100),
	(5686,445,1391,200),
	(5687,445,945,300),
	(5688,445,946,400),
	(5689,445,947,500),
	(5690,445,948,600),
	(5691,445,1209,700),
	(5692,445,1210,800),
	(5693,445,1211,900),
	(5694,445,1395,1000),
	(5695,445,1396,1100),
	(5696,445,1397,1200),
	(5697,446,994,100),
	(5698,446,935,200),
	(5699,446,936,300),
	(5700,446,937,400),
	(5701,446,938,500),
	(5702,446,939,600),
	(5703,446,940,700),
	(5704,446,941,800),
	(5705,446,942,900),
	(5706,446,943,1000),
	(5707,446,944,1100),
	(5708,446,945,1200),
	(5709,446,1391,1300),
	(5710,446,1392,1400),
	(5711,447,1014,100),
	(5712,447,935,200),
	(5713,447,936,300),
	(5714,447,937,400),
	(5715,447,938,500),
	(5716,447,939,600),
	(5717,447,940,700),
	(5718,447,941,800),
	(5719,447,942,900),
	(5720,447,943,1000),
	(5721,447,944,1100),
	(5722,447,945,1200),
	(5723,447,946,1300),
	(5724,447,1373,1400),
	(5725,447,1374,1500),
	(5726,448,945,100),
	(5727,448,946,200),
	(5728,448,1189,300),
	(5729,448,1188,400),
	(5730,449,994,100),
	(5731,449,958,200),
	(5732,449,950,300),
	(5733,449,937,400),
	(5734,449,938,500),
	(5735,449,939,600),
	(5736,449,940,700),
	(5737,449,1013,800),
	(5738,449,941,900),
	(5739,449,942,1000),
	(5740,449,943,1100),
	(5741,449,944,1200),
	(5742,449,945,1300),
	(5743,449,946,1400),
	(5744,449,1189,1500),
	(5745,449,1188,1600),
	(5746,450,1392,100),
	(5747,450,1391,200),
	(5748,450,945,300),
	(5749,450,946,400),
	(5750,450,947,500),
	(5751,450,948,600),
	(5752,450,1190,700),
	(5753,450,1191,800),
	(5754,450,1192,900),
	(5755,450,1193,1000),
	(5756,450,1194,1100),
	(5757,450,1195,1200),
	(5758,450,1196,1300),
	(5759,451,1156,100),
	(5760,451,1045,200),
	(5761,451,1044,300),
	(5762,451,1163,400),
	(5763,451,1164,500),
	(5764,451,1234,600),
	(5765,451,1235,700),
	(5766,451,1247,800),
	(5767,451,1398,900),
	(5768,451,1399,1000),
	(5769,451,1400,1100),
	(5770,451,1401,1200),
	(5771,451,1402,1300),
	(5772,451,1403,1400),
	(5773,452,1156,100),
	(5774,452,1351,200),
	(5775,452,1163,300),
	(5776,452,1164,400),
	(5777,452,1234,500),
	(5778,452,1235,600),
	(5779,452,1236,700),
	(5780,452,1237,800),
	(5781,452,1404,900),
	(5782,452,1405,1000),
	(5783,453,1044,100),
	(5784,453,1163,200),
	(5785,453,1164,300),
	(5786,453,1234,400),
	(5787,453,1235,500),
	(5788,453,1236,600),
	(5789,453,1237,700),
	(5790,453,1404,800),
	(5791,453,1406,900),
	(5792,453,1407,1000),
	(5793,453,1408,1100),
	(5794,453,1409,1200),
	(5795,454,994,100),
	(5796,454,958,200),
	(5797,454,1151,300),
	(5798,454,1152,400),
	(5799,454,1153,500),
	(5800,454,1154,600),
	(5801,454,1155,700),
	(5802,454,1163,800),
	(5803,454,1164,900),
	(5804,454,1234,1000),
	(5805,454,1235,1100),
	(5806,454,1236,1200),
	(5807,454,1237,1300),
	(5808,455,994,100),
	(5809,455,958,200),
	(5810,455,1151,300),
	(5811,455,1152,400),
	(5812,455,1153,500),
	(5813,455,1154,600),
	(5814,455,1155,700),
	(5815,455,1163,800),
	(5816,455,1164,900),
	(5817,455,1234,1000),
	(5818,455,1235,1100),
	(5819,455,1236,1200),
	(5820,455,1177,1300),
	(5821,455,1410,1400),
	(5822,456,994,100),
	(5823,456,958,200),
	(5824,456,1151,300),
	(5825,456,1152,400),
	(5826,456,1153,500),
	(5827,456,1154,600),
	(5828,456,1155,700),
	(5829,456,1163,800),
	(5830,456,1164,900),
	(5831,456,1234,1000),
	(5832,456,1235,1100),
	(5833,456,1236,1200),
	(5834,456,1177,1300),
	(5835,457,994,100),
	(5836,457,958,200),
	(5837,457,1151,300),
	(5838,457,1152,400),
	(5839,457,1153,500),
	(5840,457,1154,600),
	(5841,457,1155,700),
	(5842,457,1163,800),
	(5843,457,1164,900),
	(5844,457,1234,1000),
	(5845,457,1235,1100),
	(5846,457,1236,1200),
	(5847,457,1177,1300),
	(5848,458,994,100),
	(5849,458,958,200),
	(5850,458,1151,300),
	(5851,458,1152,400),
	(5852,458,1153,500),
	(5853,458,1154,600),
	(5854,458,1155,700),
	(5855,458,1163,800),
	(5856,458,1164,900),
	(5857,458,1234,1000),
	(5858,458,1235,1100),
	(5859,458,1236,1200),
	(5860,458,1237,1300),
	(5861,459,1014,100),
	(5862,459,935,200),
	(5863,459,936,300),
	(5864,459,937,400),
	(5865,459,938,500),
	(5866,459,939,600),
	(5867,459,940,700),
	(5868,459,941,800),
	(5869,459,1206,900),
	(5870,459,1180,1000),
	(5871,459,1170,1100),
	(5872,459,1120,1200),
	(5873,459,1121,1300),
	(5874,459,1236,1400),
	(5875,459,1237,1500),
	(5876,460,1237,100),
	(5877,460,1404,200),
	(5878,460,1411,300),
	(5879,460,1412,400),
	(5880,460,1413,500),
	(5881,460,1414,600),
	(5882,460,1415,700),
	(5883,460,1416,800),
	(5884,460,1417,900),
	(5885,460,1418,1000),
	(5886,461,940,100),
	(5887,461,941,200),
	(5888,461,1206,300),
	(5889,461,1180,400),
	(5890,461,1419,500),
	(5891,461,1420,600),
	(5892,461,1421,700),
	(5893,461,1258,800),
	(5894,461,1175,900),
	(5895,461,1120,1000),
	(5896,462,1237,100),
	(5897,462,1422,200),
	(5898,462,1423,300),
	(5899,462,1165,400),
	(5900,462,1424,500),
	(5901,462,1403,600),
	(5902,463,940,100),
	(5903,463,941,200),
	(5904,463,1206,300),
	(5905,463,1180,400),
	(5906,463,1170,500),
	(5907,463,1120,600),
	(5908,463,1121,700),
	(5909,463,1236,800),
	(5910,463,1237,900),
	(5911,463,1404,1000),
	(5912,463,1405,1100),
	(5913,464,1012,100),
	(5914,464,940,200),
	(5915,464,941,300),
	(5916,464,1206,400),
	(5917,464,1180,500),
	(5918,464,1169,600),
	(5919,464,1120,700),
	(5920,464,1175,800),
	(5921,464,1176,900),
	(5922,464,1177,1000),
	(5923,464,1236,1100),
	(5924,464,1237,1200),
	(5925,465,1237,100),
	(5926,465,1404,200),
	(5927,465,1411,300),
	(5928,465,1412,400),
	(5929,465,1413,500),
	(5930,465,1414,600),
	(5931,465,1425,700),
	(5932,465,1426,800),
	(5933,465,1427,900),
	(5934,465,1428,1000),
	(5935,465,1429,1100),
	(5936,466,953,100),
	(5937,466,954,200),
	(5938,466,956,300),
	(5939,466,1027,400),
	(5940,466,941,500),
	(5941,466,1206,600),
	(5942,466,1180,700),
	(5943,466,1257,800),
	(5944,466,1120,900),
	(5945,466,1121,1000),
	(5946,466,1236,1100),
	(5947,466,1237,1200),
	(5978,469,1014,100),
	(5979,469,958,200),
	(5980,469,950,300),
	(5981,469,937,400),
	(5982,469,938,500),
	(5983,469,939,600),
	(5984,469,940,700),
	(5985,469,941,800),
	(5986,469,1206,900),
	(5987,469,1180,1000),
	(5988,469,1170,1100),
	(5989,469,1120,1200),
	(5990,469,1175,1300),
	(5991,469,1176,1400),
	(5992,469,1177,1500),
	(6008,471,1044,100),
	(6009,471,1045,200),
	(6010,471,1046,300),
	(6011,471,1021,400),
	(6012,471,1118,500),
	(6013,471,1178,600),
	(6014,471,1179,700),
	(6015,471,1180,800),
	(6016,471,1169,900),
	(6017,471,1257,1000),
	(6018,471,1431,1100),
	(6019,471,1175,1200),
	(6020,472,1012,100),
	(6021,472,940,200),
	(6022,472,1222,300),
	(6023,472,1206,400),
	(6024,472,1180,500),
	(6025,472,1170,600),
	(6026,472,1120,700),
	(6027,472,1121,800),
	(6028,472,1236,900),
	(6029,472,1237,1000),
	(6030,472,1404,1100),
	(6031,472,1411,1200),
	(6032,472,1412,1300),
	(6033,473,1014,100),
	(6034,473,935,200),
	(6035,473,936,300),
	(6036,473,937,400),
	(6037,473,938,500),
	(6038,473,939,600),
	(6039,473,940,700),
	(6040,473,941,800),
	(6041,473,1206,900),
	(6042,473,1180,1000),
	(6043,473,1170,1100),
	(6044,473,1120,1200),
	(6045,473,1121,1300),
	(6046,473,1236,1400),
	(6047,473,1237,1500),
	(6048,473,1404,1600),
	(6049,473,1411,1700),
	(6050,473,1412,1800),
	(6051,473,1432,1900),
	(6052,474,940,100),
	(6053,474,941,200),
	(6054,474,1206,300),
	(6055,474,1180,400),
	(6056,474,1170,500),
	(6057,474,1120,600),
	(6058,474,1121,700),
	(6059,474,1236,800),
	(6060,474,1237,900),
	(6061,475,1014,100),
	(6062,475,935,200),
	(6063,475,936,300),
	(6064,475,937,400),
	(6065,475,938,500),
	(6066,475,939,600),
	(6067,475,940,700),
	(6068,475,941,800),
	(6069,475,1206,900),
	(6070,475,1180,1000),
	(6071,475,1170,1100),
	(6072,475,1120,1200),
	(6073,475,1121,1300),
	(6074,475,1236,1400),
	(6075,475,1237,1500),
	(6076,475,1404,1600),
	(6077,475,1411,1700),
	(6078,475,1412,1800),
	(6121,479,1061,100),
	(6122,479,993,200),
	(6123,479,954,300),
	(6124,479,956,400),
	(6125,479,1027,500),
	(6126,479,941,600),
	(6127,479,1227,700),
	(6128,479,1180,800),
	(6129,479,1257,900),
	(6130,479,1120,1000),
	(6131,479,1121,1100),
	(6132,479,1236,1200),
	(6133,479,1237,1300),
	(6134,479,1404,1400),
	(6135,479,1433,1500),
	(6136,480,1014,100),
	(6137,480,935,200),
	(6138,480,936,300),
	(6139,480,937,400),
	(6140,480,938,500),
	(6141,480,939,600),
	(6142,480,940,700),
	(6143,480,941,800),
	(6144,480,1206,900),
	(6145,480,1180,1000),
	(6146,480,1257,1100),
	(6147,480,1120,1200),
	(6148,480,1121,1300),
	(6149,480,1236,1400),
	(6150,480,1237,1500),
	(6151,480,1404,1600),
	(6152,480,1406,1700),
	(6153,481,1012,100),
	(6154,481,940,200),
	(6155,481,941,300),
	(6156,481,1206,400),
	(6157,481,1180,500),
	(6158,481,1257,600),
	(6159,481,1120,700),
	(6160,481,1121,800),
	(6161,481,1236,900),
	(6162,481,1237,1000),
	(6163,481,1404,1100),
	(6164,481,1406,1200),
	(6165,482,1014,100),
	(6166,482,935,200),
	(6167,482,936,300),
	(6168,482,937,400),
	(6169,482,938,500),
	(6170,482,939,600),
	(6171,482,940,700),
	(6172,482,941,800),
	(6173,482,1206,900),
	(6174,482,1180,1000),
	(6175,482,1257,1100),
	(6176,482,1120,1200),
	(6177,482,1121,1300),
	(6178,482,1236,1400),
	(6179,482,1237,1500),
	(6180,482,1404,1600),
	(6181,482,1411,1700),
	(6182,482,1412,1800),
	(6183,482,1413,1900),
	(6184,482,1434,2000),
	(6185,483,948,100),
	(6186,483,1209,200),
	(6187,483,1210,300),
	(6188,483,1211,400),
	(6189,483,1395,500),
	(6190,483,1435,600),
	(6191,484,948,100),
	(6192,484,1190,200),
	(6193,484,1191,300),
	(6194,484,1436,400),
	(6195,484,1437,500),
	(6196,484,1438,600),
	(6197,484,1439,700),
	(6198,484,1440,800),
	(6199,484,1441,900),
	(6200,484,1442,1000),
	(6201,484,1443,1100),
	(6202,485,948,100),
	(6203,485,1190,200),
	(6204,485,1191,300),
	(6205,485,1436,400),
	(6206,485,1437,500),
	(6207,485,1438,600),
	(6208,485,1439,700),
	(6209,485,1440,800),
	(6210,485,1444,900),
	(6211,486,948,100),
	(6212,486,1209,200),
	(6213,486,1210,300),
	(6214,486,1211,400),
	(6215,486,1395,500),
	(6216,487,1445,100),
	(6217,487,948,200),
	(6218,487,1190,300),
	(6219,487,1191,400),
	(6220,487,1192,500),
	(6221,487,1446,600),
	(6222,487,1447,700),
	(6223,487,1448,800),
	(6224,487,1440,900),
	(6225,487,1441,1000),
	(6226,487,1449,1100),
	(6227,487,1450,1200),
	(6228,488,994,100),
	(6229,488,935,200),
	(6230,488,936,300),
	(6231,488,937,400),
	(6232,488,938,500),
	(6233,488,939,600),
	(6234,488,940,700),
	(6235,488,941,800),
	(6236,488,942,900),
	(6237,488,943,1000),
	(6238,488,944,1100),
	(6239,488,945,1200),
	(6240,488,1451,1300),
	(6241,488,1452,1400),
	(6242,488,1453,1500),
	(6243,488,1454,1600),
	(6244,488,1183,1700),
	(6245,489,948,100),
	(6246,489,1182,200),
	(6247,489,1181,300),
	(6248,489,1455,400),
	(6249,489,1181,500),
	(6250,489,1183,600),
	(6251,490,994,100),
	(6252,490,934,200),
	(6253,490,933,300),
	(6254,490,932,400),
	(6255,490,931,500),
	(6256,490,992,600),
	(6257,490,991,700),
	(6258,490,990,800),
	(6259,490,989,900),
	(6260,490,988,1000),
	(6261,490,987,1100),
	(6262,490,986,1200),
	(6263,490,985,1300),
	(6264,491,985,100),
	(6265,491,997,200),
	(6266,491,998,300),
	(6267,491,928,400),
	(6268,491,949,500),
	(6269,491,930,600),
	(6270,491,1015,700),
	(6271,491,932,800),
	(6272,491,933,900),
	(6273,491,934,1000),
	(6274,491,958,1100),
	(6275,491,1151,1200),
	(6276,491,1152,1300),
	(6277,491,1153,1400),
	(6278,491,1154,1500),
	(6279,491,1155,1600),
	(6280,491,1045,1700),
	(6281,491,1044,1800),
	(6282,492,994,100),
	(6283,492,934,200),
	(6284,492,933,300),
	(6285,492,1017,400),
	(6286,492,1016,500),
	(6287,492,1015,600),
	(6288,492,930,700),
	(6289,492,929,800),
	(6290,492,928,900),
	(6291,492,998,1000),
	(6292,492,1280,1100),
	(6293,492,1456,1200),
	(6294,493,1014,100),
	(6295,493,1302,200),
	(6296,493,1457,300),
	(6297,493,932,400),
	(6298,493,1015,500),
	(6299,493,930,600),
	(6300,493,949,700),
	(6301,493,928,800),
	(6302,493,1141,900),
	(6303,494,994,100),
	(6304,494,934,200),
	(6305,494,933,300),
	(6306,494,1017,400),
	(6307,494,1016,500),
	(6308,494,1015,600),
	(6309,494,930,700),
	(6310,494,949,800),
	(6311,494,928,900),
	(6312,494,998,1000),
	(6313,494,1280,1100),
	(6314,494,1281,1200),
	(6315,494,1282,1300),
	(6316,494,1283,1400),
	(6317,494,1458,1500),
	(6318,494,1459,1600),
	(6319,494,1460,1700),
	(6320,494,1461,1800),
	(6321,494,1462,1900),
	(6322,495,994,100),
	(6323,495,934,200),
	(6324,495,933,300),
	(6325,495,932,400),
	(6326,495,1015,500),
	(6327,495,930,600),
	(6328,495,1340,700),
	(6329,495,1341,800),
	(6330,495,1342,900),
	(6331,495,1343,1000),
	(6332,496,1062,100),
	(6333,496,930,200),
	(6334,496,929,300),
	(6335,496,928,400),
	(6336,496,998,500),
	(6337,496,1280,600),
	(6338,496,1281,700),
	(6339,496,1282,800),
	(6340,496,1463,900),
	(6341,496,1464,1000),
	(6342,496,1314,1100),
	(6343,496,1465,1200),
	(6344,496,1312,1300),
	(6345,496,1466,1400),
	(6346,496,1467,1500),
	(6347,497,1324,100),
	(6348,497,1297,200),
	(6349,497,1296,300),
	(6350,497,1353,400),
	(6351,497,1342,500),
	(6352,497,1281,600),
	(6353,497,1280,700),
	(6354,497,998,800),
	(6355,497,928,900),
	(6356,497,929,1000),
	(6357,497,930,1100),
	(6358,497,1015,1200),
	(6359,497,1016,1300),
	(6360,497,1017,1400),
	(6376,499,1156,100),
	(6377,499,1155,200),
	(6378,499,1154,300),
	(6379,499,1153,400),
	(6380,499,1152,500),
	(6381,499,1151,600),
	(6382,499,958,700),
	(6383,499,934,800),
	(6384,499,933,900),
	(6385,499,932,1000),
	(6386,499,1015,1100),
	(6387,499,930,1200),
	(6388,499,1468,1300),
	(6389,500,1062,100),
	(6390,500,930,200),
	(6391,500,929,300),
	(6392,500,928,400),
	(6393,500,998,500),
	(6394,500,1280,600),
	(6395,500,1281,700),
	(6396,500,1282,800),
	(6397,500,1283,900),
	(6398,500,1458,1000),
	(6399,500,1459,1100),
	(6400,500,1460,1200),
	(6401,500,1461,1300),
	(6402,500,1462,1400),
	(6403,501,994,100),
	(6404,501,934,200),
	(6405,501,933,300),
	(6406,501,932,400),
	(6407,501,1015,500),
	(6408,501,930,600),
	(6409,501,1340,700),
	(6410,501,1341,800),
	(6411,501,1342,900),
	(6412,501,1343,1000),
	(6413,502,994,100),
	(6414,502,1302,200),
	(6415,502,1457,300),
	(6416,502,932,400),
	(6417,502,1015,500),
	(6418,502,930,600),
	(6419,502,929,700),
	(6420,502,928,800),
	(6421,503,1017,100),
	(6422,503,1016,200),
	(6423,503,1015,300),
	(6424,503,930,400),
	(6425,503,929,500),
	(6426,503,928,600),
	(6427,503,989,700),
	(6428,503,988,800),
	(6429,503,987,900),
	(6430,503,986,1000),
	(6431,503,985,1100),
	(6432,504,1017,100),
	(6433,504,1016,200),
	(6434,504,1015,300),
	(6435,504,930,400),
	(6436,504,929,500),
	(6437,504,928,600),
	(6438,504,998,700),
	(6439,504,1280,800),
	(6440,504,1281,900),
	(6441,504,1282,1000),
	(6442,504,1283,1100),
	(6443,504,1469,1200),
	(6444,504,1470,1300),
	(6445,505,1014,100),
	(6446,505,934,200),
	(6447,505,933,300),
	(6448,505,932,400),
	(6449,505,1015,500),
	(6450,505,930,600),
	(6451,505,1340,700),
	(6452,505,1341,800),
	(6453,505,1342,900),
	(6454,505,1353,1000),
	(6455,505,1311,1100),
	(6456,506,1017,100),
	(6457,506,1004,200),
	(6458,506,1308,300),
	(6459,506,1091,400),
	(6460,506,1310,500),
	(6461,506,1471,600),
	(6462,506,1472,700),
	(6463,506,1473,800),
	(6464,506,1467,900),
	(6465,507,1467,100),
	(6466,507,1474,200),
	(6467,507,1475,300),
	(6468,507,1382,400),
	(6469,507,1476,500),
	(6470,507,1477,600),
	(6471,507,1478,700),
	(6472,507,1317,800),
	(6473,507,1318,900),
	(6474,507,1319,1000),
	(6475,507,1320,1100),
	(6476,508,1014,100),
	(6477,508,934,200),
	(6478,508,933,300),
	(6479,508,1017,400),
	(6480,508,1004,500),
	(6481,508,1308,600),
	(6482,508,1091,700),
	(6483,508,1310,800),
	(6484,508,1471,900),
	(6485,508,1472,1000),
	(6486,508,1473,1100),
	(6487,508,1467,1200),
	(6488,508,1479,1300),
	(6489,508,960,1400),
	(6490,508,1480,1500),
	(6491,508,1157,1600),
	(6492,508,1481,1700),
	(6493,509,994,100),
	(6494,509,934,200),
	(6495,509,933,300),
	(6496,509,1017,400),
	(6497,509,1004,500),
	(6498,509,1308,600),
	(6499,509,1091,700),
	(6500,509,1310,800),
	(6501,509,1471,900),
	(6502,509,1472,1000),
	(6503,509,1473,1100),
	(6504,509,1467,1200),
	(6505,509,1474,1300),
	(6506,509,1475,1400),
	(6507,509,1482,1500),
	(6508,509,1483,1600),
	(6509,510,994,100),
	(6510,510,934,200),
	(6511,510,933,300),
	(6512,510,1017,400),
	(6513,510,1004,500),
	(6514,510,1308,600),
	(6515,510,1091,700),
	(6532,512,994,100),
	(6533,512,934,200),
	(6534,512,933,300),
	(6535,512,1017,400),
	(6536,512,1004,500),
	(6537,512,1308,600),
	(6538,512,1091,700),
	(6539,512,1310,800),
	(6540,512,1471,900),
	(6541,512,1472,1000),
	(6542,512,1473,1100),
	(6543,512,1467,1200),
	(6544,512,1474,1300),
	(6545,512,1475,1400),
	(6546,512,1484,1500),
	(6547,512,1485,1600),
	(6548,512,1486,1700),
	(6549,512,1163,1800),
	(6550,512,1487,1900),
	(6551,512,1182,2000),
	(6552,512,1488,2100),
	(6553,513,994,100),
	(6554,513,934,200),
	(6555,513,933,300),
	(6556,513,1017,400),
	(6557,513,1004,500),
	(6558,513,1308,600),
	(6559,513,1091,700),
	(6560,513,1310,800),
	(6561,513,1471,900),
	(6562,513,1472,1000),
	(6563,513,1473,1100),
	(6564,513,1467,1200),
	(6565,513,1474,1300),
	(6566,513,1475,1400),
	(6567,513,1482,1500),
	(6568,513,1483,1600),
	(6569,513,1489,1700),
	(6570,514,994,100),
	(6571,514,934,200),
	(6572,514,933,300),
	(6573,514,1017,400),
	(6574,514,1004,500),
	(6575,514,1308,600),
	(6576,514,1091,700),
	(6577,514,1310,800),
	(6578,514,1471,900),
	(6579,514,1472,1000),
	(6580,514,1473,1100),
	(6581,514,1467,1200),
	(6582,514,1474,1300),
	(6583,515,1017,100),
	(6584,515,1004,200),
	(6585,515,1308,300),
	(6586,515,1091,400),
	(6587,515,1310,500),
	(6588,515,1471,600),
	(6589,515,1472,700),
	(6590,515,1473,800),
	(6591,515,1467,900),
	(6592,515,1474,1000),
	(6593,515,1490,1100),
	(6594,515,1491,1200),
	(6595,516,994,100),
	(6596,516,934,200),
	(6597,516,933,300),
	(6598,516,1017,400),
	(6599,516,1004,500),
	(6600,516,1308,600),
	(6601,516,1091,700),
	(6602,516,1310,800),
	(6603,516,1471,900),
	(6604,516,1472,1000),
	(6605,516,1473,1100),
	(6606,516,1467,1200),
	(6607,516,1474,1300),
	(6608,516,1475,1400),
	(6609,516,1482,1500),
	(6610,516,1483,1600),
	(6627,518,1467,100),
	(6628,518,1474,200),
	(6629,518,1475,300),
	(6630,518,1382,400),
	(6631,518,1476,500),
	(6632,518,1477,600),
	(6633,518,1478,700),
	(6634,518,1317,800),
	(6635,518,1318,900),
	(6636,518,1492,1000),
	(6637,518,1470,1100),
	(6638,519,994,100),
	(6639,519,934,200),
	(6640,519,933,300),
	(6641,519,1017,400),
	(6642,519,1004,500),
	(6643,519,1308,600),
	(6644,519,1091,700),
	(6645,519,1310,800),
	(6646,519,1471,900),
	(6647,519,1472,1000),
	(6648,519,1473,1100),
	(6649,519,1467,1200),
	(6650,519,1479,1300),
	(6651,519,960,1400),
	(6652,519,1480,1500),
	(6653,519,1157,1600),
	(6654,519,1481,1700),
	(6655,519,1335,1800),
	(6656,519,1493,1900),
	(6657,520,1017,100),
	(6658,520,1004,200),
	(6659,520,1308,300),
	(6660,520,1091,400),
	(6661,520,1310,500),
	(6662,520,1471,600),
	(6663,520,1472,700),
	(6664,520,1473,800),
	(6665,520,1467,900),
	(6666,520,1494,1000),
	(6667,520,1495,1100),
	(6668,520,1478,1200),
	(6669,520,1317,1300),
	(6670,520,1487,1400),
	(6671,520,1488,1500),
	(6672,521,1467,100),
	(6673,521,1494,200),
	(6674,521,1495,300),
	(6675,521,1478,400),
	(6676,521,1317,500),
	(6677,521,1487,600),
	(6678,521,1488,700),
	(6679,522,1017,100),
	(6680,522,1004,200),
	(6681,522,1308,300),
	(6682,522,1091,400),
	(6683,522,1310,500),
	(6684,522,1471,600),
	(6685,522,1472,700),
	(6686,522,1473,800),
	(6687,522,1467,900),
	(6688,522,1496,1000),
	(6689,522,1497,1100),
	(6690,522,1479,1200),
	(6691,522,1498,1300),
	(6692,522,1499,1400),
	(6693,522,1500,1500),
	(6694,522,1501,1600),
	(6695,523,994,100),
	(6696,523,934,200),
	(6697,523,933,300),
	(6698,523,1017,400),
	(6699,523,1004,500),
	(6700,523,1308,600),
	(6701,523,1091,700),
	(6702,523,1310,800),
	(6703,523,1471,900),
	(6704,523,1472,1000),
	(6705,523,1473,1100),
	(6706,523,1467,1200),
	(6707,523,1474,1300),
	(6708,523,1475,1400),
	(6709,523,1482,1500),
	(6710,523,1483,1600),
	(6711,524,1017,100),
	(6712,524,1004,200),
	(6713,524,1308,300),
	(6714,524,1091,400),
	(6715,524,1310,500),
	(6716,524,1471,600),
	(6717,524,1472,700),
	(6718,524,1473,800),
	(6719,524,1467,900),
	(6720,524,1474,1000),
	(6721,524,1475,1100),
	(6722,524,1482,1200),
	(6723,524,1483,1300),
	(6724,524,1000,1400),
	(6725,524,1502,1500),
	(6726,524,1503,1600),
	(6727,524,1504,1700),
	(6728,525,1017,100),
	(6729,525,1004,200),
	(6730,525,1308,300),
	(6731,525,1091,400),
	(6732,525,1310,500),
	(6733,525,1471,600),
	(6734,525,1472,700),
	(6735,525,1473,800),
	(6736,525,1467,900),
	(6737,525,1474,1000),
	(6738,525,1475,1100),
	(6739,525,1482,1200),
	(6740,525,1483,1300),
	(6741,525,1000,1400),
	(6742,525,1502,1500),
	(6743,525,1503,1600),
	(6744,525,1504,1700),
	(6745,526,994,100),
	(6746,526,934,200),
	(6747,526,933,300),
	(6748,526,1017,400),
	(6749,526,1004,500),
	(6750,526,1308,600),
	(6751,526,1091,700),
	(6752,526,1297,800),
	(6753,526,1310,900),
	(6754,526,1311,1000),
	(6755,526,1312,1100),
	(6756,526,1466,1200),
	(6757,526,1467,1300),
	(6758,527,1467,100),
	(6759,527,1474,200),
	(6760,527,1475,300),
	(6761,527,1482,400),
	(6762,527,1476,500),
	(6763,527,1477,600),
	(6764,527,1478,700),
	(6765,527,1317,800),
	(6766,527,1487,900),
	(6767,527,1488,1000),
	(6768,528,1017,100),
	(6769,528,1003,200),
	(6770,528,1095,300),
	(6771,528,1288,400),
	(6772,528,1152,500),
	(6773,528,1153,600),
	(6774,528,1154,700),
	(6775,528,1155,800),
	(6776,528,1163,900),
	(6777,528,1164,1000),
	(6778,528,1234,1100),
	(6779,528,1235,1200),
	(6780,528,1247,1300),
	(6781,529,1337,100),
	(6782,529,1015,200),
	(6783,529,1016,300),
	(6784,529,1017,400),
	(6785,529,1003,500),
	(6786,529,1095,600),
	(6787,529,1288,700),
	(6788,529,1152,800),
	(6789,529,1153,900),
	(6790,529,1154,1000),
	(6791,529,1155,1100),
	(6792,529,1045,1200),
	(6793,529,1140,1300),
	(6794,529,1118,1400),
	(6795,529,1021,1500),
	(6796,530,945,100),
	(6797,530,1391,200),
	(6798,530,1505,300),
	(6799,531,1014,100),
	(6800,531,1065,200),
	(6801,531,1066,300),
	(6802,531,1063,400),
	(6803,531,1064,500),
	(6804,531,954,600),
	(6805,531,956,700),
	(6806,531,1027,800),
	(6807,531,941,900),
	(6808,531,942,1000),
	(6809,531,943,1100),
	(6810,531,944,1200),
	(6811,531,945,1300),
	(6812,531,1391,1400),
	(6813,531,1505,1500),
	(6814,531,1282,1600),
	(6815,531,1506,1700),
	(6816,532,994,100),
	(6817,532,958,200),
	(6818,532,950,300),
	(6819,532,937,400),
	(6820,532,938,500),
	(6821,532,939,600),
	(6822,532,940,700),
	(6823,532,941,800),
	(6824,532,942,900),
	(6825,532,943,1000),
	(6826,532,944,1100),
	(6827,532,945,1200),
	(6828,532,1391,1300),
	(6829,532,1507,1400),
	(6830,532,1508,1500),
	(6831,533,1014,100),
	(6832,533,958,200),
	(6833,533,950,300),
	(6834,533,937,400),
	(6835,533,938,500),
	(6836,533,939,600),
	(6837,533,940,700),
	(6838,533,1013,800),
	(6839,533,941,900),
	(6840,533,942,1000),
	(6841,533,943,1100),
	(6842,533,944,1200),
	(6843,533,945,1300),
	(6844,533,1391,1400),
	(6845,533,1509,1500),
	(6846,534,994,100),
	(6847,534,935,200),
	(6848,534,936,300),
	(6849,534,937,400),
	(6850,534,938,500),
	(6851,534,939,600),
	(6852,534,940,700),
	(6853,534,941,800),
	(6854,534,942,900),
	(6855,534,943,1000),
	(6856,534,944,1100),
	(6857,534,945,1200),
	(6858,534,1391,1300),
	(6859,534,1505,1400),
	(6860,535,994,100),
	(6861,535,935,200),
	(6862,535,936,300),
	(6863,535,937,400),
	(6864,535,938,500),
	(6865,535,939,600),
	(6866,535,940,700),
	(6867,535,941,800),
	(6868,535,942,900),
	(6869,535,943,1000),
	(6870,535,944,1100),
	(6871,535,945,1200),
	(6872,535,1391,1300);
INSERT INTO `appmodels_routestage` (`id`, `route_id`, `stage_id`, `sequence`) VALUES
	(6873,535,1505,1400),
	(6874,536,994,100),
	(6875,536,935,200),
	(6876,536,936,300),
	(6877,536,937,400),
	(6878,536,938,500),
	(6879,536,939,600),
	(6880,536,940,700),
	(6881,536,941,800),
	(6882,536,942,900),
	(6883,536,943,1000),
	(6884,536,944,1100),
	(6885,536,945,1200),
	(6886,536,1391,1300),
	(6887,536,1505,1400),
	(6888,536,1282,1500),
	(6889,536,1506,1600),
	(6890,536,1510,1700),
	(6891,537,994,100),
	(6892,537,1065,200),
	(6893,537,1066,300),
	(6894,537,1063,400),
	(6895,537,1064,500),
	(6896,537,954,600),
	(6897,537,956,700),
	(6898,537,1027,800),
	(6899,537,941,900),
	(6900,537,942,1000),
	(6901,537,943,1100),
	(6902,537,944,1200),
	(6903,537,945,1300),
	(6904,537,1391,1400),
	(6905,537,1392,1500),
	(6906,538,1012,100),
	(6907,538,940,200),
	(6908,538,941,300),
	(6909,538,942,400),
	(6910,538,943,500),
	(6911,538,944,600),
	(6912,538,945,700),
	(6913,538,1391,800),
	(6914,538,1505,900),
	(6915,538,1282,1000),
	(6916,538,1506,1100),
	(6917,538,1511,1200),
	(6918,538,1512,1300),
	(6919,538,1513,1400),
	(6920,539,994,100),
	(6921,539,958,200),
	(6922,539,1226,300),
	(6923,539,1072,400),
	(6924,539,1083,500),
	(6925,539,1084,600),
	(6926,539,1085,700),
	(6927,539,1086,800),
	(6928,539,1079,900),
	(6929,539,1227,1000),
	(6930,539,1228,1100),
	(6931,539,1270,1200),
	(6932,539,1269,1300),
	(6933,539,1514,1400),
	(6934,539,1515,1500),
	(6935,539,1516,1600),
	(6936,539,1517,1700),
	(6937,539,1518,1800),
	(6938,539,1519,1900),
	(6939,539,1520,2000),
	(6940,539,1521,2100),
	(6941,539,1522,2200),
	(6942,539,1523,2300),
	(6943,540,994,100),
	(6944,540,958,200),
	(6945,540,1226,300),
	(6946,540,1072,400),
	(6947,540,1083,500),
	(6948,540,1084,600),
	(6949,540,1085,700),
	(6950,540,1086,800),
	(6951,540,1079,900),
	(6952,540,1227,1000),
	(6953,540,1228,1100),
	(6954,540,1270,1200),
	(6955,540,1269,1300),
	(6956,540,1514,1400),
	(6957,540,1515,1500),
	(6958,540,1516,1600),
	(6959,540,1517,1700),
	(6960,540,1518,1800),
	(6961,540,1524,1900),
	(6962,540,1525,2000),
	(6963,540,1526,2100),
	(6964,540,1522,2200),
	(6965,540,1523,2300),
	(6966,541,1268,100),
	(6967,541,1515,200),
	(6968,541,1516,300),
	(6969,541,1517,400),
	(6970,541,1518,500),
	(6971,541,1519,600),
	(6972,541,1520,700),
	(6973,541,1521,800),
	(6974,541,1522,900),
	(6975,541,1523,1000),
	(6976,542,1014,100),
	(6977,542,958,200),
	(6978,542,1226,300),
	(6979,542,1072,400),
	(6980,542,1083,500),
	(6981,542,1084,600),
	(6982,542,1085,700),
	(6983,542,1086,800),
	(6984,542,1079,900),
	(6985,542,1227,1000),
	(6986,542,1228,1100),
	(6987,542,1270,1200),
	(6988,542,1269,1300),
	(6989,542,1514,1400),
	(6990,542,1515,1500),
	(6991,542,1516,1600),
	(6992,542,1527,1700),
	(6993,542,1518,1800),
	(6994,542,1524,1900),
	(6995,542,1528,2000),
	(6996,542,1521,2100),
	(6997,543,1268,100),
	(6998,543,1515,200),
	(6999,543,1516,300),
	(7000,543,1519,400),
	(7001,543,1527,500),
	(7002,543,1529,600),
	(7003,544,1044,100),
	(7004,544,1045,200),
	(7005,544,1351,300),
	(7006,544,1075,400),
	(7007,544,1080,500),
	(7008,544,1079,600),
	(7009,544,1227,700),
	(7010,544,1228,800),
	(7011,544,1270,900),
	(7012,544,1269,1000),
	(7013,544,1514,1100),
	(7014,544,1515,1200),
	(7015,544,1516,1300),
	(7016,544,1517,1400),
	(7017,544,1518,1500),
	(7018,544,1519,1600),
	(7019,544,1525,1700),
	(7020,544,1526,1800),
	(7021,544,1522,1900),
	(7022,544,1523,2000),
	(7023,545,1268,100),
	(7024,545,1515,200),
	(7025,545,1530,300),
	(7026,545,1531,400),
	(7027,545,1532,500),
	(7028,545,1533,600),
	(7029,545,1534,700),
	(7030,545,1535,800),
	(7031,545,1536,900),
	(7032,545,1496,1000),
	(7033,545,1467,1100),
	(7034,546,1044,100),
	(7035,546,1045,200),
	(7036,546,1351,300),
	(7037,546,1075,400),
	(7038,546,1080,500),
	(7039,546,1079,600),
	(7040,546,1227,700),
	(7041,546,1228,800),
	(7042,546,1270,900),
	(7043,546,1269,1000),
	(7044,546,1514,1100),
	(7045,546,1515,1200),
	(7046,546,1516,1300),
	(7047,546,1517,1400),
	(7048,546,1518,1500),
	(7049,546,1519,1600),
	(7050,546,1537,1700),
	(7051,546,1493,1800),
	(7052,547,994,100),
	(7053,547,958,200),
	(7054,547,1226,300),
	(7055,547,1072,400),
	(7056,547,1083,500),
	(7057,547,1084,600),
	(7058,547,1085,700),
	(7059,547,1086,800),
	(7060,547,1079,900),
	(7061,547,1227,1000),
	(7062,547,1228,1100),
	(7063,547,1270,1200),
	(7064,547,1269,1300),
	(7065,547,1514,1400),
	(7066,547,1515,1500),
	(7067,547,1516,1600),
	(7068,547,1517,1700),
	(7069,547,1518,1800),
	(7070,547,1524,1900),
	(7071,547,1538,2000),
	(7072,547,1525,2100),
	(7073,548,1079,100),
	(7074,548,1227,200),
	(7075,548,1228,300),
	(7076,548,1270,400),
	(7077,548,1269,500),
	(7078,548,1514,600),
	(7079,548,1515,700),
	(7080,548,1516,800),
	(7081,548,1539,900),
	(7082,548,1540,1000),
	(7083,548,1541,1100),
	(7084,548,1542,1200),
	(7085,549,1237,100),
	(7086,549,1543,200),
	(7087,549,1544,300),
	(7088,549,1545,400),
	(7089,549,1546,500),
	(7090,549,1547,600),
	(7091,549,1514,700),
	(7092,549,1269,800),
	(7093,549,1270,900),
	(7094,549,1228,1000),
	(7095,549,1548,1100),
	(7096,549,1549,1200),
	(7097,549,1550,1300),
	(7098,549,1551,1400),
	(7099,549,1472,1500),
	(7100,549,1473,1600),
	(7101,549,1467,1700),
	(7136,552,1467,100),
	(7137,552,1473,200),
	(7138,552,1472,300),
	(7139,552,1551,400),
	(7140,552,1550,500),
	(7141,552,1549,600),
	(7142,552,1548,700),
	(7143,552,1228,800),
	(7144,552,1270,900),
	(7145,552,1269,1000),
	(7146,552,1268,1100),
	(7147,553,1552,100),
	(7148,553,1551,200),
	(7149,553,1550,300),
	(7150,553,1549,400),
	(7151,553,1548,500),
	(7152,553,1228,600),
	(7153,553,1227,700),
	(7154,553,1079,800),
	(7155,553,1272,900),
	(7156,553,1075,1000),
	(7157,553,1351,1100),
	(7158,553,1045,1200),
	(7159,553,1044,1300),
	(7171,555,1467,100),
	(7172,555,1473,200),
	(7173,555,1472,300),
	(7174,555,1551,400),
	(7175,555,1550,500),
	(7176,555,1549,600),
	(7177,555,1548,700),
	(7178,555,1228,800),
	(7179,555,1227,900),
	(7180,555,1079,1000),
	(7198,557,1553,100),
	(7199,557,1549,200),
	(7200,557,1548,300),
	(7201,557,1228,400),
	(7202,557,1227,500),
	(7203,557,1079,600),
	(7204,557,1272,700),
	(7205,557,1075,800),
	(7206,557,1351,900),
	(7207,557,1045,1000),
	(7208,557,1044,1100),
	(7209,558,994,100),
	(7210,558,958,200),
	(7211,558,1071,300),
	(7212,558,1089,400),
	(7213,558,1004,500),
	(7214,558,1090,600),
	(7215,558,1091,700),
	(7216,558,1297,800),
	(7217,558,1296,900),
	(7218,558,1353,1000),
	(7219,558,1342,1100),
	(7220,558,1281,1200),
	(7221,558,1282,1300),
	(7222,558,1283,1400),
	(7223,558,1458,1500),
	(7224,558,1459,1600),
	(7225,558,1460,1700),
	(7226,558,1461,1800),
	(7227,558,1554,1900),
	(7228,558,1462,2000),
	(7249,560,994,100),
	(7250,560,958,200),
	(7251,560,1071,300),
	(7252,560,1089,400),
	(7253,560,1004,500),
	(7254,560,1308,600),
	(7255,560,1091,700),
	(7256,560,1297,800),
	(7257,560,1296,900),
	(7258,560,1353,1000),
	(7259,560,1343,1100),
	(7260,561,994,100),
	(7261,561,934,200),
	(7262,561,933,300),
	(7263,561,1017,400),
	(7264,561,1016,500),
	(7265,561,1015,600),
	(7266,561,930,700),
	(7267,561,1340,800),
	(7268,561,1341,900),
	(7269,561,1342,1000),
	(7270,561,1353,1100),
	(7271,561,1352,1200),
	(7272,561,1555,1300),
	(7273,562,1290,100),
	(7274,562,1091,200),
	(7275,562,1297,300),
	(7276,562,1296,400),
	(7277,562,1353,500),
	(7278,562,1342,600),
	(7279,562,1281,700),
	(7280,562,1282,800),
	(7281,562,1283,900),
	(7282,562,1458,1000),
	(7283,562,1459,1100),
	(7284,562,1460,1200),
	(7285,562,1461,1300),
	(7286,562,1554,1400),
	(7287,562,1462,1500),
	(7288,563,1268,100),
	(7289,563,1306,200),
	(7290,563,1305,300),
	(7291,563,1556,400),
	(7292,563,1417,500),
	(7293,563,1557,600),
	(7294,563,1558,700),
	(7295,563,1559,800),
	(7296,563,1560,900),
	(7297,563,1561,1000),
	(7298,563,1562,1100),
	(7299,563,1563,1200),
	(7300,563,1564,1300),
	(7301,563,1565,1400),
	(7302,563,1155,1500),
	(7303,563,1566,1600),
	(7304,563,1567,1700),
	(7305,563,1568,1800),
	(7306,564,1467,100),
	(7307,564,1499,200),
	(7308,564,960,300),
	(7309,564,1480,400),
	(7310,564,1157,500),
	(7311,564,1481,600),
	(7312,564,1335,700),
	(7313,564,1493,800),
	(7314,564,1569,900),
	(7315,564,1570,1000),
	(7316,564,1561,1100),
	(7317,564,1560,1200),
	(7318,564,1559,1300),
	(7319,564,1558,1400),
	(7320,564,1557,1500),
	(7321,564,1417,1600),
	(7322,564,1556,1700),
	(7323,564,1305,1800),
	(7324,564,1306,1900),
	(7325,564,1268,2000),
	(7326,565,1237,100),
	(7327,565,1543,200),
	(7328,565,1544,300),
	(7329,565,1545,400),
	(7330,565,1546,500),
	(7331,565,1571,600),
	(7332,565,1514,700),
	(7333,565,1269,800),
	(7334,565,1270,900),
	(7335,565,1228,1000),
	(7336,565,1227,1100),
	(7337,565,1079,1200),
	(7338,566,1268,100),
	(7339,566,1306,200),
	(7340,566,1305,300),
	(7341,566,1556,400),
	(7342,566,1417,500),
	(7343,566,1572,600),
	(7344,566,1573,700),
	(7345,566,1558,800),
	(7346,566,1574,900),
	(7347,566,1575,1000),
	(7348,566,1511,1100),
	(7349,566,1576,1200),
	(7350,566,1577,1300),
	(7351,566,1578,1400),
	(7352,567,1268,100),
	(7353,567,1306,200),
	(7354,567,1305,300),
	(7355,567,1556,400),
	(7356,567,1417,500),
	(7357,567,1557,600),
	(7358,567,1558,700),
	(7359,567,1579,800),
	(7360,567,1574,900),
	(7361,567,1575,1000),
	(7362,567,1511,1100),
	(7363,568,1237,100),
	(7364,568,1543,200),
	(7365,568,1544,300),
	(7366,568,1545,400),
	(7367,568,1546,500),
	(7368,568,1547,600),
	(7369,568,1514,700),
	(7370,568,1515,800),
	(7371,568,1269,900),
	(7372,568,1270,1000),
	(7373,568,1228,1100),
	(7374,568,1227,1200),
	(7375,568,1079,1300),
	(7376,569,940,100),
	(7377,569,941,200),
	(7378,569,1206,300),
	(7379,569,1180,400),
	(7380,569,1257,500),
	(7381,569,1120,600),
	(7382,569,1121,700),
	(7383,569,1236,800),
	(7384,569,1237,900),
	(7385,569,1404,1000),
	(7386,569,1411,1100),
	(7387,570,1079,100),
	(7388,570,1227,200),
	(7389,570,1228,300),
	(7390,570,1270,400),
	(7391,570,1269,500),
	(7392,570,1514,600),
	(7393,570,1306,700),
	(7394,570,1305,800),
	(7395,570,1556,900),
	(7396,570,1417,1000),
	(7397,570,1557,1100),
	(7398,570,1558,1200),
	(7412,572,1193,100),
	(7413,572,1192,200),
	(7414,572,1191,300),
	(7415,572,1190,400),
	(7416,572,948,500),
	(7417,572,947,600),
	(7418,572,946,700),
	(7419,572,945,800),
	(7420,572,1391,900),
	(7421,572,1505,1000),
	(7422,572,1282,1100),
	(7423,572,1506,1200),
	(7424,572,1580,1300),
	(7425,572,1581,1400),
	(7426,572,1177,1500),
	(7427,572,1236,1600),
	(7428,572,1237,1700),
	(7429,573,948,100),
	(7430,573,947,200),
	(7431,573,946,300),
	(7432,573,945,400),
	(7433,573,1391,500),
	(7434,573,1505,600),
	(7435,573,1282,700),
	(7436,573,1506,800),
	(7437,573,1580,900),
	(7438,573,1581,1000),
	(7439,573,1177,1100),
	(7440,573,1236,1200),
	(7441,573,1237,1300),
	(7442,574,948,100),
	(7443,574,947,200),
	(7444,574,946,300),
	(7445,574,945,400),
	(7446,574,1391,500),
	(7447,574,1505,600),
	(7448,574,1282,700),
	(7449,574,1506,800),
	(7450,574,1580,900),
	(7451,574,1581,1000),
	(7452,574,1177,1100),
	(7453,574,1236,1200),
	(7454,574,1237,1300),
	(7455,575,1188,100),
	(7456,575,1189,200),
	(7457,575,946,300),
	(7458,575,945,400),
	(7459,575,1391,500),
	(7460,575,1505,600),
	(7461,575,1282,700),
	(7462,575,1506,800),
	(7463,576,1268,100),
	(7464,576,1269,200),
	(7465,576,1270,300),
	(7466,576,1228,400),
	(7467,576,1227,500),
	(7468,576,1079,600),
	(7469,576,1272,700),
	(7470,576,1075,800),
	(7471,576,1351,900),
	(7472,576,1162,1000),
	(7473,576,1379,1100),
	(7474,576,1035,1200),
	(7475,576,1201,1300),
	(7476,576,942,1400),
	(7477,576,943,1500),
	(7478,576,944,1600),
	(7479,576,945,1700),
	(7480,576,946,1800),
	(7481,577,1079,100),
	(7482,577,1080,200),
	(7483,577,1075,300),
	(7484,577,1351,400),
	(7485,577,1046,500),
	(7486,577,1379,600),
	(7487,577,1035,700),
	(7488,577,1201,800),
	(7489,577,1222,900),
	(7490,577,1013,1000),
	(7491,577,960,1100),
	(7492,577,961,1200),
	(7493,577,962,1300),
	(7494,578,1079,100),
	(7495,578,1080,200),
	(7496,578,1075,300),
	(7497,578,1351,400),
	(7498,578,1162,500),
	(7499,578,1379,600),
	(7500,578,1035,700),
	(7501,578,1201,800),
	(7502,578,1222,900),
	(7503,578,960,1000),
	(7504,578,961,1100),
	(7505,578,962,1200),
	(7506,578,971,1300),
	(7507,578,983,1400),
	(7508,578,996,1500),
	(7509,579,1156,100),
	(7510,579,1046,200),
	(7511,579,1379,300),
	(7512,579,1035,400),
	(7513,579,1201,500),
	(7514,579,1222,600),
	(7515,579,1027,700),
	(7516,579,1028,800),
	(7517,579,957,900),
	(7518,580,1156,100),
	(7519,580,1046,200),
	(7520,580,1582,300),
	(7521,580,1035,400),
	(7522,580,1201,500),
	(7523,580,941,600),
	(7524,580,960,700),
	(7525,580,961,800),
	(7526,580,995,900),
	(7527,580,972,1000),
	(7528,580,973,1100),
	(7529,580,957,1200),
	(7530,581,1021,100),
	(7531,581,1022,200),
	(7532,581,1035,300),
	(7533,581,1201,400),
	(7534,581,1222,500),
	(7535,581,942,600),
	(7536,581,943,700),
	(7537,581,944,800),
	(7538,581,945,900),
	(7539,581,946,1000),
	(7540,581,947,1100),
	(7541,581,948,1200),
	(7542,581,1190,1300),
	(7543,581,1191,1400),
	(7544,581,1192,1500),
	(7545,581,1193,1600),
	(7546,581,1194,1700),
	(7547,581,1195,1800),
	(7548,581,1196,1900),
	(7561,583,1467,100),
	(7562,583,1473,200),
	(7563,583,1472,300),
	(7564,583,1583,400),
	(7565,583,1291,500),
	(7566,583,1584,600),
	(7567,583,1585,700),
	(7568,583,1350,800),
	(7569,583,1075,900),
	(7570,583,1351,1000),
	(7571,583,1046,1100),
	(7572,583,1379,1200),
	(7573,583,1035,1300),
	(7574,583,1201,1400),
	(7575,583,1222,1500),
	(7576,584,1268,100),
	(7577,584,1269,200),
	(7578,584,1270,300),
	(7579,584,1228,400),
	(7580,584,1227,500),
	(7581,584,1079,600),
	(7582,584,1086,700),
	(7583,584,1075,800),
	(7584,584,1351,900),
	(7585,584,1162,1000),
	(7586,584,1379,1100),
	(7587,584,1035,1200),
	(7588,584,1201,1300),
	(7589,584,1202,1400),
	(7590,584,943,1500),
	(7591,584,944,1600),
	(7592,584,945,1700),
	(7593,584,946,1800),
	(7594,584,947,1900),
	(7595,584,948,2000),
	(7596,584,1190,2100),
	(7597,584,1191,2200),
	(7598,584,1193,2300),
	(7612,586,1305,100),
	(7613,586,1306,200),
	(7614,586,1268,300),
	(7615,586,1269,400),
	(7616,586,1270,500),
	(7617,586,1228,600),
	(7618,586,1227,700),
	(7619,586,1079,800),
	(7620,586,1080,900),
	(7621,586,1075,1000),
	(7622,586,1351,1100),
	(7623,586,1046,1200),
	(7624,586,1266,1300),
	(7625,586,1127,1400),
	(7626,586,1128,1500),
	(7627,586,1012,1600),
	(7669,589,1044,100),
	(7670,589,1045,200),
	(7671,589,1156,300),
	(7672,589,1586,400),
	(7673,589,1022,500),
	(7674,589,1023,600),
	(7675,589,1024,700),
	(7676,589,1035,800),
	(7677,589,1201,900),
	(7678,589,942,1000),
	(7679,589,943,1100),
	(7680,589,944,1200),
	(7681,589,945,1300),
	(7682,589,946,1400),
	(7683,589,947,1500),
	(7684,589,948,1600),
	(7685,589,1190,1700),
	(7686,589,1191,1800),
	(7687,589,1192,1900),
	(7688,589,1193,2000),
	(7689,589,1194,2100),
	(7690,589,1195,2200),
	(7691,589,1196,2300),
	(7692,590,1305,100),
	(7693,590,1306,200),
	(7694,590,1268,300),
	(7695,590,1269,400),
	(7696,590,1270,500),
	(7697,590,1228,600),
	(7698,590,1227,700),
	(7699,590,1079,800),
	(7700,590,1086,900),
	(7701,590,1075,1000),
	(7702,590,1351,1100),
	(7703,590,1046,1200),
	(7704,590,1379,1300),
	(7705,590,1035,1400),
	(7706,590,1201,1500),
	(7707,590,1222,1600),
	(7754,594,1268,100),
	(7755,594,1269,200),
	(7756,594,1270,300),
	(7757,594,1228,400),
	(7758,594,1227,500),
	(7759,594,1079,600),
	(7760,594,1086,700),
	(7761,594,1075,800),
	(7762,594,1351,900),
	(7763,594,1162,1000),
	(7764,594,1379,1100),
	(7765,594,1035,1200),
	(7766,594,1201,1300),
	(7767,594,942,1400),
	(7768,594,943,1500),
	(7769,594,944,1600),
	(7770,594,945,1700),
	(7771,594,946,1800),
	(7772,594,1189,1900),
	(7773,594,1188,2000),
	(7798,597,1268,100),
	(7799,597,1269,200),
	(7800,597,1270,300),
	(7801,597,1228,400),
	(7802,597,1227,500),
	(7803,597,1079,600),
	(7804,597,1086,700),
	(7805,597,1075,800),
	(7806,597,1351,900),
	(7807,597,1162,1000),
	(7808,597,1379,1100),
	(7809,597,1035,1200),
	(7810,597,1201,1300),
	(7811,597,1202,1400),
	(7812,597,943,1500),
	(7813,597,944,1600),
	(7814,597,945,1700),
	(7815,597,946,1800),
	(7816,597,947,1900),
	(7817,597,948,2000),
	(7818,597,1190,2100),
	(7819,597,1191,2200),
	(7820,597,1193,2300),
	(7821,598,1268,100),
	(7822,598,1269,200),
	(7823,598,1270,300),
	(7824,598,1228,400),
	(7825,598,1227,500),
	(7826,598,1079,600),
	(7827,598,1086,700),
	(7828,598,1075,800),
	(7829,598,1351,900),
	(7830,598,1162,1000),
	(7831,598,1379,1100),
	(7832,598,1035,1200),
	(7833,598,1201,1300),
	(7834,598,1202,1400),
	(7835,598,943,1500),
	(7836,598,944,1600),
	(7837,598,945,1700),
	(7838,598,946,1800),
	(7839,598,947,1900),
	(7840,598,948,2000),
	(7841,598,1190,2100),
	(7842,598,1191,2200),
	(7843,598,1193,2300),
	(7844,599,1305,100),
	(7845,599,1306,200),
	(7846,599,1268,300),
	(7847,599,1269,400),
	(7848,599,1270,500),
	(7849,599,1228,600),
	(7850,599,1227,700),
	(7851,599,1079,800),
	(7852,599,1080,900),
	(7853,599,1075,1000),
	(7854,599,1351,1100),
	(7855,599,1046,1200),
	(7856,599,1379,1300),
	(7857,599,1035,1400),
	(7858,599,1201,1500),
	(7859,599,1222,1600),
	(7860,599,1013,1700),
	(7861,599,960,1800),
	(7862,599,961,1900),
	(7863,599,962,2000),
	(7913,603,1261,100),
	(7914,603,1084,200),
	(7915,603,1074,300),
	(7916,603,1075,400),
	(7917,603,1351,500),
	(7918,603,1046,600),
	(7919,603,1379,700),
	(7920,603,1035,800),
	(7921,603,1201,900),
	(7922,603,942,1000),
	(7923,603,943,1100),
	(7924,603,944,1200),
	(7925,603,945,1300),
	(7926,603,946,1400),
	(7927,603,947,1500),
	(7928,603,948,1600),
	(7929,604,1077,100),
	(7930,604,1076,200),
	(7931,604,1075,300),
	(7932,604,1351,400),
	(7933,604,1046,500),
	(7934,604,1379,600),
	(7935,604,1035,700),
	(7936,604,1201,800),
	(7937,604,1222,900),
	(7938,604,1013,1000),
	(7939,604,960,1100),
	(7940,604,961,1200),
	(7941,604,962,1300),
	(7942,604,1337,1400),
	(7943,604,1149,1500),
	(7944,604,957,1600),
	(7945,605,1228,100),
	(7946,605,1227,200),
	(7947,605,1079,300),
	(7948,605,1086,400),
	(7949,605,1075,500),
	(7950,605,1351,600),
	(7951,605,1162,700),
	(7952,605,1379,800),
	(7953,605,1035,900),
	(7954,605,1201,1000),
	(7955,605,1202,1100),
	(7956,605,943,1200),
	(7957,605,944,1300),
	(7958,605,945,1400),
	(7959,605,946,1500),
	(7960,605,947,1600),
	(7961,605,948,1700),
	(7962,606,1268,100),
	(7963,606,1269,200),
	(7964,606,1270,300),
	(7965,606,1228,400),
	(7966,606,1227,500),
	(7967,606,1079,600),
	(7968,606,1086,700),
	(7969,606,1075,800),
	(7970,606,1351,900),
	(7971,606,1046,1000),
	(7972,606,1379,1100),
	(7973,606,1035,1200),
	(7974,606,1201,1300),
	(7975,606,942,1400),
	(7976,606,943,1500),
	(7977,606,944,1600),
	(7978,606,945,1700),
	(8065,613,1268,100),
	(8066,613,1269,200),
	(8067,613,1270,300),
	(8068,613,1228,400),
	(8069,613,1227,500),
	(8070,613,1079,600),
	(8071,613,1086,700),
	(8072,613,1075,800),
	(8073,613,1351,900),
	(8074,613,1156,1000),
	(8075,614,1268,100),
	(8076,614,1269,200),
	(8077,614,1270,300),
	(8078,614,1228,400),
	(8079,614,1227,500),
	(8080,614,1079,600),
	(8081,614,1086,700),
	(8082,614,1075,800),
	(8083,614,1351,900),
	(8084,614,1162,1000),
	(8085,614,1379,1100),
	(8086,614,1022,1200),
	(8087,614,1023,1300),
	(8088,614,1024,1400),
	(8089,615,1268,100),
	(8090,615,1269,200),
	(8091,615,1270,300),
	(8092,615,1228,400),
	(8093,615,1227,500),
	(8094,615,1079,600),
	(8095,615,1080,700),
	(8096,615,1075,800),
	(8097,615,1351,900),
	(8098,615,1156,1000),
	(8099,616,1044,100),
	(8100,616,1045,200),
	(8101,616,1046,300),
	(8102,616,1379,400),
	(8103,616,1035,500),
	(8104,616,1201,600),
	(8105,616,1222,700),
	(8106,616,942,800),
	(8107,616,943,900),
	(8108,616,944,1000),
	(8109,616,945,1100),
	(8110,616,946,1200),
	(8111,616,947,1300),
	(8112,616,948,1400),
	(8113,617,1274,100),
	(8114,617,1275,200),
	(8115,617,1075,300),
	(8116,617,1351,400),
	(8117,617,1046,500),
	(8118,617,1379,600),
	(8119,617,1035,700),
	(8120,617,1201,800),
	(8121,617,941,900),
	(8122,618,1156,100),
	(8123,618,1351,200),
	(8124,618,1075,300),
	(8125,618,1272,400),
	(8126,618,1079,500),
	(8127,618,1227,600),
	(8128,618,1228,700),
	(8129,618,1270,800),
	(8130,618,1269,900),
	(8131,618,1514,1000),
	(8132,618,1306,1100),
	(8133,618,1305,1200),
	(8134,618,1556,1300),
	(8135,618,1417,1400),
	(8136,618,1589,1500),
	(8137,618,1590,1600),
	(8138,618,1429,1700),
	(8139,619,1156,100),
	(8140,619,1162,200),
	(8141,619,1379,300),
	(8142,619,1035,400),
	(8143,619,1201,500),
	(8144,619,941,600),
	(8145,619,1013,700),
	(8146,619,960,800),
	(8147,619,961,900),
	(8148,619,995,1000),
	(8149,619,972,1100),
	(8150,619,973,1200),
	(8151,619,1040,1300),
	(8152,619,1041,1400),
	(8153,619,1048,1500),
	(8154,619,1049,1600),
	(8155,619,1050,1700),
	(8156,619,1051,1800),
	(8157,619,1224,1900),
	(8158,619,1225,2000),
	(8159,620,1305,100),
	(8160,620,1306,200),
	(8161,620,1268,300),
	(8162,620,1269,400),
	(8163,620,1270,500),
	(8164,620,1228,600),
	(8165,620,1227,700),
	(8166,620,1079,800),
	(8167,620,1086,900),
	(8168,620,1075,1000),
	(8169,620,1591,1100),
	(8170,620,1044,1200),
	(8171,620,1045,1300),
	(8172,620,1046,1400),
	(8173,620,1379,1500),
	(8174,620,1035,1600),
	(8175,620,1081,1700),
	(8176,620,1222,1800),
	(8177,621,1156,100),
	(8178,621,1046,200),
	(8179,621,1379,300),
	(8180,621,1035,400),
	(8181,621,1201,500),
	(8182,621,941,600),
	(8183,621,960,700),
	(8184,621,961,800),
	(8185,621,962,900),
	(8186,621,971,1000),
	(8187,621,983,1100),
	(8188,621,963,1200),
	(8189,621,984,1300),
	(8202,623,994,100),
	(8203,623,958,200),
	(8204,623,1151,300),
	(8205,623,1152,400),
	(8206,623,1073,500),
	(8207,623,1327,600),
	(8208,623,1085,700),
	(8209,623,1086,800),
	(8210,623,1079,900),
	(8211,623,1227,1000),
	(8212,623,1228,1100),
	(8213,623,1270,1200),
	(8214,623,1269,1300),
	(8215,623,1514,1400),
	(8216,623,1571,1500),
	(8217,623,1592,1600),
	(8218,624,1014,100),
	(8219,624,958,200),
	(8220,624,1151,300),
	(8221,624,1152,400),
	(8222,624,1073,500),
	(8223,624,1327,600),
	(8224,624,1085,700),
	(8225,624,1086,800),
	(8226,624,1079,900),
	(8227,624,1227,1000),
	(8228,624,1228,1100),
	(8229,624,1593,1200),
	(8230,624,1332,1300),
	(8231,625,994,100),
	(8232,625,958,200),
	(8233,625,1151,300),
	(8234,625,1152,400),
	(8235,625,1073,500),
	(8236,625,1327,600),
	(8237,625,1085,700),
	(8238,625,1594,800),
	(8239,626,994,100),
	(8240,626,958,200),
	(8241,626,1151,300),
	(8242,626,1152,400),
	(8243,626,1073,500),
	(8244,626,1327,600),
	(8245,626,1085,700),
	(8246,626,1086,800),
	(8247,626,1079,900),
	(8248,626,1227,1000),
	(8249,626,1228,1100),
	(8250,626,1270,1200),
	(8251,626,1269,1300),
	(8252,626,1514,1400),
	(8253,626,1306,1500),
	(8254,626,1305,1600),
	(8255,626,1556,1700),
	(8256,626,1417,1800),
	(8257,627,994,100),
	(8258,627,958,200),
	(8259,627,1151,300),
	(8260,627,1152,400),
	(8261,627,1073,500),
	(8262,627,1327,600),
	(8263,627,1085,700),
	(8264,627,1086,800),
	(8265,627,1328,900),
	(8266,627,1329,1000),
	(8267,627,1227,1100),
	(8268,627,1228,1200),
	(8269,627,1548,1300),
	(8288,629,1079,100),
	(8289,629,1227,200),
	(8290,629,1228,300),
	(8291,629,1270,400),
	(8292,629,1269,500),
	(8293,629,1514,600),
	(8294,629,1306,700),
	(8295,629,1305,800),
	(8296,629,1556,900),
	(8297,629,1417,1000),
	(8298,630,1012,100),
	(8299,630,940,200),
	(8300,630,941,300),
	(8301,630,942,400),
	(8302,630,943,500),
	(8303,630,944,600),
	(8304,630,945,700),
	(8305,630,946,800),
	(8306,630,947,900),
	(8307,630,948,1000),
	(8308,630,1209,1100),
	(8309,630,1210,1200),
	(8310,630,1211,1300),
	(8311,630,1395,1400),
	(8312,630,1396,1500),
	(8313,630,1595,1600),
	(8314,630,1596,1700),
	(8315,631,948,100),
	(8316,631,1209,200),
	(8317,631,1210,300),
	(8318,631,1397,400),
	(8319,631,1597,500),
	(8320,631,1598,600),
	(8321,631,1599,700),
	(8322,631,1600,800),
	(8323,631,1596,900),
	(8324,632,940,100),
	(8325,632,1222,200),
	(8326,632,1206,300),
	(8327,632,1180,400),
	(8328,632,1169,500),
	(8329,632,1120,600),
	(8330,632,1175,700),
	(8331,632,1258,800),
	(8332,632,1601,900),
	(8333,632,1506,1000),
	(8334,633,994,100),
	(8335,633,935,200),
	(8336,633,936,300),
	(8337,633,937,400),
	(8338,633,938,500),
	(8339,633,939,600),
	(8340,633,940,700),
	(8341,633,941,800),
	(8342,633,1206,900),
	(8343,633,1180,1000),
	(8344,633,1170,1100),
	(8345,633,1120,1200),
	(8346,633,1175,1300),
	(8347,633,1258,1400),
	(8348,633,1601,1500),
	(8349,633,1506,1600),
	(8350,634,994,100),
	(8351,634,958,200),
	(8352,634,950,300),
	(8353,634,937,400),
	(8354,634,938,500),
	(8355,634,939,600),
	(8356,634,940,700),
	(8357,634,941,800),
	(8358,634,1206,900),
	(8359,634,1180,1000),
	(8360,634,1170,1100),
	(8361,634,1120,1200),
	(8362,634,1175,1300),
	(8363,634,1258,1400),
	(8364,634,1601,1500),
	(8365,634,1506,1600),
	(8366,634,1511,1700),
	(8367,634,1512,1800),
	(8368,634,1185,1900),
	(8369,634,1186,2000),
	(8370,634,1187,2100),
	(8371,634,1602,2200),
	(8372,635,1156,100),
	(8373,635,1046,200),
	(8374,635,1021,300),
	(8375,635,1118,400),
	(8376,635,1119,500),
	(8377,635,1120,600),
	(8378,635,1175,700),
	(8379,635,1258,800),
	(8380,635,1601,900),
	(8381,635,1506,1000),
	(8398,637,1014,100),
	(8399,637,958,200),
	(8400,637,936,300),
	(8401,637,937,400),
	(8402,637,1166,500),
	(8403,637,1167,600),
	(8404,637,1128,700),
	(8405,637,1127,800),
	(8406,637,1021,900),
	(8407,637,1118,1000),
	(8408,637,1119,1100),
	(8409,637,1120,1200),
	(8410,637,1175,1300),
	(8411,637,1258,1400),
	(8412,637,1601,1500),
	(8413,637,1506,1600),
	(8414,637,1511,1700),
	(8415,637,1512,1800),
	(8416,637,1103,1900),
	(8417,637,1603,2000),
	(8418,638,1014,100),
	(8419,638,958,200),
	(8420,638,950,300),
	(8421,638,937,400),
	(8422,638,938,500),
	(8423,638,939,600),
	(8424,638,940,700),
	(8425,638,941,800),
	(8426,638,1206,900),
	(8427,638,1180,1000),
	(8428,638,1170,1100),
	(8429,638,1120,1200),
	(8430,638,1175,1300),
	(8431,638,1258,1400),
	(8432,638,1601,1500),
	(8433,638,1506,1600),
	(8434,638,1511,1700),
	(8435,638,1512,1800),
	(8436,638,1185,1900),
	(8437,638,1186,2000),
	(8438,638,1187,2100),
	(8439,638,1602,2200),
	(8440,638,1604,2300),
	(8441,638,1605,2400),
	(8442,639,1603,100),
	(8443,639,1512,200),
	(8444,639,1511,300),
	(8445,639,1506,400),
	(8446,639,1601,500),
	(8447,639,1258,600),
	(8448,639,1175,700),
	(8449,639,1120,800),
	(8450,639,1170,900),
	(8451,639,1180,1000),
	(8452,639,1206,1100),
	(8453,639,941,1200),
	(8454,639,940,1300),
	(8455,639,1012,1400),
	(8456,640,1014,100),
	(8457,640,935,200),
	(8458,640,936,300),
	(8459,640,937,400),
	(8460,640,938,500),
	(8461,640,939,600),
	(8462,640,940,700),
	(8463,640,941,800),
	(8464,640,1206,900),
	(8465,640,1180,1000),
	(8466,640,1170,1100),
	(8467,640,1120,1200),
	(8468,640,1175,1300),
	(8469,640,1258,1400),
	(8470,640,1601,1500),
	(8471,640,1606,1600),
	(8472,641,1121,100),
	(8473,641,1120,200),
	(8474,641,1175,300),
	(8475,641,1258,400),
	(8476,641,1601,500),
	(8477,641,1506,600),
	(8478,641,1511,700),
	(8479,641,1512,800),
	(8480,641,1607,900),
	(8514,644,1081,100),
	(8515,644,1036,200),
	(8516,644,940,300),
	(8517,644,941,400),
	(8518,644,1206,500),
	(8519,644,1180,600),
	(8520,644,1170,700),
	(8521,644,1120,800),
	(8522,644,1175,900),
	(8523,644,1258,1000),
	(8524,644,1601,1100),
	(8525,644,1506,1200),
	(8526,644,1510,1300),
	(8527,644,1608,1400),
	(8528,644,1453,1500),
	(8529,645,1021,100),
	(8530,645,1121,200),
	(8531,645,1120,300),
	(8532,645,1175,400),
	(8533,645,1258,500),
	(8534,645,1601,600),
	(8535,645,1506,700),
	(8536,645,1510,800),
	(8537,646,1120,100),
	(8538,646,1175,200),
	(8539,646,1258,300),
	(8540,646,1601,400),
	(8541,646,1506,500),
	(8542,646,1511,600),
	(8543,646,1512,700),
	(8544,646,1609,800),
	(8545,646,1186,900),
	(8546,646,1187,1000),
	(8547,647,1121,100),
	(8548,647,1120,200),
	(8549,647,1175,300),
	(8550,647,1258,400),
	(8551,647,1601,500),
	(8552,647,1506,600),
	(8553,647,1511,700),
	(8554,647,1512,800),
	(8555,647,1610,900),
	(8556,647,1528,1000),
	(8557,647,1611,1100),
	(8558,647,1612,1200),
	(8559,648,928,100),
	(8560,648,949,200),
	(8561,648,930,300),
	(8562,648,931,400),
	(8563,648,932,500),
	(8564,648,933,600),
	(8565,648,934,700),
	(8566,648,958,800),
	(8567,648,1151,900),
	(8568,648,1152,1000),
	(8569,648,1153,1100),
	(8570,648,1154,1200),
	(8571,648,1155,1300),
	(8572,648,1163,1400),
	(8573,648,1164,1500),
	(8574,648,1234,1600),
	(8575,648,1235,1700),
	(8576,648,1236,1800),
	(8577,648,1237,1900),
	(8616,651,928,100),
	(8617,651,929,200),
	(8618,651,930,300),
	(8619,651,1256,400),
	(8620,651,999,500),
	(8621,651,933,600),
	(8622,651,934,700),
	(8623,651,958,800),
	(8624,651,1151,900),
	(8625,651,1152,1000),
	(8626,651,1153,1100),
	(8627,651,1154,1200),
	(8628,651,1155,1300),
	(8629,651,1156,1400),
	(8668,654,1017,100),
	(8669,654,1097,200),
	(8670,654,1082,300),
	(8671,654,1083,400),
	(8672,654,1084,500),
	(8673,654,1085,600),
	(8674,654,1086,700),
	(8675,654,1079,800),
	(8676,654,1227,900),
	(8677,654,1228,1000),
	(8678,654,1270,1100),
	(8679,654,1269,1200),
	(8680,654,1268,1300),
	(8681,655,1467,100),
	(8682,655,1473,200),
	(8683,655,1472,300),
	(8684,655,1471,400),
	(8685,655,1613,500),
	(8686,655,1584,600),
	(8687,655,1585,700),
	(8688,655,1350,800),
	(8689,655,1075,900),
	(8690,655,1351,1000),
	(8691,655,1046,1100),
	(8692,655,1379,1200),
	(8693,655,1035,1300),
	(8694,655,1201,1400),
	(8695,655,942,1500),
	(8696,655,943,1600),
	(8697,655,944,1700),
	(8698,655,945,1800),
	(8699,655,946,1900),
	(8700,655,947,2000),
	(8701,655,948,2100),
	(8702,655,1190,2200),
	(8703,655,1191,2300),
	(8704,655,1192,2400),
	(8705,655,1193,2500),
	(8731,657,1614,100),
	(8732,657,1615,200),
	(8733,657,1616,300),
	(8734,657,1617,400),
	(8735,657,1487,500),
	(8736,657,1163,600),
	(8737,657,1486,700),
	(8738,657,1485,800),
	(8739,657,1484,900),
	(8740,657,1475,1000),
	(8741,657,1474,1100),
	(8742,657,1467,1200),
	(8743,657,1473,1300),
	(8744,657,1472,1400),
	(8745,657,1471,1500),
	(8746,657,1613,1600),
	(8747,657,1584,1700),
	(8748,657,1585,1800),
	(8749,657,1350,1900),
	(8750,657,1075,2000),
	(8751,657,1351,2100),
	(8752,657,1045,2200),
	(8753,657,1044,2300),
	(8754,658,1467,100),
	(8755,658,1473,200),
	(8756,658,1472,300),
	(8757,658,1471,400),
	(8758,658,1613,500),
	(8759,658,1584,600),
	(8760,658,1585,700),
	(8761,658,1350,800),
	(8762,658,1075,900),
	(8763,658,1351,1000),
	(8764,658,1045,1100),
	(8765,658,1044,1200),
	(8766,659,994,100),
	(8767,659,934,200),
	(8768,659,933,300),
	(8769,659,1017,400),
	(8770,659,1280,500),
	(8771,659,1304,600),
	(8772,659,1092,700),
	(8773,659,1618,800),
	(8774,659,1619,900),
	(8775,660,994,100),
	(8776,660,934,200),
	(8777,660,933,300),
	(8778,660,1017,400),
	(8779,660,1280,500),
	(8780,660,1304,600),
	(8781,660,1092,700),
	(8782,660,1618,800),
	(8783,660,1619,900),
	(8784,661,994,100),
	(8785,661,934,200),
	(8786,661,933,300),
	(8787,661,1017,400),
	(8788,661,1280,500),
	(8789,661,1304,600),
	(8790,661,1092,700),
	(8791,661,1349,800),
	(8792,661,1323,900),
	(8793,662,948,100),
	(8794,662,1190,200),
	(8795,662,1191,300),
	(8796,662,1192,400),
	(8797,662,1193,500),
	(8798,662,1194,600),
	(8799,662,1195,700),
	(8800,662,1196,800),
	(8801,662,1620,900),
	(8802,662,1621,1000),
	(8803,662,1622,1100),
	(8804,662,1623,1200),
	(8805,663,1222,100),
	(8806,663,1013,200),
	(8807,663,960,300),
	(8808,663,961,400),
	(8809,663,995,500),
	(8810,663,972,600),
	(8811,663,973,700),
	(8812,663,1040,800),
	(8813,663,1041,900),
	(8814,663,1048,1000),
	(8815,663,1049,1100),
	(8816,663,1050,1200),
	(8817,663,1051,1300),
	(8818,663,1224,1400),
	(8819,663,1225,1500),
	(8820,664,1062,100),
	(8821,664,1015,200),
	(8822,664,1016,300),
	(8823,664,1017,400),
	(8824,664,933,500),
	(8825,664,934,600),
	(8826,664,1065,700),
	(8827,664,1066,800),
	(8828,664,1278,900),
	(8829,664,1064,1000),
	(8830,664,954,1100),
	(8831,664,955,1200),
	(8832,664,959,1300),
	(8833,664,957,1400),
	(8834,664,974,1500),
	(8835,664,975,1600),
	(8836,664,976,1700),
	(8837,664,977,1800),
	(8838,664,978,1900),
	(8839,664,979,2000),
	(8840,664,980,2100),
	(8841,664,981,2200),
	(8842,664,982,2300),
	(8843,664,1212,2400),
	(8844,664,1213,2500),
	(8845,664,1214,2600),
	(8846,664,1215,2700),
	(8847,665,994,100),
	(8848,665,958,200),
	(8849,665,1226,300),
	(8850,665,1072,400),
	(8851,665,1083,500),
	(8852,665,1084,600),
	(8853,665,1085,700),
	(8854,665,1086,800),
	(8855,665,1079,900),
	(8856,665,1227,1000),
	(8857,665,1228,1100),
	(8858,665,1270,1200),
	(8859,665,1269,1300),
	(8860,665,1268,1400),
	(8861,666,934,100),
	(8862,666,958,200),
	(8863,666,1226,300),
	(8864,666,1072,400),
	(8865,666,1083,500),
	(8866,666,1084,600),
	(8867,666,1085,700),
	(8868,666,1086,800),
	(8869,666,1079,900),
	(8870,666,1227,1000),
	(8871,666,1228,1100),
	(8872,666,1270,1200),
	(8873,666,1269,1300),
	(8874,666,1624,1400),
	(8903,669,1343,100),
	(8904,669,1353,200),
	(8905,669,1296,300),
	(8906,669,1297,400),
	(8907,669,1091,500),
	(8908,669,1310,600),
	(8909,669,1613,700),
	(8910,669,1584,800),
	(8911,669,1585,900),
	(8912,669,1350,1000),
	(8913,669,1075,1100),
	(8914,669,1351,1200),
	(8915,669,1045,1300),
	(8916,669,1044,1400),
	(8917,670,1093,100),
	(8918,670,1092,200),
	(8919,670,1091,300),
	(8920,670,1310,400),
	(8921,670,1613,500),
	(8922,670,1584,600),
	(8923,670,1585,700),
	(8924,670,1350,800),
	(8925,670,1075,900),
	(8926,670,1351,1000),
	(8927,670,1156,1100),
	(8928,671,985,100),
	(8929,671,997,200),
	(8930,671,998,300),
	(8931,671,1083,400),
	(8932,671,1281,500),
	(8933,671,1342,600),
	(8934,671,1353,700),
	(8935,671,1300,800),
	(8936,671,1297,900),
	(8937,671,1091,1000),
	(8938,671,1310,1100),
	(8939,671,1613,1200),
	(8940,671,1584,1300),
	(8941,671,1585,1400),
	(8942,671,1350,1500),
	(8943,671,1075,1600),
	(8944,671,1351,1700),
	(8945,671,1156,1800),
	(8946,672,1462,100),
	(8947,672,1461,200),
	(8948,672,1460,300),
	(8949,672,1459,400),
	(8950,672,1458,500),
	(8951,672,1283,600),
	(8952,672,1282,700),
	(8953,672,1281,800),
	(8954,672,1342,900),
	(8955,672,1353,1000),
	(8956,672,1296,1100),
	(8957,672,1297,1200),
	(8958,672,1091,1300),
	(8959,672,1310,1400),
	(8960,672,1613,1500),
	(8961,672,1584,1600),
	(8962,672,1585,1700),
	(8963,672,1350,1800),
	(8964,672,1075,1900),
	(8965,672,1351,2000),
	(8966,672,1045,2100),
	(8967,672,1044,2200),
	(8968,673,1284,100),
	(8969,673,1283,200),
	(8970,673,1282,300),
	(8971,673,1281,400),
	(8972,673,1342,500),
	(8973,673,1353,600),
	(8974,673,1296,700),
	(8975,673,1297,800),
	(8976,673,1091,900),
	(8977,673,1310,1000),
	(8978,673,1613,1100),
	(8979,673,1584,1200),
	(8980,673,986,1300),
	(8981,673,1350,1400),
	(8982,673,1075,1500),
	(8983,673,1351,1600),
	(8984,673,1156,1700),
	(8985,674,928,100),
	(8986,674,929,200),
	(8987,674,930,300),
	(8988,674,1015,400),
	(8989,674,1016,500),
	(8990,674,1017,600),
	(8991,674,1003,700),
	(8992,674,1095,800),
	(8993,674,1072,900),
	(8994,674,1073,1000),
	(8995,674,1074,1100),
	(8996,674,1075,1200),
	(8997,674,1076,1300),
	(8998,674,1077,1400),
	(8999,674,1078,1500),
	(9000,675,985,100),
	(9001,675,997,200),
	(9002,675,998,300),
	(9003,675,928,400),
	(9004,675,949,500),
	(9005,675,930,600),
	(9006,675,1015,700),
	(9007,675,1016,800),
	(9008,675,1017,900),
	(9009,675,1004,1000),
	(9010,675,1005,1100),
	(9011,675,1092,1200),
	(9012,675,1618,1300),
	(9013,675,1619,1400),
	(9014,676,1103,100),
	(9015,676,1102,200),
	(9016,676,1100,300),
	(9017,676,1091,400),
	(9018,676,1308,500),
	(9019,676,1004,600),
	(9020,676,1017,700),
	(9021,676,1016,800),
	(9022,676,1015,900),
	(9023,676,930,1000),
	(9024,676,949,1100),
	(9025,676,928,1200),
	(9026,677,1290,100),
	(9027,677,1099,200),
	(9028,677,1293,300),
	(9029,677,1292,400),
	(9030,677,1291,500),
	(9031,678,994,100),
	(9032,678,958,200),
	(9033,678,1071,300),
	(9034,678,1097,400),
	(9035,678,1299,500),
	(9036,678,1290,600),
	(9037,678,1099,700),
	(9038,678,1293,800),
	(9039,678,1242,900),
	(9040,679,1228,100),
	(9041,679,1227,200),
	(9042,679,1079,300),
	(9043,679,1080,400),
	(9044,679,1075,500),
	(9045,679,1074,600),
	(9046,679,1148,700),
	(9047,679,1147,800),
	(9048,679,1115,900),
	(9049,679,1112,1000),
	(9050,679,1113,1100),
	(9051,679,1011,1200),
	(9052,679,1012,1300),
	(9053,680,1012,100),
	(9054,680,1011,200),
	(9055,680,1113,300),
	(9056,680,1298,400),
	(9057,680,1147,500),
	(9058,680,1148,600),
	(9059,680,1074,700),
	(9060,680,1075,800),
	(9061,680,1076,900),
	(9062,680,1077,1000),
	(9063,681,1012,100),
	(9064,681,1011,200),
	(9065,681,1113,300),
	(9066,681,1625,400),
	(9067,681,1147,500),
	(9068,681,1148,600),
	(9069,681,1074,700),
	(9070,681,1075,800),
	(9071,681,1626,900),
	(9072,681,1078,1000),
	(9086,683,1012,100),
	(9087,683,1011,200),
	(9088,683,1113,300),
	(9089,683,1112,400),
	(9090,683,1115,500),
	(9091,683,1147,600),
	(9092,683,1148,700),
	(9093,683,1074,800),
	(9094,683,1075,900),
	(9095,683,1080,1000),
	(9096,683,1079,1100),
	(9097,683,1227,1200),
	(9098,683,1243,1300),
	(9099,683,1244,1400),
	(9100,683,1251,1500),
	(9101,684,1332,100),
	(9102,684,1331,200),
	(9103,684,1270,300),
	(9104,684,1228,400),
	(9105,684,1227,500),
	(9106,684,1079,600),
	(9107,684,1080,700),
	(9108,684,1075,800),
	(9109,684,1074,900),
	(9110,684,1148,1000),
	(9111,684,1147,1100),
	(9112,684,1173,1200),
	(9113,684,1115,1300),
	(9114,684,1113,1400),
	(9115,684,1011,1500),
	(9116,684,1012,1600),
	(9117,685,994,100),
	(9118,685,958,200),
	(9119,685,1151,300),
	(9120,685,1152,400),
	(9121,685,1153,500),
	(9122,685,1154,600),
	(9123,685,1155,700),
	(9124,685,1163,800),
	(9125,685,1164,900),
	(9126,685,1234,1000),
	(9127,685,1235,1100),
	(9128,685,1247,1200),
	(9129,685,1398,1300),
	(9130,685,1399,1400),
	(9131,685,1546,1500),
	(9132,685,1547,1600),
	(9133,685,1268,1700),
	(9134,686,1014,100),
	(9135,686,1065,200),
	(9136,686,1066,300),
	(9137,686,1063,400),
	(9138,686,1064,500),
	(9139,686,954,600),
	(9140,686,956,700),
	(9141,686,1027,800),
	(9142,686,960,900),
	(9143,686,961,1000),
	(9144,686,995,1100),
	(9145,686,963,1200),
	(9146,686,964,1300),
	(9147,686,965,1400),
	(9148,686,1146,1500),
	(9149,686,1031,1600),
	(9150,686,1032,1700),
	(9151,686,1239,1800),
	(9152,686,1370,1900),
	(9153,686,1388,2000),
	(9154,686,1368,2100),
	(9155,687,1014,100),
	(9156,687,1065,200),
	(9157,687,1066,300),
	(9158,687,1063,400),
	(9159,687,952,500),
	(9160,687,953,600),
	(9161,687,954,700),
	(9162,687,956,800),
	(9163,687,1027,900),
	(9164,687,941,1000),
	(9165,687,942,1100),
	(9166,687,943,1200),
	(9167,687,944,1300),
	(9168,687,945,1400),
	(9169,687,946,1500),
	(9170,687,1189,1600),
	(9171,687,1188,1700),
	(9172,688,994,100),
	(9173,688,958,200),
	(9174,688,1151,300),
	(9175,688,1152,400),
	(9176,688,1153,500),
	(9177,688,1154,600),
	(9178,688,1155,700),
	(9179,688,1163,800),
	(9180,688,1164,900),
	(9181,688,1234,1000),
	(9182,688,1235,1100),
	(9183,688,1236,1200),
	(9184,688,1237,1300),
	(9185,688,1404,1400),
	(9186,688,1411,1500),
	(9202,690,1012,100),
	(9203,690,940,200),
	(9204,690,941,300),
	(9205,690,1206,400),
	(9206,690,1180,500),
	(9207,690,1257,600),
	(9208,690,1120,700),
	(9209,690,1121,800),
	(9210,690,1236,900),
	(9211,690,1177,1000),
	(9212,690,1410,1100),
	(9213,691,1012,100),
	(9214,691,940,200),
	(9215,691,1013,300),
	(9216,691,941,400),
	(9217,691,1206,500),
	(9218,691,1180,600),
	(9219,691,1170,700),
	(9220,691,1120,800),
	(9221,691,1121,900),
	(9222,691,1236,1000),
	(9223,691,1237,1100),
	(9224,691,1404,1200),
	(9225,691,1411,1300),
	(9226,691,1412,1400),
	(9227,691,1413,1500),
	(9228,691,1414,1600),
	(9229,691,1425,1700),
	(9230,691,1416,1800),
	(9231,691,1417,1900),
	(9232,691,1418,2000),
	(9233,692,1014,100),
	(9234,692,958,200),
	(9235,692,950,300),
	(9236,692,937,400),
	(9237,692,938,500),
	(9238,692,939,600),
	(9239,692,940,700),
	(9240,692,1013,800),
	(9241,692,941,900),
	(9242,692,942,1000),
	(9243,692,943,1100),
	(9244,692,944,1200),
	(9245,692,945,1300),
	(9246,692,1451,1400),
	(9247,692,1452,1500),
	(9248,692,1453,1600),
	(9249,692,1454,1700),
	(9250,693,928,100),
	(9251,693,949,200),
	(9252,693,930,300),
	(9253,693,1015,400),
	(9254,693,1016,500),
	(9255,693,1017,600),
	(9256,693,1003,700),
	(9257,693,1095,800),
	(9258,693,1288,900),
	(9259,693,1152,1000),
	(9260,693,1153,1100),
	(9261,693,1154,1200),
	(9262,693,1155,1300),
	(9263,693,1045,1400),
	(9264,693,1044,1500),
	(9265,694,928,100),
	(9266,694,949,200),
	(9267,694,930,300),
	(9268,694,1015,400),
	(9269,694,1016,500),
	(9270,694,1017,600),
	(9271,694,1003,700),
	(9272,694,1095,800),
	(9273,694,1288,900),
	(9274,694,1152,1000),
	(9275,694,1153,1100),
	(9276,694,1154,1200),
	(9277,694,1155,1300),
	(9278,694,1163,1400),
	(9279,694,1164,1500),
	(9280,694,1234,1600),
	(9281,694,1235,1700),
	(9282,694,1247,1800),
	(9283,695,928,100),
	(9284,695,949,200),
	(9285,695,930,300),
	(9286,695,1015,400),
	(9287,695,1016,500),
	(9288,695,1017,600),
	(9289,695,1003,700),
	(9290,695,1095,800),
	(9291,695,1288,900),
	(9292,695,1152,1000),
	(9293,695,1153,1100),
	(9294,695,1154,1200),
	(9295,695,1155,1300),
	(9296,695,1156,1400),
	(9297,696,1337,100),
	(9298,696,1015,200),
	(9299,696,1016,300),
	(9300,696,1017,400),
	(9301,696,1003,500),
	(9302,696,1095,600),
	(9303,696,1288,700),
	(9304,696,1152,800),
	(9305,696,1153,900),
	(9306,696,1154,1000),
	(9307,696,1155,1100),
	(9308,696,1156,1200),
	(9309,697,985,100),
	(9310,697,986,200),
	(9311,697,987,300),
	(9312,697,988,400),
	(9313,697,989,500),
	(9314,697,928,600),
	(9315,697,949,700),
	(9316,697,930,800),
	(9317,697,1015,900),
	(9318,697,1016,1000),
	(9319,697,1017,1100),
	(9320,697,1003,1200),
	(9321,697,1095,1300),
	(9322,697,1288,1400),
	(9323,697,1152,1500),
	(9324,697,1153,1600),
	(9325,697,1154,1700),
	(9326,697,1155,1800),
	(9327,697,1156,1900),
	(9374,701,1062,100),
	(9375,701,1015,200),
	(9376,701,1016,300),
	(9377,701,1017,400),
	(9378,701,1003,500),
	(9379,701,1095,600),
	(9380,701,1294,700),
	(9381,701,1152,800),
	(9382,701,1153,900),
	(9383,701,1154,1000),
	(9384,701,1155,1100),
	(9385,701,1156,1200),
	(9386,702,985,100),
	(9387,702,986,200),
	(9388,702,987,300),
	(9389,702,988,400),
	(9390,702,989,500),
	(9391,702,928,600),
	(9392,702,949,700),
	(9393,702,930,800),
	(9394,702,1015,900),
	(9395,702,1016,1000),
	(9396,702,1017,1100),
	(9397,702,1003,1200),
	(9398,702,1095,1300),
	(9399,702,1288,1400),
	(9400,702,1152,1500),
	(9401,702,1153,1600),
	(9402,702,1154,1700),
	(9403,702,1155,1800),
	(9404,702,1156,1900),
	(9405,703,1295,100),
	(9406,703,1296,200),
	(9407,703,1297,300),
	(9408,703,1091,400),
	(9409,703,1290,500),
	(9410,704,1121,100),
	(9411,704,1120,200),
	(9412,704,1175,300),
	(9413,704,1258,400),
	(9414,704,1601,500),
	(9415,704,1506,600),
	(9416,704,1282,700),
	(9417,704,1505,800),
	(9418,704,1391,900),
	(9419,704,945,1000),
	(9420,704,946,1100),
	(9421,704,947,1200),
	(9422,704,948,1300),
	(9423,705,1093,100),
	(9424,705,1092,200),
	(9425,705,1005,300),
	(9426,705,1308,400),
	(9427,705,1091,500),
	(9428,705,1310,600),
	(9429,705,1613,700),
	(9430,705,1584,800),
	(9431,705,1585,900),
	(9432,705,1350,1000),
	(9433,705,1075,1100),
	(9434,705,1351,1200),
	(9435,705,1046,1300),
	(9436,705,1379,1400),
	(9437,705,1035,1500),
	(9438,705,1201,1600),
	(9439,705,942,1700),
	(9440,705,943,1800),
	(9441,705,944,1900),
	(9442,705,945,2000),
	(9443,705,946,2100),
	(9444,705,947,2200),
	(9445,705,948,2300),
	(9446,706,1549,100),
	(9447,706,1548,200),
	(9448,706,1228,300),
	(9449,706,1227,400),
	(9450,706,1079,500),
	(9451,706,1080,600),
	(9452,706,1075,700),
	(9453,706,1351,800),
	(9454,706,1046,900),
	(9455,706,1379,1000),
	(9456,706,1035,1100),
	(9457,706,1201,1200),
	(9458,706,942,1300),
	(9459,706,943,1400),
	(9460,706,944,1500),
	(9461,706,945,1600),
	(9462,706,946,1700),
	(9463,706,947,1800),
	(9464,706,948,1900),
	(9465,706,1190,2000),
	(9466,706,1191,2100),
	(9467,706,1192,2200),
	(9468,706,1193,2300),
	(9469,707,1305,100),
	(9470,707,1306,200),
	(9471,707,1268,300),
	(9472,707,1269,400),
	(9473,707,1270,500),
	(9474,707,1228,600),
	(9475,707,1227,700),
	(9476,707,1079,800),
	(9477,707,1080,900),
	(9478,707,1075,1000),
	(9479,707,1351,1100),
	(9480,707,1046,1200),
	(9481,707,1379,1300),
	(9482,707,1035,1400),
	(9483,707,1201,1500),
	(9484,707,942,1600),
	(9485,707,943,1700),
	(9486,707,944,1800),
	(9487,707,945,1900),
	(9488,707,946,2000),
	(9489,707,947,2100),
	(9490,707,948,2200),
	(9491,708,1247,100),
	(9492,708,1235,200),
	(9493,708,1234,300),
	(9494,708,1164,400),
	(9495,708,1163,500),
	(9496,708,1044,600),
	(9497,708,1045,700),
	(9498,708,1046,800),
	(9499,708,1379,900),
	(9500,708,1035,1000),
	(9501,708,1201,1100),
	(9502,708,942,1200),
	(9503,708,943,1300),
	(9504,708,944,1400),
	(9505,708,945,1500),
	(9506,708,946,1600),
	(9507,708,947,1700),
	(9508,708,948,1800),
	(9509,709,1100,100),
	(9510,709,1293,200),
	(9511,709,1292,300),
	(9512,709,1584,400),
	(9513,709,1585,500),
	(9514,709,1350,600),
	(9515,709,1075,700),
	(9516,709,1351,800),
	(9517,709,1046,900),
	(9518,709,1379,1000),
	(9519,709,1035,1100),
	(9520,709,1201,1200),
	(9521,709,942,1300),
	(9522,709,943,1400),
	(9523,709,944,1500),
	(9524,709,945,1600),
	(9525,709,946,1700),
	(9526,709,947,1800),
	(9527,709,948,1900),
	(9528,710,1337,100),
	(9529,710,1336,200),
	(9530,710,1344,300),
	(9531,710,1093,400),
	(9532,710,1091,500),
	(9533,710,1310,600),
	(9534,710,1613,700),
	(9535,710,1584,800),
	(9536,710,1585,900),
	(9537,710,1350,1000),
	(9538,710,1075,1100),
	(9539,710,1351,1200),
	(9540,710,1046,1300),
	(9541,710,1379,1400),
	(9542,710,1035,1500),
	(9543,710,1201,1600),
	(9544,710,942,1700),
	(9545,710,943,1800),
	(9546,710,944,1900),
	(9547,710,945,2000),
	(9548,710,946,2100),
	(9549,710,947,2200),
	(9550,710,948,2300),
	(9551,711,1228,100),
	(9552,711,1227,200),
	(9553,711,1079,300),
	(9554,711,1086,400),
	(9555,711,1075,500),
	(9556,711,1351,600),
	(9557,711,1046,700),
	(9558,711,1379,800),
	(9559,711,1035,900),
	(9560,711,1201,1000),
	(9561,711,942,1100),
	(9562,711,943,1200),
	(9563,711,944,1300),
	(9564,711,945,1400),
	(9565,711,946,1500),
	(9566,711,947,1600),
	(9567,711,948,1700),
	(9568,711,1190,1800),
	(9569,711,1191,1900),
	(9570,711,1192,2000),
	(9571,711,1193,2100),
	(9572,711,1194,2200),
	(9573,711,1195,2300),
	(9574,711,1196,2400),
	(9575,712,1100,100),
	(9576,712,1293,200),
	(9577,712,1241,300),
	(9578,712,1584,400),
	(9579,712,1585,500),
	(9580,712,1350,600),
	(9581,712,1075,700),
	(9582,712,1351,800),
	(9583,712,1046,900),
	(9584,712,1379,1000),
	(9585,712,1035,1100),
	(9586,712,1201,1200),
	(9587,712,1222,1300),
	(9588,713,1103,100),
	(9589,713,1102,200),
	(9590,713,1293,300),
	(9591,713,1292,400),
	(9592,713,1584,500),
	(9593,713,1585,600),
	(9594,713,1350,700),
	(9595,713,1075,800),
	(9596,713,1351,900),
	(9597,713,1046,1000),
	(9598,713,1379,1100),
	(9599,713,1035,1200),
	(9600,713,1201,1300),
	(9601,713,942,1400),
	(9602,713,943,1500),
	(9603,713,944,1600),
	(9604,713,945,1700),
	(9605,713,946,1800),
	(9606,713,947,1900),
	(9607,713,948,2000),
	(9626,715,1100,100),
	(9627,715,1293,200),
	(9628,715,1292,300),
	(9629,715,1584,400),
	(9630,715,1585,500),
	(9631,715,1350,600),
	(9632,715,1075,700),
	(9633,715,1351,800),
	(9634,715,1046,900),
	(9635,715,1379,1000),
	(9636,715,1035,1100),
	(9637,715,1201,1200),
	(9638,715,1222,1300),
	(9639,715,960,1400),
	(9640,715,961,1500),
	(9641,715,962,1600),
	(9642,715,972,1700),
	(9643,715,1039,1800),
	(9644,715,957,1900),
	(9663,717,1324,100),
	(9664,717,1297,200),
	(9665,717,1091,300),
	(9666,717,1310,400),
	(9667,717,1613,500),
	(9668,717,1584,600),
	(9669,717,1585,700),
	(9670,717,1350,800),
	(9671,717,1075,900),
	(9672,717,1351,1000),
	(9673,717,1046,1100),
	(9674,717,1379,1200),
	(9675,717,1035,1300),
	(9676,717,1201,1400),
	(9677,717,942,1500),
	(9678,717,943,1600),
	(9679,717,944,1700),
	(9680,717,945,1800),
	(9681,717,946,1900),
	(9682,717,947,2000),
	(9683,717,948,2100),
	(9684,717,1191,2200),
	(9685,717,1193,2300),
	(9686,718,1343,100),
	(9687,718,1353,200),
	(9688,718,1296,300),
	(9689,718,1297,400),
	(9690,718,1091,500),
	(9691,718,1100,600),
	(9692,718,1293,700),
	(9693,718,1241,800),
	(9694,718,1584,900),
	(9695,718,1585,1000),
	(9696,718,1350,1100),
	(9697,718,1075,1200),
	(9698,718,1351,1300),
	(9699,718,1046,1400),
	(9700,718,1379,1500),
	(9701,718,1035,1600),
	(9702,718,1201,1700),
	(9703,718,1222,1800),
	(9751,721,1247,100),
	(9752,721,1235,200),
	(9753,721,1234,300),
	(9754,721,1164,400),
	(9755,721,1163,500),
	(9756,721,1044,600),
	(9757,721,1045,700),
	(9758,721,1046,800),
	(9759,721,1379,900),
	(9760,721,1035,1000),
	(9761,721,1201,1100),
	(9762,721,1222,1200),
	(9763,721,1013,1300),
	(9764,721,960,1400),
	(9765,721,961,1500),
	(9766,721,962,1600),
	(9767,722,1242,100),
	(9768,722,1292,200),
	(9769,722,1584,300),
	(9770,722,1585,400),
	(9771,722,1350,500),
	(9772,722,1627,600),
	(9773,722,1351,700),
	(9774,722,1046,800),
	(9775,722,1379,900),
	(9776,722,1035,1000),
	(9777,722,1201,1100),
	(9778,722,1222,1200),
	(9779,723,1094,100),
	(9780,723,1075,200),
	(9781,723,1351,300),
	(9782,723,1046,400),
	(9783,723,1379,500),
	(9784,723,1035,600),
	(9785,723,1201,700),
	(9786,723,1222,800),
	(9787,723,1013,900),
	(9788,723,960,1000),
	(9789,723,961,1100),
	(9790,723,995,1200),
	(9791,723,972,1300),
	(9792,723,973,1400),
	(9793,723,957,1500),
	(9794,724,928,100),
	(9795,724,929,200),
	(9796,724,930,300),
	(9797,724,1015,400),
	(9798,724,1016,500),
	(9799,724,1017,600),
	(9800,724,1003,700),
	(9801,724,958,800),
	(9802,724,936,900),
	(9803,724,1109,1000),
	(9804,724,1277,1100),
	(9805,725,1205,100),
	(9806,725,1017,200),
	(9807,725,1302,300),
	(9808,725,958,400),
	(9809,725,950,500),
	(9810,725,1133,600),
	(9811,726,1017,100),
	(9812,726,1302,200),
	(9813,726,958,300),
	(9814,726,950,400),
	(9815,726,1133,500),
	(9816,727,1062,100),
	(9817,727,1015,200),
	(9818,727,1016,300),
	(9819,727,1017,400),
	(9820,727,1302,500),
	(9821,727,958,600),
	(9822,727,950,700),
	(9823,727,1133,800),
	(9824,727,1303,900),
	(9825,727,1130,1000),
	(9826,727,1064,1100),
	(9827,728,1001,100),
	(9828,728,1065,200),
	(9829,728,934,300),
	(9830,728,958,400),
	(9831,728,1071,500),
	(9832,728,1089,600),
	(9833,728,1299,700),
	(9834,728,1286,800),
	(9835,728,1099,900),
	(9836,728,1293,1000),
	(9837,728,1292,1100),
	(9838,728,1291,1200),
	(9839,728,1583,1300),
	(9840,728,1472,1400),
	(9841,728,1473,1500),
	(9842,728,1467,1600),
	(9843,729,994,100),
	(9844,729,958,200),
	(9845,729,1071,300),
	(9846,729,1089,400),
	(9847,729,1098,500),
	(9848,729,1099,600),
	(9849,729,1293,700),
	(9850,729,1241,800),
	(9851,729,1291,900),
	(9852,729,1583,1000),
	(9853,729,1472,1100),
	(9854,729,1473,1200),
	(9855,729,1467,1300),
	(9869,731,994,100),
	(9870,731,958,200),
	(9871,731,1071,300),
	(9872,731,1089,400),
	(9873,731,1098,500),
	(9874,731,1099,600),
	(9875,731,1293,700),
	(9876,731,1241,800),
	(9877,731,1291,900),
	(9878,731,1583,1000),
	(9879,731,1472,1100),
	(9880,731,1473,1200),
	(9881,731,1467,1300),
	(9882,732,1017,100),
	(9883,732,1089,200),
	(9884,732,1082,300),
	(9885,732,1083,400),
	(9886,732,1084,500),
	(9887,732,1085,600),
	(9888,732,1086,700),
	(9889,732,1079,800),
	(9890,732,1227,900),
	(9891,732,1228,1000),
	(9892,732,1548,1100),
	(9893,733,1017,100),
	(9894,733,1089,200),
	(9895,733,1082,300),
	(9896,733,1083,400),
	(9897,733,1084,500),
	(9898,733,1085,600),
	(9899,733,1086,700),
	(9900,733,1079,800),
	(9901,733,1227,900),
	(9902,733,1228,1000),
	(9903,733,1229,1100),
	(9904,733,1230,1200),
	(9905,734,1017,100),
	(9906,734,1089,200),
	(9907,734,1082,300),
	(9908,734,1083,400),
	(9909,734,1084,500),
	(9910,734,1085,600),
	(9911,734,1086,700),
	(9912,734,1079,800),
	(9913,734,1227,900),
	(9914,734,1228,1000),
	(9915,734,1548,1100),
	(9916,735,1017,100),
	(9917,735,1089,200),
	(9918,735,1082,300),
	(9919,735,1083,400),
	(9920,735,1084,500),
	(9921,735,1085,600),
	(9922,735,1086,700),
	(9923,735,1079,800),
	(9924,735,1227,900),
	(9925,735,1228,1000),
	(9926,735,1548,1100),
	(9927,735,1549,1200),
	(9939,737,1153,100),
	(9940,737,1154,200),
	(9941,737,1155,300),
	(9942,737,1163,400),
	(9943,737,1164,500),
	(9944,737,1234,600),
	(9945,737,1235,700),
	(9946,737,1236,800),
	(9947,737,1237,900),
	(9948,737,1404,1000),
	(9949,737,1411,1100),
	(9950,737,1412,1200),
	(9951,738,1014,100),
	(9952,738,958,200),
	(9953,738,936,300),
	(9954,738,937,400),
	(9955,738,938,500),
	(9956,738,939,600),
	(9957,738,940,700),
	(9958,738,941,800),
	(9959,738,1206,900),
	(9960,738,1180,1000),
	(9961,738,1170,1100),
	(9962,738,1120,1200),
	(9963,738,1121,1300),
	(9964,738,1236,1400),
	(9965,738,1237,1500),
	(10011,742,994,100),
	(10012,742,1302,200),
	(10013,742,1457,300),
	(10014,742,932,400),
	(10015,742,1015,500),
	(10016,742,930,600),
	(10017,742,929,700),
	(10018,742,928,800),
	(10019,743,994,100),
	(10020,743,1302,200),
	(10021,743,1457,300),
	(10022,743,932,400),
	(10023,743,1015,500),
	(10024,743,930,600),
	(10025,743,929,700),
	(10026,743,928,800),
	(10027,744,1305,100),
	(10028,744,1306,200),
	(10029,744,1268,300),
	(10030,744,1269,400),
	(10031,744,1270,500),
	(10032,744,1228,600),
	(10033,744,1548,700),
	(10034,744,1549,800),
	(10035,744,1550,900),
	(10036,744,1551,1000),
	(10037,744,1471,1100),
	(10038,744,1310,1200),
	(10039,744,1091,1300),
	(10040,744,1297,1400),
	(10041,744,1296,1500),
	(10042,744,1353,1600),
	(10043,744,1342,1700),
	(10044,744,1281,1800),
	(10045,744,1282,1900),
	(10046,744,1283,2000),
	(10047,744,1458,2100),
	(10048,744,1459,2200),
	(10049,744,1460,2300),
	(10050,744,1461,2400),
	(10051,744,1554,2500),
	(10052,744,1462,2600),
	(10053,745,1268,100),
	(10054,745,1547,200),
	(10055,745,1546,300),
	(10056,745,1545,400),
	(10057,745,1544,500),
	(10058,745,1543,600),
	(10059,745,1236,700),
	(10060,745,1177,800),
	(10061,745,1628,900),
	(10062,745,1580,1000),
	(10063,745,1506,1100),
	(10064,745,1282,1200),
	(10065,745,1505,1300),
	(10066,745,1391,1400),
	(10067,745,945,1500),
	(10068,745,946,1600),
	(10069,745,947,1700),
	(10070,745,948,1800),
	(10071,746,1079,100),
	(10072,746,1080,200),
	(10073,746,1075,300),
	(10074,746,1351,400),
	(10075,746,1162,500),
	(10076,746,1379,600),
	(10077,746,1035,700),
	(10078,746,1201,800),
	(10079,746,1222,900),
	(10080,746,960,1000),
	(10081,746,961,1100),
	(10082,746,962,1200),
	(10083,746,963,1300),
	(10084,746,964,1400),
	(10085,746,965,1500),
	(10086,746,1145,1600),
	(10087,747,1268,100),
	(10088,747,1269,200),
	(10089,747,1270,300),
	(10090,747,1228,400),
	(10091,747,1227,500),
	(10092,747,1079,600),
	(10093,747,1080,700),
	(10094,747,1075,800),
	(10095,747,1351,900),
	(10096,747,1046,1000),
	(10097,747,1379,1100),
	(10098,747,1035,1200),
	(10099,747,1201,1300),
	(10100,747,1222,1400),
	(10101,747,1013,1500),
	(10102,747,960,1600),
	(10103,747,961,1700),
	(10104,747,962,1800),
	(10105,747,972,1900),
	(10106,747,973,2000),
	(10107,747,957,2100),
	(10108,748,948,100),
	(10109,748,1190,200),
	(10110,748,1191,300),
	(10111,748,1192,400),
	(10112,748,1193,500),
	(10113,748,1194,600),
	(10114,748,1195,700),
	(10115,748,1196,800),
	(10116,748,1620,900),
	(10117,748,1621,1000),
	(10118,748,1629,1100),
	(10119,748,1442,1200),
	(10120,748,1630,1300),
	(10121,748,1631,1400),
	(10122,748,1632,1500),
	(10123,748,1633,1600),
	(10124,748,1634,1700),
	(10125,749,1012,100),
	(10126,749,940,200),
	(10127,749,1013,300),
	(10128,749,941,400),
	(10129,749,942,500),
	(10130,749,943,600),
	(10131,749,944,700),
	(10132,749,945,800),
	(10133,749,946,900),
	(10134,749,947,1000),
	(10135,749,948,1100),
	(10136,749,1190,1200),
	(10137,749,1191,1300),
	(10138,749,1192,1400),
	(10139,749,1193,1500),
	(10140,749,1194,1600),
	(10141,749,1195,1700),
	(10142,749,1196,1800),
	(10143,749,1620,1900),
	(10144,749,1621,2000),
	(10145,749,1629,2100),
	(10146,749,1442,2200),
	(10147,749,1630,2300),
	(10148,749,1631,2400),
	(10149,749,1632,2500),
	(10150,749,1633,2600),
	(10151,749,1634,2700),
	(10179,751,1188,100),
	(10180,751,1189,200),
	(10181,751,947,300),
	(10182,751,948,400),
	(10183,751,1190,500),
	(10184,751,1191,600),
	(10185,751,1192,700),
	(10186,751,1193,800),
	(10187,751,1194,900),
	(10188,751,1195,1000),
	(10189,751,1196,1100),
	(10190,751,1620,1200),
	(10191,751,1621,1300),
	(10192,751,1629,1400),
	(10193,751,1442,1500),
	(10194,751,1630,1600),
	(10195,751,1631,1700),
	(10196,751,1632,1800),
	(10197,751,1633,1900),
	(10198,751,1634,2000),
	(10199,752,1237,100),
	(10200,752,1404,200),
	(10201,752,1411,300),
	(10202,752,1412,400),
	(10203,752,1434,500),
	(10204,752,1414,600),
	(10205,752,1635,700),
	(10206,752,1636,800),
	(10207,752,1637,900),
	(10208,752,1638,1000),
	(10209,752,1639,1100),
	(10210,752,1640,1200),
	(10211,752,1641,1300),
	(10212,752,1642,1400),
	(10213,752,1643,1500),
	(10214,752,1335,1600),
	(10215,752,1644,1700),
	(10216,752,1645,1800),
	(10217,753,994,100),
	(10218,753,958,200),
	(10219,753,950,300),
	(10220,753,937,400),
	(10221,753,938,500),
	(10222,753,939,600),
	(10223,753,940,700),
	(10224,753,1013,800),
	(10225,753,941,900),
	(10226,753,1206,1000),
	(10227,753,1180,1100),
	(10228,753,1170,1200),
	(10229,753,1120,1300),
	(10230,753,1121,1400),
	(10231,753,1236,1500),
	(10232,753,1237,1600),
	(10233,753,1646,1700),
	(10234,753,1406,1800),
	(10235,753,1647,1900),
	(10236,753,1648,2000),
	(10237,753,1649,2100),
	(10238,753,1650,2200),
	(10239,753,1651,2300),
	(10240,753,1652,2400),
	(10241,753,1653,2500),
	(10242,753,1654,2600),
	(10243,754,1467,100),
	(10244,754,1479,200),
	(10245,754,960,300),
	(10246,754,1480,400),
	(10247,754,1157,500),
	(10248,754,1481,600),
	(10249,754,1335,700),
	(10250,754,1493,800),
	(10251,754,1569,900),
	(10252,754,1570,1000),
	(10253,754,1561,1100),
	(10254,754,1562,1200),
	(10255,754,1563,1300),
	(10256,754,1577,1400),
	(10257,754,1655,1500),
	(10258,754,1656,1600),
	(10259,754,1657,1700),
	(10260,754,1658,1800),
	(10261,754,1659,1900),
	(10262,754,1660,2000),
	(10263,754,1661,2100),
	(10264,754,1642,2200),
	(10265,755,1156,100),
	(10266,755,1046,200),
	(10267,755,1379,300),
	(10268,755,1035,400),
	(10269,755,1201,500),
	(10270,755,942,600),
	(10271,755,943,700),
	(10272,755,944,800),
	(10273,755,945,900),
	(10274,755,946,1000),
	(10275,755,947,1100),
	(10276,755,948,1200),
	(10277,755,1209,1300),
	(10278,755,1210,1400),
	(10279,755,1211,1500),
	(10280,755,1395,1600),
	(10281,755,1396,1700),
	(10282,755,1595,1800),
	(10283,755,1596,1900),
	(10284,756,1467,100),
	(10285,756,1474,200),
	(10286,756,1475,300),
	(10287,756,1482,400),
	(10288,756,1483,500),
	(10289,756,1662,600),
	(10290,756,1663,700),
	(10291,756,1664,800),
	(10292,756,1665,900),
	(10293,756,1666,1000),
	(10294,756,1667,1100),
	(10295,756,1668,1200),
	(10296,756,1669,1300),
	(10297,756,1670,1400),
	(10298,756,1671,1500),
	(10299,756,1672,1600),
	(10300,756,1673,1700),
	(10301,756,1674,1800),
	(10302,756,1675,1900),
	(10303,756,1605,2000),
	(10304,756,1676,2100),
	(10305,756,1677,2200),
	(10306,756,1678,2300),
	(10307,757,1679,100),
	(10308,757,1680,200),
	(10309,757,1681,300),
	(10310,757,1682,400),
	(10311,757,1683,500),
	(10312,757,1684,600),
	(10313,757,1685,700),
	(10314,757,1686,800),
	(10315,757,1687,900),
	(10316,757,1688,1000),
	(10317,757,1689,1100),
	(10318,757,1690,1200),
	(10319,757,1662,1300),
	(10320,757,1483,1400),
	(10321,757,1482,1500),
	(10322,757,1475,1600),
	(10323,757,1474,1700),
	(10324,757,1467,1800),
	(10325,757,1473,1900),
	(10326,757,1472,2000),
	(10327,757,1471,2100),
	(10328,757,1613,2200),
	(10329,757,1584,2300),
	(10330,757,1585,2400),
	(10331,757,1350,2500),
	(10332,757,1075,2600),
	(10333,757,1351,2700),
	(10334,757,1156,2800),
	(10335,758,1683,100),
	(10336,758,1268,200),
	(10337,758,1685,300),
	(10338,758,1686,400),
	(10339,758,1687,500),
	(10340,758,1688,600),
	(10341,758,1689,700),
	(10342,758,1690,800),
	(10343,758,1662,900),
	(10344,758,1483,1000),
	(10345,758,1482,1100),
	(10346,758,1475,1200),
	(10347,758,1474,1300),
	(10348,758,1467,1400),
	(10349,758,1473,1500),
	(10350,758,1472,1600),
	(10351,758,1471,1700),
	(10352,758,1613,1800),
	(10353,758,1584,1900),
	(10354,758,1585,2000),
	(10355,758,1350,2100),
	(10356,758,1075,2200),
	(10357,758,1351,2300),
	(10358,758,1156,2400),
	(10359,759,948,100),
	(10360,759,1190,200),
	(10361,759,1191,300),
	(10362,759,1192,400),
	(10363,759,1193,500),
	(10364,759,931,600),
	(10365,759,1439,700),
	(10366,759,1440,800),
	(10367,759,1441,900),
	(10368,759,1691,1000),
	(10369,759,1692,1100),
	(10370,759,1219,1200),
	(10371,759,1693,1300),
	(10372,759,1057,1400),
	(10373,759,1694,1500),
	(10374,759,1695,1600),
	(10375,759,1696,1700),
	(10376,759,1697,1800),
	(10377,759,1606,1900),
	(10378,759,1698,2000),
	(10379,759,1699,2100),
	(10380,759,1700,2200),
	(10381,759,1701,2300),
	(10382,759,1702,2400),
	(10383,759,1703,2500),
	(10384,759,1704,2600),
	(10385,760,945,100),
	(10386,760,946,200),
	(10387,760,947,300),
	(10388,760,948,400),
	(10389,760,1190,500),
	(10390,760,1191,600),
	(10391,760,1192,700),
	(10392,760,1193,800),
	(10393,760,931,900),
	(10394,760,1439,1000),
	(10395,760,1440,1100),
	(10396,760,1441,1200),
	(10397,760,1450,1300),
	(10398,760,1692,1400),
	(10399,760,1219,1500),
	(10400,760,1693,1600),
	(10401,760,1057,1700),
	(10402,760,1705,1800),
	(10403,760,1215,1900),
	(10404,760,1706,2000),
	(10405,760,1707,2100),
	(10406,760,1708,2200),
	(10407,761,1012,100),
	(10408,761,940,200),
	(10409,761,941,300),
	(10410,761,942,400),
	(10411,761,943,500),
	(10412,761,944,600),
	(10413,761,945,700),
	(10414,761,946,800),
	(10415,761,947,900),
	(10416,761,948,1000),
	(10417,761,1190,1100),
	(10418,761,1191,1200),
	(10419,761,1192,1300),
	(10420,761,1193,1400),
	(10421,761,1194,1500),
	(10422,761,1195,1600),
	(10423,761,1195,1700),
	(10424,761,1196,1800),
	(10425,761,1620,1900),
	(10426,761,1622,2000),
	(10427,761,1623,2100),
	(10428,762,1014,100),
	(10429,762,958,200),
	(10430,762,950,300),
	(10431,762,937,400),
	(10432,762,938,500),
	(10433,762,939,600),
	(10434,762,940,700),
	(10435,762,1013,800),
	(10436,762,941,900),
	(10437,762,1202,1000),
	(10438,762,943,1100),
	(10439,762,944,1200),
	(10440,762,945,1300),
	(10441,762,946,1400),
	(10442,762,947,1500),
	(10443,762,948,1600),
	(10444,762,1190,1700),
	(10445,762,1191,1800),
	(10446,762,1192,1900),
	(10447,762,1193,2000),
	(10448,762,1194,2100),
	(10449,762,1195,2200),
	(10450,762,1196,2300),
	(10451,762,1620,2400),
	(10452,762,1621,2500),
	(10453,762,1709,2600),
	(10454,762,1623,2700),
	(10455,763,1012,100),
	(10456,763,940,200),
	(10457,763,1027,300),
	(10458,763,956,400),
	(10459,763,959,500),
	(10460,763,973,600),
	(10461,763,1040,700),
	(10462,763,1041,800),
	(10463,763,1048,900),
	(10464,763,1049,1000),
	(10465,763,1050,1100),
	(10466,763,1051,1200),
	(10467,763,1052,1300),
	(10468,763,1053,1400),
	(10469,763,1054,1500),
	(10470,763,1055,1600),
	(10471,763,1056,1700),
	(10472,763,1057,1800),
	(10473,763,1694,1900),
	(10474,763,1695,2000),
	(10475,763,1696,2100),
	(10476,763,1697,2200),
	(10477,764,994,100),
	(10478,764,1065,200),
	(10479,764,1066,300),
	(10480,764,1063,400),
	(10481,764,1064,500),
	(10482,764,954,600),
	(10483,764,955,700),
	(10484,764,1223,800),
	(10485,764,1039,900),
	(10486,764,1040,1000),
	(10487,764,1041,1100),
	(10488,764,1048,1200),
	(10489,764,1049,1300),
	(10490,764,1050,1400),
	(10491,764,1051,1500),
	(10492,764,1052,1600),
	(10493,764,1053,1700),
	(10494,764,1054,1800),
	(10495,764,1055,1900),
	(10496,764,1056,2000),
	(10497,764,1057,2100),
	(10498,764,1694,2200),
	(10499,764,1695,2300),
	(10500,764,1697,2400),
	(10501,765,958,100),
	(10502,765,950,200),
	(10503,765,951,300),
	(10504,765,952,400),
	(10505,765,953,500),
	(10506,765,954,600),
	(10507,765,955,700),
	(10508,765,959,800),
	(10509,765,1149,900),
	(10510,765,1040,1000),
	(10511,765,1041,1100),
	(10512,765,1048,1200),
	(10513,765,1049,1300),
	(10514,765,1050,1400),
	(10515,765,1051,1500),
	(10516,765,1052,1600),
	(10517,765,1053,1700),
	(10518,765,1054,1800),
	(10519,765,1055,1900),
	(10520,765,1056,2000),
	(10521,765,1057,2100),
	(10522,765,1694,2200),
	(10523,765,1695,2300),
	(10524,765,1696,2400),
	(10525,765,1697,2500),
	(10550,767,956,100),
	(10551,767,959,200),
	(10552,767,1039,300),
	(10553,767,1040,400),
	(10554,767,1041,500),
	(10555,767,1048,600),
	(10556,767,1049,700),
	(10557,767,1050,800),
	(10558,767,1051,900),
	(10559,767,1052,1000),
	(10560,767,1053,1100),
	(10561,767,1054,1200),
	(10562,767,1055,1300),
	(10563,767,1056,1400),
	(10564,767,1057,1500),
	(10565,767,1694,1600),
	(10566,767,1695,1700),
	(10567,767,1696,1800),
	(10568,767,1697,1900),
	(10569,767,1710,2000),
	(10570,767,1711,2100),
	(10571,767,1712,2200),
	(10572,767,1713,2300),
	(10573,767,1714,2400),
	(10574,767,1715,2500),
	(10575,768,957,100),
	(10576,768,1039,200),
	(10577,768,1040,300),
	(10578,768,1041,400),
	(10579,768,1048,500),
	(10580,768,1049,600),
	(10581,768,1050,700),
	(10582,768,1051,800),
	(10583,768,1052,900),
	(10584,768,1053,1000),
	(10585,768,1054,1100),
	(10586,768,1055,1200),
	(10587,768,1056,1300),
	(10588,768,1057,1400),
	(10589,768,1694,1500),
	(10590,768,1695,1600),
	(10591,768,1696,1700),
	(10592,768,1697,1800),
	(10593,768,1716,1900),
	(10594,768,1717,2000),
	(10595,768,1718,2100),
	(10596,768,1719,2200),
	(10597,768,1720,2300),
	(10598,768,1721,2400),
	(10599,768,1722,2500),
	(10600,768,1723,2600),
	(10601,768,1724,2700),
	(10602,769,957,100),
	(10603,769,1039,200),
	(10604,769,1040,300),
	(10605,769,1041,400),
	(10606,769,1048,500),
	(10607,769,1049,600),
	(10608,769,1050,700),
	(10609,769,1051,800),
	(10610,769,1052,900),
	(10611,769,1053,1000),
	(10612,769,1054,1100),
	(10613,769,1055,1200),
	(10614,769,1056,1300),
	(10615,769,1057,1400),
	(10616,769,1694,1500),
	(10617,769,1695,1600),
	(10618,769,1696,1700),
	(10619,769,1697,1800),
	(10620,769,1716,1900),
	(10621,769,1717,2000),
	(10622,769,1718,2100),
	(10623,769,1719,2200),
	(10624,769,1725,2300),
	(10625,769,1720,2400),
	(10626,769,1721,2500),
	(10627,769,1722,2600),
	(10628,770,1021,100),
	(10629,770,1118,200),
	(10630,770,1119,300),
	(10631,770,1120,400),
	(10632,770,1121,500),
	(10633,770,1236,600),
	(10634,770,1237,700),
	(10635,770,1646,800),
	(10636,770,1406,900),
	(10637,770,1647,1000),
	(10638,770,1648,1100),
	(10639,770,1697,1200),
	(10640,770,1650,1300),
	(10641,770,1651,1400),
	(10642,770,1652,1500),
	(10643,770,1653,1600),
	(10644,770,1654,1700),
	(10645,770,1726,1800),
	(10646,770,1563,1900),
	(10647,770,1450,2000),
	(10648,770,1075,2100),
	(10649,770,1727,2200),
	(10672,772,994,100),
	(10673,772,934,200),
	(10674,772,933,300),
	(10675,772,1017,400),
	(10676,772,1016,500),
	(10677,772,1015,600),
	(10678,772,930,700),
	(10679,772,929,800),
	(10680,772,928,900),
	(10681,772,998,1000),
	(10682,772,1280,1100),
	(10683,772,1281,1200),
	(10684,772,1282,1300),
	(10685,772,1728,1400),
	(10686,772,1458,1500),
	(10687,772,1459,1600),
	(10688,772,1460,1700),
	(10689,772,1461,1800),
	(10690,772,1554,1900),
	(10691,772,1729,2000),
	(10692,772,1730,2100),
	(10693,772,1731,2200),
	(10694,772,1732,2300),
	(10695,772,1733,2400),
	(10696,773,1734,100),
	(10697,773,1102,200),
	(10698,773,1735,300),
	(10699,773,1736,400),
	(10700,773,1665,500),
	(10701,773,1664,600),
	(10702,773,1663,700),
	(10703,773,1662,800),
	(10704,773,1483,900),
	(10705,773,1482,1000),
	(10706,773,1475,1100),
	(10707,773,1474,1200),
	(10708,773,1467,1300),
	(10709,773,1473,1400),
	(10710,773,1472,1500),
	(10711,773,1471,1600),
	(10712,773,1613,1700),
	(10713,773,1584,1800),
	(10714,773,1585,1900),
	(10715,773,1350,2000),
	(10716,773,1075,2100),
	(10717,773,1351,2200),
	(10718,773,1156,2300),
	(10719,774,1237,100),
	(10720,774,1404,200),
	(10721,774,1411,300),
	(10722,774,1412,400),
	(10723,774,1434,500),
	(10724,774,1414,600),
	(10725,774,1635,700),
	(10726,774,1636,800),
	(10727,774,1637,900),
	(10728,774,1638,1000),
	(10729,774,1639,1100),
	(10730,774,1640,1200),
	(10731,774,1641,1300),
	(10732,774,1642,1400),
	(10733,774,1737,1500),
	(10734,774,1738,1600),
	(10735,774,1739,1700),
	(10736,774,1740,1800),
	(10737,774,1741,1900),
	(10738,775,1017,100),
	(10739,775,1004,200),
	(10740,775,1308,300),
	(10741,775,1091,400),
	(10742,775,1310,500),
	(10743,775,1471,600),
	(10744,775,1472,700),
	(10745,775,1473,800),
	(10746,775,1467,900),
	(10747,775,1474,1000),
	(10748,775,1475,1100),
	(10749,775,1482,1200),
	(10750,775,1483,1300),
	(10751,775,1662,1400),
	(10752,775,1663,1500),
	(10753,775,1664,1600),
	(10754,775,1665,1700),
	(10755,775,1666,1800),
	(10756,775,1742,1900),
	(10757,775,1102,2000),
	(10758,775,1734,2100),
	(10759,775,1743,2200),
	(10760,775,1744,2300),
	(10761,775,1683,2400),
	(10762,776,957,100),
	(10763,776,959,200),
	(10764,776,956,300),
	(10765,776,1027,400),
	(10766,776,941,500),
	(10767,776,1206,600),
	(10768,776,1180,700),
	(10769,776,1170,800),
	(10770,776,1120,900),
	(10771,776,1121,1000),
	(10772,776,1236,1100),
	(10773,776,1237,1200),
	(10774,776,1646,1300),
	(10775,776,1406,1400),
	(10776,776,1647,1500),
	(10777,776,1648,1600),
	(10778,776,1649,1700),
	(10779,776,1650,1800),
	(10780,776,1651,1900),
	(10781,776,1652,2000),
	(10782,776,1653,2100),
	(10783,776,1654,2200),
	(10784,777,962,100),
	(10785,777,963,200),
	(10786,777,964,300),
	(10787,777,965,400),
	(10788,777,1006,500),
	(10789,777,1007,600),
	(10790,777,1369,700),
	(10791,777,1384,800),
	(10792,777,1385,900),
	(10793,777,1386,1000),
	(10794,777,1387,1100),
	(10795,777,1595,1200),
	(10796,777,1745,1300),
	(10797,777,1746,1400),
	(10798,777,1747,1500),
	(10799,777,1748,1600),
	(10800,777,1749,1700),
	(10801,777,1750,1800),
	(10802,777,1751,1900),
	(10803,777,1415,2000),
	(10804,777,1720,2100),
	(10805,777,1725,2200),
	(10806,777,1752,2300),
	(10807,778,1034,100),
	(10808,778,1033,200),
	(10809,778,1032,300),
	(10810,778,1031,400),
	(10811,778,1753,500),
	(10812,778,1006,600),
	(10813,778,1754,700),
	(10814,778,1755,800),
	(10815,778,1586,900),
	(10816,778,1385,1000),
	(10817,778,1386,1100),
	(10818,778,1387,1200),
	(10819,778,1692,1300),
	(10820,778,1219,1400),
	(10821,778,1693,1500),
	(10822,778,1057,1600),
	(10823,779,994,100),
	(10824,779,958,200),
	(10825,779,1151,300),
	(10826,779,1152,400),
	(10827,779,1153,500),
	(10828,779,1154,600),
	(10829,779,1155,700),
	(10830,779,1163,800),
	(10831,779,1164,900),
	(10832,779,1234,1000),
	(10833,779,1235,1100),
	(10834,779,1236,1200),
	(10835,779,1237,1300),
	(10836,779,1646,1400),
	(10837,779,1406,1500),
	(10838,779,1647,1600),
	(10839,779,1648,1700),
	(10840,779,1649,1800),
	(10841,779,1650,1900),
	(10842,779,1651,2000),
	(10843,779,1652,2100),
	(10844,779,1653,2200),
	(10845,779,1654,2300),
	(10846,780,1012,100),
	(10847,780,940,200),
	(10848,780,941,300),
	(10849,780,1206,400),
	(10850,780,1180,500),
	(10851,780,1170,600),
	(10852,780,1120,700),
	(10853,780,1121,800),
	(10854,780,1236,900),
	(10855,780,1237,1000),
	(10856,780,1646,1100),
	(10857,780,1406,1200),
	(10858,780,1647,1300),
	(10859,780,1648,1400),
	(10860,780,1697,1500),
	(10861,780,1650,1600),
	(10862,780,1651,1700),
	(10863,780,1652,1800),
	(10864,780,1653,1900),
	(10865,780,1654,2000),
	(10912,783,948,100),
	(10913,783,1190,200),
	(10914,783,1191,300),
	(10915,783,1192,400),
	(10916,783,1193,500),
	(10917,783,931,600),
	(10918,783,1439,700),
	(10919,783,1440,800),
	(10920,783,1441,900),
	(10921,783,1450,1000),
	(10922,783,1692,1100),
	(10923,783,1219,1200),
	(10924,783,1693,1300),
	(10925,783,1057,1400),
	(10926,783,1694,1500),
	(10927,783,1695,1600),
	(10928,783,1696,1700),
	(10929,783,1697,1800),
	(10930,784,948,100),
	(10931,784,1190,200),
	(10932,784,1191,300),
	(10933,784,1192,400),
	(10934,784,1193,500),
	(10935,784,1758,600),
	(10936,784,1439,700),
	(10937,784,1759,800),
	(10938,784,1441,900),
	(10939,784,1691,1000),
	(10940,784,1595,1100),
	(10941,784,1760,1200),
	(10942,784,1745,1300),
	(10943,784,1746,1400),
	(10944,784,1761,1500),
	(10945,784,1748,1600),
	(10946,784,1749,1700),
	(10947,784,1762,1800),
	(10948,784,1717,1900),
	(10949,784,1763,2000),
	(10950,784,1697,2100),
	(10988,787,1017,100),
	(10989,787,1004,200),
	(10990,787,1308,300),
	(10991,787,1091,400),
	(10992,787,1310,500),
	(10993,787,1471,600),
	(10994,787,1472,700),
	(10995,787,1473,800),
	(10996,787,1467,900),
	(10997,787,1474,1000),
	(10998,787,1475,1100),
	(10999,787,1482,1200),
	(11000,787,1483,1300),
	(11001,787,1662,1400),
	(11002,787,1663,1500),
	(11003,787,1664,1600),
	(11004,787,1665,1700),
	(11005,787,1666,1800),
	(11006,787,1667,1900),
	(11007,787,1668,2000),
	(11008,787,1769,2100),
	(11009,787,1770,2200),
	(11010,787,1771,2300),
	(11011,787,1772,2400),
	(11012,787,1453,2500),
	(11013,787,1773,2600),
	(11014,788,994,100),
	(11015,788,934,200),
	(11016,788,933,300),
	(11017,788,1017,400),
	(11018,788,1004,500),
	(11019,788,1308,600),
	(11020,788,1091,700),
	(11021,788,1310,800),
	(11022,788,1471,900),
	(11023,788,1472,1000),
	(11024,788,1473,1100),
	(11025,788,1467,1200),
	(11026,788,1558,1300),
	(11027,788,1475,1400),
	(11028,788,1482,1500),
	(11029,788,1483,1600),
	(11030,788,1662,1700),
	(11031,788,1663,1800),
	(11032,788,1664,1900),
	(11033,788,1665,2000),
	(11034,788,1666,2100),
	(11035,788,1667,2200),
	(11036,788,1770,2300),
	(11037,788,1771,2400),
	(11062,790,1017,100),
	(11063,790,1004,200),
	(11064,790,1308,300),
	(11065,790,1091,400),
	(11066,790,1310,500),
	(11067,790,1471,600),
	(11068,790,1472,700),
	(11069,790,1473,800),
	(11070,790,1467,900),
	(11071,790,1474,1000),
	(11072,790,1475,1100),
	(11073,790,1482,1200),
	(11074,790,1483,1300),
	(11075,790,1662,1400),
	(11076,790,1663,1500),
	(11077,790,1664,1600),
	(11078,790,1282,1700),
	(11079,790,1296,1800),
	(11080,790,1774,1900),
	(11081,790,1775,2000),
	(11082,791,1091,100),
	(11083,791,1310,200),
	(11084,791,1471,300),
	(11085,791,1472,400),
	(11086,791,1473,500),
	(11087,791,1467,600),
	(11088,791,1474,700),
	(11089,791,1475,800),
	(11090,791,1482,900),
	(11091,791,1483,1000),
	(11092,791,1662,1100),
	(11093,791,1663,1200),
	(11094,791,1664,1300),
	(11095,791,1282,1400),
	(11096,791,1310,1500),
	(11097,791,1774,1600),
	(11098,791,1775,1700),
	(11099,791,1776,1800),
	(11100,791,1777,1900),
	(11101,791,1778,2000),
	(11102,791,1779,2100),
	(11103,791,1780,2200),
	(11104,791,1781,2300),
	(11105,791,1534,2400),
	(11106,791,1782,2500),
	(11107,791,1783,2600),
	(11108,791,1784,2700),
	(11109,791,1785,2800),
	(11110,792,1467,100),
	(11111,792,1474,200),
	(11112,792,1475,300),
	(11113,792,1482,400),
	(11114,792,1483,500),
	(11115,792,1662,600),
	(11116,792,1663,700),
	(11117,792,1664,800),
	(11118,792,1282,900),
	(11119,792,1310,1000),
	(11120,792,1774,1100),
	(11121,792,1775,1200),
	(11122,792,1726,1300),
	(11123,792,1786,1400),
	(11124,792,1787,1500),
	(11125,792,1602,1600),
	(11126,792,1554,1700),
	(11127,793,1788,100),
	(11128,793,1789,200),
	(11129,793,1790,300),
	(11130,793,1683,400),
	(11131,793,1684,500),
	(11132,793,1685,600),
	(11133,793,1686,700),
	(11134,793,1687,800),
	(11135,793,1688,900),
	(11136,793,1689,1000),
	(11137,793,1690,1100),
	(11138,793,1662,1200),
	(11139,793,1483,1300),
	(11140,793,1482,1400),
	(11141,793,1475,1500),
	(11142,793,1474,1600),
	(11143,793,1467,1700),
	(11144,793,1473,1800),
	(11145,793,1472,1900),
	(11146,793,1551,2000),
	(11147,793,1550,2100),
	(11148,793,1549,2200),
	(11149,793,1548,2300),
	(11150,793,1791,2400),
	(11151,793,1227,2500),
	(11152,793,1079,2600),
	(11153,794,1079,100),
	(11154,794,1227,200),
	(11155,794,1228,300),
	(11156,794,1270,400),
	(11157,794,1269,500),
	(11158,794,1268,600),
	(11159,794,1306,700),
	(11160,794,1305,800),
	(11161,794,1556,900),
	(11162,794,1417,1000),
	(11163,794,1557,1100),
	(11164,794,1558,1200),
	(11165,794,1559,1300),
	(11166,794,1560,1400),
	(11167,794,1561,1500),
	(11168,794,1792,1600),
	(11169,794,1793,1700),
	(11170,794,1794,1800),
	(11171,794,1795,1900),
	(11172,794,1796,2000),
	(11173,794,1683,2100),
	(11174,795,1268,100),
	(11175,795,1547,200),
	(11176,795,1546,300),
	(11177,795,1545,400),
	(11178,795,1544,500),
	(11179,795,1543,600),
	(11180,795,1237,700),
	(11181,795,1646,800),
	(11182,795,1406,900),
	(11183,795,1647,1000),
	(11184,795,1648,1100),
	(11185,795,1649,1200),
	(11186,795,1650,1300),
	(11187,795,1651,1400),
	(11188,795,1652,1500),
	(11189,795,1653,1600),
	(11190,795,1654,1700),
	(11191,795,1756,1800),
	(11192,795,1757,1900),
	(11193,795,1691,2000),
	(11194,795,1075,2100),
	(11195,795,1727,2200),
	(11196,796,1506,100),
	(11197,796,1282,200),
	(11198,796,1505,300),
	(11199,796,1391,400),
	(11200,796,945,500),
	(11201,796,946,600),
	(11202,796,947,700),
	(11203,796,948,800),
	(11204,796,1190,900),
	(11205,796,1191,1000),
	(11206,796,1192,1100),
	(11207,796,1193,1200),
	(11208,796,931,1300),
	(11209,796,1439,1400),
	(11210,796,1440,1500),
	(11211,796,1441,1600),
	(11212,796,1797,1700),
	(11213,796,1692,1800),
	(11214,796,1219,1900),
	(11215,796,1693,2000),
	(11216,796,1057,2100),
	(11217,796,1694,2200),
	(11218,796,1695,2300),
	(11219,796,1696,2400),
	(11220,796,1697,2500),
	(11221,797,948,100),
	(11222,797,947,200),
	(11223,797,946,300),
	(11224,797,945,400),
	(11225,797,1391,500),
	(11226,797,1505,600),
	(11227,797,1282,700),
	(11228,797,1506,800),
	(11229,797,1580,900),
	(11230,797,1581,1000),
	(11231,797,1177,1100),
	(11232,797,1236,1200),
	(11233,797,1237,1300),
	(11234,797,1404,1400),
	(11235,797,1411,1500),
	(11236,797,1412,1600),
	(11237,797,1434,1700),
	(11238,797,1414,1800),
	(11239,797,1635,1900),
	(11240,797,1636,2000),
	(11241,797,1637,2100),
	(11242,797,1638,2200),
	(11243,797,1639,2300),
	(11244,797,1640,2400),
	(11245,797,1641,2500),
	(11246,797,1642,2600),
	(11271,799,956,100),
	(11272,799,959,200),
	(11273,799,1149,300),
	(11274,799,1040,400),
	(11275,799,1041,500),
	(11276,799,1048,600),
	(11277,799,1049,700),
	(11278,799,1050,800),
	(11279,799,1051,900),
	(11280,799,1052,1000),
	(11281,799,1053,1100),
	(11282,799,1054,1200),
	(11283,799,1055,1300),
	(11284,799,1056,1400),
	(11285,799,1057,1500),
	(11286,799,1694,1600),
	(11287,799,1695,1700),
	(11288,799,1696,1800),
	(11289,799,1697,1900),
	(11290,799,1606,2000),
	(11291,799,1698,2100),
	(11292,799,1798,2200),
	(11293,799,1703,2300),
	(11294,799,1704,2400),
	(11295,800,1156,100),
	(11296,800,1046,200),
	(11297,800,1379,300),
	(11298,800,1035,400),
	(11299,800,1201,500),
	(11300,800,941,600),
	(11301,800,1013,700),
	(11302,800,960,800),
	(11303,800,961,900),
	(11304,800,995,1000),
	(11305,800,972,1100),
	(11306,800,973,1200),
	(11307,800,1040,1300),
	(11308,800,1041,1400),
	(11309,800,1048,1500),
	(11310,800,1049,1600),
	(11311,800,1050,1700),
	(11312,800,1051,1800),
	(11313,800,1052,1900),
	(11314,800,1053,2000),
	(11315,800,1054,2100),
	(11316,800,1055,2200),
	(11317,800,1056,2300),
	(11318,800,1057,2400),
	(11343,802,994,100),
	(11344,802,958,200),
	(11345,802,1151,300),
	(11346,802,1152,400),
	(11347,802,1073,500),
	(11348,802,1327,600),
	(11349,802,1085,700),
	(11350,802,1086,800),
	(11351,802,1079,900),
	(11352,802,1227,1000),
	(11353,802,1228,1100),
	(11354,802,1270,1200),
	(11355,802,1269,1300),
	(11356,802,1268,1400),
	(11357,802,1306,1500),
	(11358,802,1305,1600),
	(11359,802,1556,1700),
	(11360,802,1417,1800),
	(11361,802,1590,1900),
	(11362,802,1427,2000),
	(11363,802,1799,2100),
	(11364,802,1800,2200),
	(11365,802,1801,2300),
	(11366,802,1180,2400),
	(11367,802,1802,2500),
	(11368,802,1642,2600),
	(11369,803,1079,100),
	(11370,803,1227,200),
	(11371,803,1228,300),
	(11372,803,1270,400),
	(11373,803,1269,500),
	(11374,803,1268,600),
	(11375,803,1306,700),
	(11376,803,1305,800),
	(11377,803,1556,900),
	(11378,803,1417,1000),
	(11379,803,1590,1100),
	(11380,803,1427,1200),
	(11381,803,1799,1300),
	(11382,803,1800,1400),
	(11383,803,1801,1500),
	(11384,803,1180,1600),
	(11385,803,1802,1700),
	(11386,803,1642,1800),
	(11387,804,1506,100),
	(11388,804,1580,200),
	(11389,804,1628,300),
	(11390,804,1177,400),
	(11391,804,1236,500),
	(11392,804,1237,600),
	(11393,804,1646,700),
	(11394,804,1406,800),
	(11395,804,1647,900),
	(11396,804,1648,1000),
	(11397,804,1649,1100),
	(11398,804,1650,1200),
	(11399,804,1651,1300),
	(11400,804,1652,1400),
	(11401,804,1653,1500),
	(11402,804,1654,1600),
	(11403,805,948,100),
	(11404,805,1209,200),
	(11405,805,1210,300),
	(11406,805,1211,400),
	(11407,805,1395,500),
	(11408,805,1396,600),
	(11409,805,1595,700),
	(11410,805,1596,800),
	(11411,805,1803,900),
	(11412,805,1804,1000),
	(11413,805,1805,1100),
	(11414,805,1806,1200),
	(11415,805,1807,1300),
	(11416,805,1808,1400),
	(11417,805,1809,1500),
	(11418,805,1810,1600),
	(11419,805,1811,1700),
	(11420,805,1812,1800),
	(11421,805,1813,1900),
	(11422,805,1814,2000),
	(11423,805,1815,2100),
	(11424,805,1816,2200),
	(11425,805,1817,2300),
	(11426,806,994,100),
	(11427,806,958,200),
	(11428,806,950,300),
	(11429,806,937,400),
	(11430,806,938,500),
	(11431,806,939,600),
	(11432,806,940,700),
	(11433,806,941,800),
	(11434,806,942,900),
	(11435,806,943,1000),
	(11436,806,944,1100),
	(11437,806,945,1200),
	(11438,806,946,1300),
	(11439,806,947,1400),
	(11440,806,948,1500),
	(11441,806,1209,1600),
	(11442,806,1210,1700),
	(11443,806,1211,1800),
	(11444,806,1395,1900),
	(11445,806,1396,2000),
	(11446,806,1595,2100),
	(11447,806,1596,2200),
	(11448,807,1268,100),
	(11449,807,1306,200),
	(11450,807,1305,300),
	(11451,807,1556,400),
	(11452,807,1417,500),
	(11453,807,1818,600),
	(11454,807,1558,700),
	(11455,807,1559,800),
	(11456,807,1560,900),
	(11457,807,1561,1000),
	(11458,807,1792,1100),
	(11459,807,1793,1200),
	(11460,807,1794,1300),
	(11461,807,1795,1400),
	(11462,807,1796,1500),
	(11463,807,1662,1600),
	(11464,807,1744,1700),
	(11465,807,1743,1800),
	(11466,807,1734,1900),
	(11467,808,1012,100),
	(11468,808,940,200),
	(11469,808,941,300),
	(11470,808,942,400),
	(11471,808,943,500),
	(11472,808,944,600),
	(11473,808,945,700),
	(11474,808,946,800),
	(11475,808,947,900),
	(11476,808,948,1000),
	(11477,808,1209,1100),
	(11478,808,1210,1200),
	(11479,808,1211,1300),
	(11480,808,1395,1400),
	(11481,808,1396,1500),
	(11482,808,1595,1600),
	(11483,808,1596,1700),
	(11484,808,1803,1800),
	(11485,808,1804,1900),
	(11486,808,1805,2000),
	(11487,808,1806,2100),
	(11488,808,1807,2200),
	(11489,808,1808,2300),
	(11490,808,1819,2400),
	(11491,808,1820,2500),
	(11492,809,1012,100),
	(11493,809,940,200),
	(11494,809,941,300),
	(11495,809,1206,400),
	(11496,809,1180,500),
	(11497,809,1170,600),
	(11498,809,1120,700),
	(11499,809,1121,800),
	(11500,809,1236,900),
	(11501,809,1237,1000),
	(11502,809,1646,1100),
	(11503,809,1406,1200),
	(11504,809,1647,1300),
	(11505,809,1648,1400),
	(11506,809,1649,1500),
	(11507,809,1650,1600),
	(11508,809,1651,1700),
	(11509,809,1652,1800),
	(11510,809,1653,1900),
	(11511,809,1654,2000),
	(11512,809,1654,2100),
	(11513,809,1821,2200),
	(11514,809,1822,2300),
	(11515,809,1823,2400),
	(11516,809,1820,2500),
	(11517,810,948,100),
	(11518,810,1209,200),
	(11519,810,1210,300),
	(11520,810,1211,400),
	(11521,810,1395,500),
	(11522,810,1396,600),
	(11523,810,1595,700),
	(11524,810,1596,800),
	(11525,810,1803,900),
	(11526,810,1804,1000),
	(11527,810,1805,1100),
	(11528,810,1806,1200),
	(11529,810,1807,1300),
	(11530,810,1808,1400),
	(11531,810,1819,1500),
	(11532,810,1820,1600),
	(11533,810,1823,1700),
	(11534,810,1824,1800),
	(11535,810,1821,1900),
	(11536,810,1822,2000),
	(11537,810,1654,2100),
	(11538,811,1642,100),
	(11539,811,1641,200),
	(11540,811,1640,300),
	(11541,811,1825,400),
	(11542,811,1826,500),
	(11543,811,1827,600),
	(11544,811,1828,700),
	(11545,811,1829,800),
	(11546,811,1830,900),
	(11547,811,1831,1000),
	(11548,811,1832,1100),
	(11549,811,1654,1200),
	(11571,813,994,100),
	(11572,813,1065,200),
	(11573,813,1066,300),
	(11574,813,1278,400),
	(11575,813,1064,500),
	(11576,813,954,600),
	(11577,813,955,700),
	(11578,813,959,800),
	(11579,813,957,900),
	(11580,813,974,1000),
	(11581,813,975,1100),
	(11582,813,976,1200),
	(11583,813,977,1300),
	(11584,813,978,1400),
	(11585,813,979,1500),
	(11586,813,980,1600),
	(11587,813,981,1700),
	(11588,813,982,1800),
	(11589,813,964,1900),
	(11590,813,1212,2000),
	(11591,813,1214,2100),
	(11592,813,1215,2200),
	(11593,813,1705,2300),
	(11594,813,1057,2400),
	(11595,813,1694,2500),
	(11596,813,1695,2600),
	(11597,813,1696,2700),
	(11598,813,1697,2800),
	(11599,814,956,100),
	(11600,814,959,200),
	(11601,814,957,300),
	(11602,814,974,400),
	(11603,814,975,500),
	(11604,814,976,600),
	(11605,814,977,700),
	(11606,814,978,800),
	(11607,814,979,900),
	(11608,814,980,1000),
	(11609,814,981,1100),
	(11610,814,982,1200),
	(11611,814,1212,1300),
	(11612,814,1213,1400),
	(11613,814,1214,1500),
	(11614,814,1215,1600),
	(11615,814,1706,1700),
	(11616,814,1707,1800),
	(11617,814,1708,1900),
	(11618,814,1833,2000),
	(11619,814,1834,2100),
	(11620,814,1835,2200),
	(11621,814,1836,2300),
	(11622,814,1704,2400),
	(11623,815,1156,100),
	(11624,815,1046,200),
	(11625,815,1379,300),
	(11626,815,1035,400),
	(11627,815,1201,500),
	(11628,815,941,600),
	(11629,815,1027,700),
	(11630,815,956,800),
	(11631,815,959,900),
	(11632,815,957,1000),
	(11633,815,974,1100),
	(11634,815,975,1200),
	(11635,815,976,1300),
	(11636,815,977,1400),
	(11637,815,978,1500),
	(11638,815,979,1600),
	(11639,815,980,1700),
	(11640,815,981,1800),
	(11641,815,982,1900),
	(11642,815,1212,2000),
	(11643,815,1213,2100),
	(11644,815,1214,2200),
	(11645,815,1215,2300),
	(11646,815,1706,2400),
	(11647,815,1707,2500),
	(11648,815,1708,2600),
	(11649,815,1833,2700),
	(11650,815,1834,2800),
	(11651,815,1835,2900),
	(11652,815,1704,3000),
	(11653,816,962,100),
	(11654,816,972,200),
	(11655,816,957,300),
	(11656,816,974,400),
	(11657,816,975,500),
	(11658,816,976,600),
	(11659,816,977,700),
	(11660,816,978,800),
	(11661,816,979,900),
	(11662,816,980,1000),
	(11663,816,981,1100),
	(11664,816,982,1200),
	(11665,816,1212,1300),
	(11666,816,1213,1400),
	(11667,816,1214,1500),
	(11668,816,1215,1600),
	(11669,816,1706,1700),
	(11670,816,1707,1800),
	(11671,816,1708,1900),
	(11672,816,1833,2000),
	(11673,816,1834,2100),
	(11674,816,1835,2200),
	(11675,816,1836,2300),
	(11676,816,1704,2400),
	(11677,817,1012,100),
	(11678,817,940,200),
	(11679,817,1013,300),
	(11680,817,941,400),
	(11681,817,1206,500),
	(11682,817,1180,600),
	(11683,817,1170,700),
	(11684,817,1120,800),
	(11685,817,1121,900),
	(11686,817,1236,1000),
	(11687,817,1237,1100),
	(11688,817,1646,1200),
	(11689,817,1406,1300),
	(11690,817,1647,1400),
	(11691,817,1648,1500),
	(11692,817,1649,1600),
	(11693,817,1837,1700),
	(11694,817,1838,1800),
	(11695,817,1839,1900),
	(11696,817,1840,2000),
	(11697,817,1830,2100),
	(11698,817,1841,2200),
	(11699,817,1842,2300),
	(11700,817,1843,2400),
	(11701,817,1844,2500),
	(11702,817,1845,2600),
	(11703,818,1156,100),
	(11704,818,1351,200),
	(11705,818,1163,300),
	(11706,818,1164,400),
	(11707,818,1234,500),
	(11708,818,1235,600),
	(11709,818,1236,700),
	(11710,818,1237,800),
	(11711,818,1646,900),
	(11712,818,1406,1000),
	(11713,818,1647,1100),
	(11714,818,1648,1200),
	(11715,818,1649,1300),
	(11716,818,1837,1400),
	(11717,818,1838,1500),
	(11718,818,1839,1600),
	(11719,818,1840,1700),
	(11720,818,1830,1800),
	(11721,818,1841,1900),
	(11722,818,1842,2000),
	(11723,818,1843,2100),
	(11724,818,1844,2200),
	(11725,818,1845,2300),
	(11726,818,1846,2400),
	(11727,818,1847,2500),
	(11728,818,1848,2600),
	(11729,819,1017,100),
	(11730,819,1004,200),
	(11731,819,1849,300),
	(11732,819,1091,400),
	(11733,819,1310,500),
	(11734,819,1471,600),
	(11735,819,1472,700),
	(11736,819,1473,800),
	(11737,819,1467,900),
	(11738,819,1474,1000),
	(11739,819,1475,1100),
	(11740,819,1482,1200),
	(11741,819,1483,1300),
	(11742,819,1662,1400),
	(11743,819,1690,1500),
	(11744,819,1689,1600),
	(11745,819,1688,1700),
	(11746,819,1687,1800),
	(11747,819,1686,1900),
	(11748,819,1685,2000),
	(11749,819,1684,2100),
	(11750,819,1683,2200),
	(11773,821,994,100),
	(11774,821,934,200),
	(11775,821,933,300),
	(11776,821,1017,400),
	(11777,821,1004,500),
	(11778,821,1308,600),
	(11779,821,1091,700),
	(11780,821,1310,800),
	(11781,821,1471,900),
	(11782,821,1472,1000),
	(11783,821,1473,1100),
	(11784,821,1467,1200),
	(11785,821,1474,1300),
	(11786,821,1475,1400),
	(11787,821,1482,1500),
	(11788,821,1483,1600),
	(11789,821,1662,1700),
	(11790,821,1690,1800),
	(11791,821,1689,1900),
	(11792,821,1688,2000),
	(11793,821,1687,2100),
	(11794,821,1686,2200),
	(11795,821,1685,2300),
	(11796,821,1684,2400),
	(11797,821,1686,2500),
	(11798,821,1685,2600),
	(11799,821,1684,2700),
	(11800,821,1788,2800),
	(11801,822,1062,100),
	(11802,822,929,200),
	(11803,822,928,300),
	(11804,822,998,400),
	(11805,822,1280,500),
	(11806,822,1281,600),
	(11807,822,1282,700),
	(11808,822,1283,800),
	(11809,822,1458,900),
	(11810,822,1459,1000),
	(11811,822,1460,1100),
	(11812,822,1461,1200),
	(11813,822,1554,1300),
	(11814,822,1850,1400),
	(11815,822,1729,1500),
	(11816,822,1730,1600),
	(11817,822,1731,1700),
	(11818,822,1732,1800),
	(11819,822,1733,1900),
	(11820,822,1534,2000),
	(11821,822,1782,2100),
	(11822,822,1783,2200),
	(11823,822,1784,2300),
	(11824,822,1785,2400),
	(11825,823,928,100),
	(11826,823,998,200),
	(11827,823,1280,300),
	(11828,823,1281,400),
	(11829,823,1282,500),
	(11830,823,1283,600),
	(11831,823,1458,700),
	(11832,823,1459,800),
	(11833,823,1460,900),
	(11834,823,1461,1000),
	(11835,823,1851,1100),
	(11836,823,1554,1200),
	(11837,823,1602,1300),
	(11838,823,1787,1400),
	(11839,823,1786,1500),
	(11840,823,1726,1600),
	(11841,823,1775,1700),
	(11842,823,1776,1800),
	(11843,823,1777,1900),
	(11844,823,1778,2000),
	(11845,823,1779,2100),
	(11846,823,1780,2200),
	(11847,823,1781,2300),
	(11848,823,1534,2400),
	(11849,823,1782,2500),
	(11850,823,1783,2600),
	(11851,823,1784,2700),
	(11852,823,1785,2800),
	(11853,824,1156,100),
	(11854,824,1351,200),
	(11855,824,1163,300),
	(11856,824,1164,400),
	(11857,824,1234,500),
	(11858,824,1235,600),
	(11859,824,1236,700),
	(11860,824,1237,800),
	(11861,824,1404,900),
	(11862,824,1411,1000),
	(11863,824,1412,1100),
	(11864,824,1434,1200),
	(11865,824,1414,1300),
	(11866,824,1635,1400),
	(11867,824,1636,1500),
	(11868,824,1637,1600),
	(11869,824,1638,1700),
	(11870,824,1639,1800),
	(11871,824,1640,1900),
	(11872,824,1641,2000),
	(11873,824,1642,2100),
	(11874,825,1012,100),
	(11875,825,940,200),
	(11876,825,941,300),
	(11877,825,1206,400),
	(11878,825,1180,500),
	(11879,825,1170,600),
	(11880,825,1120,700),
	(11881,825,1121,800),
	(11882,825,1236,900),
	(11883,825,1237,1000),
	(11884,825,1404,1100),
	(11885,825,1411,1200),
	(11886,825,1412,1300),
	(11887,825,1434,1400),
	(11888,825,1414,1500),
	(11889,825,1635,1600),
	(11890,825,1636,1700),
	(11891,825,1637,1800),
	(11892,825,1638,1900),
	(11893,825,1639,2000),
	(11894,825,1640,2100),
	(11895,825,1641,2200),
	(11896,825,1642,2300),
	(11921,827,1012,100),
	(11922,827,940,200),
	(11923,827,1027,300),
	(11924,827,956,400),
	(11925,827,959,500),
	(11926,827,957,600),
	(11927,827,974,700),
	(11928,827,975,800),
	(11929,827,976,900),
	(11930,827,977,1000),
	(11931,827,978,1100),
	(11932,827,979,1200),
	(11933,827,980,1300),
	(11934,827,981,1400),
	(11935,827,982,1500),
	(11936,827,1212,1600),
	(11937,827,1213,1700),
	(11938,827,1214,1800),
	(11939,827,1215,1900),
	(11940,827,1706,2000),
	(11941,827,1707,2100),
	(11942,827,1708,2200),
	(11943,827,1833,2300),
	(11944,827,1834,2400),
	(11945,827,1835,2500),
	(11946,827,1852,2600),
	(11947,827,1853,2700),
	(11948,827,1854,2800),
	(11949,827,1836,2900),
	(11950,827,1704,3000);
/*!40000 ALTER TABLE `appmodels_routestage` ENABLE KEYS*/;
UNLOCK TABLES;


#
# Table structure for table 'appmodels_stage'
#

CREATE TABLE /*!32312 IF NOT EXISTS*/ `appmodels_stage` (
  `id` int(11) NOT NULL AUTO_INCREMENT,
  `display_name` varchar(255) NOT NULL,
  `latitude` double DEFAULT NULL,
  `longitude` double DEFAULT NULL,
  `mtc_name` varchar(255) NOT NULL,
  PRIMARY KEY (`id`)
) TYPE=InnoDB AUTO_INCREMENT=1855 /*!40100 DEFAULT CHARSET=latin1*/;



#
# Dumping data for table 'appmodels_stage'
#

TRUNCATE TABLE `appmodels_stage`;
LOCK TABLES `appmodels_stage` WRITE;
/*!40000 ALTER TABLE `appmodels_stage` DISABLE KEYS*/;
INSERT INTO `appmodels_stage` (`id`, `display_name`, `latitude`, `longitude`, `mtc_name`) VALUES
	(928,'Thiruvetriyur B.S',NULL,NULL,'THIRUVETRIYUR B.S'),
	(929,'Thiruvotriyur Temple',NULL,NULL,'THIRUVOTRIYUR TEMPLE'),
	(930,'Thangal','13.1457255252009','80.2973127365112','THANGAL'),
	(931,'Anna Nagar','13.1385792049361','80.2983856201172','ANNA NAGAR'),
	(932,'Royapuram P.S','13.1144222670384','80.2925491333008','ROYAPURAM P.S'),
	(933,'Clive Battery','13.1015905406979','80.2943515777588','CLIVE BATTERY'),
	(934,'Parrys','13.088883546731','80.2904033660889','PARRYS'),
	(935,'T.N.C.F',NULL,NULL,'T.N.C.F'),
	(936,'Periyar Bridge','13.07312429213','80.2753829956055','PERIYAR BRIDGE'),
	(937,'T.V.S','13.059328892902','80.2595043182373','T.V.S'),
	(938,'D.M.S',NULL,NULL,'D.M.S'),
	(939,'S.H.B',NULL,NULL,'S.H.B'),
	(940,'Saidapet','13.0217847863025','80.2255582809448','SAIDAPET'),
	(941,'Guindy R.S',NULL,NULL,'GUINDY R.S'),
	(942,'St Thomas Mount Po',NULL,NULL,'ST THOMAS MOUNT PO'),
	(943,'Menamabakkam Old Airport',NULL,NULL,'MENAMABAKKAM OLD AIRPORT'),
	(944,'Thirusoolam National Airp',NULL,NULL,'THIRUSOOLAM NATIONAL AIRP'),
	(945,'Pallavaram','12.9680926857748','80.148868560791','PALLAVARAM'),
	(946,'Chrompet','12.9525348633235','80.1399421691895','CHROMPET'),
	(947,'T.B.Sanatorium','12.938314498258','80.1289558410645','T.B.SANATORIUM'),
	(948,'Tambaram','12.9251808526283','80.1155233383179','TAMBARAM'),
	(949,'Thruvotriyur Temple',NULL,NULL,'THRUVOTRIYUR TEMPLE'),
	(950,'P.Or & Sons','13.0712013433311','80.2736663818359','P.OR & SONS'),
	(951,'Wesley H.S',NULL,NULL,'WESLEY H.S'),
	(952,'Y.M.I.A','13.0448637983867','80.2666282653809','Y.M.I.A'),
	(953,'Mandaveli','13.0266819394855','80.2657216787338','MANDAVELI'),
	(954,'A.M.S.Hospital','13.0164746367495','80.25963306427','A.M.S.HOSPITAL'),
	(955,'Adayar O.T.',NULL,NULL,'ADAYAR O.T.'),
	(956,'Adayar B.S.',NULL,NULL,'ADAYAR B.S.'),
	(957,'Thiruvanmiyur','12.9868799688651','80.258903503418','THIRUVANMIYUR'),
	(958,'Central','13.0813593598317','80.2754688262939','CENTRAL'),
	(959,'Adayar Depot',NULL,NULL,'ADAYAR DEPOT'),
	(960,'Jn.Of Race Course Rd','13.0066066551534','80.2205371856689','JN.OF RACE COURSE RD'),
	(961,'Gurunanak College','12.987580413285','80.2230262756348','GURUNANAK COLLEGE'),
	(962,'Velachery','12.9752021195654','80.220365524292','VELACHERY'),
	(963,'Madipakkam Rd. Jn.','12.9660486859567','80.1886625288171','MADIPAKKAM RD. JN.'),
	(964,'Narayanapuram','12.938983710096','80.2052593231201','NARAYANAPURAM'),
	(965,'Medavakkam Colony','12.9208307029961','80.1970195770264','MEDAVAKKAM COLONY'),
	(966,'Medavakkam Koot Road','12.9206592049046','80.1841220859205','MEDAVAKKAM KOOT ROAD'),
	(967,'Nanganallur','12.9804713334638','80.1828575134277','NANGANALLUR'),
	(968,'Chidambaram Stores','12.9810567947805','80.1880931854248','CHIDAMBARAM STORES'),
	(969,'Vanuvambedu','12.985573164295','80.1973628997803','VANUVAMBEDU'),
	(970,'Madipakkam Koot Road','12.9689918312721','80.1899385452271','MADIPAKKAM KOOT ROAD'),
	(971,'A.V.Construction','12.9647469995726','80.2116966247559','A.V.CONSTRUCTION'),
	(972,'I.R.T. Rd.Jn.','12.9815586176687','80.2397632598877','I.R.T. RD.JN.'),
	(973,'Srp Tools',NULL,NULL,'SRP TOOLS'),
	(974,'Kottivakkam','12.9702673576819','80.2580451965332','KOTTIVAKKAM'),
	(975,'Palavakkam','12.9568008145999','80.2548694610596','PALAVAKKAM'),
	(976,'Neelankarai','12.9452574837319','80.2535820007324','NEELANKARAI'),
	(977,'Vettuvankanni','12.9378125882011','80.2524662017822','VETTUVANKANNI'),
	(978,'Chola Mandal','12.9282761052531','80.251350402832','CHOLA MANDAL'),
	(979,'Injambakkam','12.9169824305429','80.2509212493896','INJAMBAKKAM'),
	(980,'Panaiyur','12.8996644711643','80.2474021911621','PANAIYUR'),
	(981,'Uthandi Village','12.8760699599465','80.2431106567383','UTHANDI VILLAGE'),
	(982,'Kanathur','12.8570756012513','80.2413940429688','KANATHUR'),
	(983,'Ponniamman Koil Rd. Jn.','12.9647522272424','80.1961512563867','PONNIAMMAN KOIL RD. JN.'),
	(984,'Kilkattalai','12.9540927804694','80.1860132213915','KILKATTALAI'),
	(985,'Ennore','13.2180546090867','80.3201007843018','ENNORE'),
	(986,'Thazhankuppam','13.2273292339005','80.326623916626','THAZHANKUPPAM'),
	(987,'Kothari','13.2174697110143','80.3263664245605','KOTHARI'),
	(988,'Ashok Leyland Mark.Div.','13.2052700887902','80.3210878372192','ASHOK LEYLAND MARK.DIV.'),
	(989,'I.C.I.',NULL,NULL,'I.C.I.'),
	(990,'Corborundum Universal',NULL,NULL,'CORBORUNDUM UNIVERSAL'),
	(991,'Builders Industry',NULL,NULL,'BUILDERS INDUSTRY'),
	(992,'Burmah Shell Petrol Bunk',NULL,NULL,'BURMAH SHELL PETROL BUNK'),
	(993,'Devanathan St / Mandaveli','13.0268021458701','80.2654266357422','DEVANATHAN ST / MANDAVELI'),
	(994,'Broadway','13.0884237418986','80.2814769744873','BROADWAY'),
	(995,'Vijaya Nagar','12.9749512018324','80.2202796936035','VIJAYA NAGAR'),
	(996,'Madipakkam B.S',NULL,NULL,'MADIPAKKAM B.S'),
	(997,'Ashok Layland',NULL,NULL,'ASHOK LAYLAND'),
	(998,'Ernavoor Gate','13.1859667018384','80.3078269958496','ERNAVOOR GATE'),
	(999,'Royapuram',NULL,NULL,'ROYAPURAM'),
	(1000,'Athur','13.2506395700431','80.141658782959','ATHUR'),
	(1001,'Anna Square','13.064261881771','80.2833652496338','ANNA SQUARE'),
	(1002,'Triplicane','13.0582419499048','80.2776145935059','TRIPLICANE'),
	(1003,'Regal','13.0927709532952','80.27512550354','REGAL'),
	(1004,'Vyasarpadi','13.1142550827248','80.2634525299072','VYASARPADI'),
	(1005,'Mahakavi Bharathi Nagar','13.1229485163014','80.2592468261719','MAHAKAVI BHARATHI NAGAR'),
	(1006,'Veerabadra Nagar',NULL,NULL,'VEERABADRA NAGAR'),
	(1007,'Jn.Of Mambakkam & O.Bakka','12.89489554713','80.1735877990723','JN.OF MAMBAKKAM & O.BAKKA'),
	(1008,'Chitlapakkam','12.8936405520158','80.1832866668701','CHITLAPAKKAM'),
	(1009,'Arasankazhani','12.8829310044754','80.1903247833252','ARASANKAZHANI'),
	(1010,'Ottiambakkam','12.8628493690286','80.1909255981445','OTTIAMBAKKAM'),
	(1011,'Pondy Bazaar','13.0402648916056','80.2402782440186','PONDY BAZAAR'),
	(1012,'T.Nagar',NULL,NULL,'T.NAGAR'),
	(1013,'Concorde','13.0073174974609','80.2036285400391','CONCORDE'),
	(1014,'High Court','13.0854976910476','80.284481048584','HIGH COURT'),
	(1015,'Tondaiayrpet',NULL,NULL,'TONDAIAYRPET'),
	(1016,'Theagaraya College','13.116616550619','80.2837944030762','THEAGARAYA COLLEGE'),
	(1017,'V. Nagar','13.1055613418397','80.2798891067505','V. NAGAR'),
	(1018,'Corpn. Play Ground',NULL,NULL,'CORPN. PLAY GROUND'),
	(1019,'C.I.T.Colony','13.0416863810137','80.2580451965332','C.I.T.COLONY'),
	(1020,'Luz','13.0369201784264','80.2675724029541','LUZ'),
	(1021,'Vadapalani B.S','13.0493371983799','80.2085638046265','VADAPALANI B.S'),
	(1022,'Jn.Of P.T.R Rd/Kamaraj Rd','13.0442784877274','80.2087783813477','Jn.OF P.T.R Rd/KAMARAJ Rd'),
	(1023,'Muthumariamman Koil','13.039177864782','80.2048301696777','MUTHUMARIAMMAN KOIL'),
	(1024,'Kalaignar Nagar','13.0357495181321','80.2041435241699','KALAIGNAR NAGAR'),
	(1025,'Govt. Girls H.Sc',NULL,NULL,'GOVT. GIRLS H.SC'),
	(1026,'Anjugam School','13.0419790395837','80.2254295349121','ANJUGAM SCHOOL'),
	(1027,'Eng.College','13.0085719200927','80.2314376831055','ENG.COLLEGE'),
	(1028,'Women\'S Polytechnic',NULL,NULL,'WOMEN\'S POLYTECHNIC'),
	(1029,'Taramani','12.9863258845667','80.240364074707','TARAMANI'),
	(1030,'Jn.Of.Vly-Tbm Rd&Mvkm-K.K;',NULL,NULL,'JN.OF.VLY-TBM RD&MVKM-K.K;'),
	(1031,'S.I.V.E.T',NULL,NULL,'S.I.V.E.T'),
	(1032,'Mahalakshmi Nagar','12.9229221305475','80.1477527618408','MAHALAKSHMI NAGAR'),
	(1033,'Convent','12.923089443995','80.1262092590332','CONVENT'),
	(1034,'Tambaram East','12.9235077271231','80.117883682251','TAMBARAM EAST'),
	(1035,'Jaffarkhan Pet',NULL,NULL,'JAFFARKHAN PET'),
	(1036,'Srinivasa Theater',NULL,NULL,'SRINIVASA THEATER'),
	(1037,'Besant Nagar','13.00033442887','80.2667570114136','BESANT NAGAR'),
	(1038,'Velachery Vijaya Nagar','12.9755366761488','80.2205801010132','VELACHERY VIJAYA NAGAR'),
	(1039,'Lattice Bridge Rd. Jn.','12.9823113501011','80.2523803710938','LATTICE BRIDGE RD. JN.'),
	(1040,'Kandanchavadi','12.9608157608127','80.2453422546387','KANDANCHAVADI'),
	(1041,'Thorappakkam Tea Shop','12.941158636167','80.2355575561523','THORAPPAKKAM TEA SHOP'),
	(1042,'Thorappakkam P.T.C Colony',NULL,NULL,'THORAPPAKKAM P.T.C COLONY'),
	(1043,'Kannagi Nagar S.C.Board',NULL,NULL,'KANNAGI NAGAR S.C.BOARD'),
	(1044,'Koymabedu Market','13.0694455943846','80.1957321166992','KOYMABEDU MARKET'),
	(1045,'Koyambedu P.S',NULL,NULL,'KOYAMBEDU P.S'),
	(1046,'M.M.D.A.Colony Rd.Jn.','13.0638542868492','80.2117824554443','M.M.D.A.COLONY RD.JN.'),
	(1047,'Adyar Gate','13.029268977051','80.247745513916','ADYAR GATE'),
	(1048,'Mootakaran Chavadi','12.9299491987992','80.2310943603516','MOOTAKARAN CHAVADI'),
	(1049,'Karapakkam','12.914054357443','80.229549407959','KARAPAKKAM'),
	(1050,'Sozhinganallur P.U.Office','12.9011704282904','80.2256870269775','SOZHINGANALLUR P.U.OFFICE'),
	(1051,'Kumaran Nagar','12.8780362541068','80.2267169952393','KUMARAN NAGAR'),
	(1052,'Chemman Cheri',NULL,NULL,'CHEMMAN CHERI'),
	(1053,'Navalur','12.8442724251527','80.2276611328125','NAVALUR'),
	(1054,'Church',NULL,NULL,'CHURCH'),
	(1055,'Palavasthic Chemicals',NULL,NULL,'PALAVASTHIC CHEMICALS'),
	(1056,'Hindustal Egg. College',NULL,NULL,'HINDUSTAL EGG. COLLEGE'),
	(1057,'Kelambakkam','12.781669740418','80.2182197570801','KELAMBAKKAM'),
	(1058,'Kotturpuram','13.0199450623325','80.2410507202148','KOTTURPURAM'),
	(1059,'Kottur Nsk Statue','13.0204468065882','80.2415657043457','KOTTUR NSK STATUE'),
	(1060,'Water Tank',NULL,NULL,'WATER TANK'),
	(1061,'Mylapore','13.0323211239868','80.2671432495117','MYLAPORE'),
	(1062,'Tollgate','13.1417762686749','80.2958106994629','TOLLGATE'),
	(1063,'Q.M.C','13.0433587110354','80.2791595458984','Q.M.C'),
	(1064,'Fore Shore Estate','13.0242098561167','80.2738380432129','FORE SHORE ESTATE'),
	(1065,'Secretariat','13.0796454851502','80.287914276123','SECRETARIAT'),
	(1066,'Chepauk','13.0575730595293','80.2819061279297','CHEPAUK'),
	(1067,'Avvai Home','13.0074011258338','80.2597618103027','AVVAI HOME'),
	(1068,'Indira Nagar','12.9923475646314','80.2560710906982','INDIRA NAGAR'),
	(1069,'Sathuma Nagar',NULL,NULL,'SATHUMA NAGAR'),
	(1070,'Guindy Race Cource Office','13.0030524130607','80.211353302002','GUINDY RACE COURCE OFFICE'),
	(1071,'Doveton','13.0870443222541','80.2588605880737','DOVETON'),
	(1072,'Kelleys',NULL,NULL,'KELLEYS'),
	(1073,'Kilpauk Garden','13.0837420438642','80.2335834503174','KILPAUK GARDEN'),
	(1074,'Anna Nagar Circle','13.0846616701387','80.2177906036377','ANNA NAGAR CIRCLE'),
	(1075,'Thirumangalam','13.0854140890843','80.1984786987305','THIRUMANGALAM'),
	(1076,'Fire Station',NULL,NULL,'FIRE STATION'),
	(1077,'Mogapair East',NULL,NULL,'MOGAPAIR EAST'),
	(1078,'Mogapair West','13.0828224141591','80.1703262329102','MOGAPAIR WEST'),
	(1079,'Ambathur Estate','13.0997096125381','80.1698970794678','AMBATHUR ESTATE'),
	(1080,'Mogaipair Road Jn.','13.0881729389011','80.1794242858887','MOGAIPAIR ROAD JN.'),
	(1081,'Saidapet West','13.0249624591628','80.2195072174072','SAIDAPET WEST'),
	(1082,'Dasamahan','13.0980376643332','80.2511787414551','DASAMAHAN'),
	(1083,'Sayani/Aynavaram',NULL,NULL,'SAYANI/AYNAVARAM'),
	(1084,'Kamabar Arangam',NULL,NULL,'KAMABAR ARANGAM'),
	(1085,'Nathamuni Talkies','13.1034714544868','80.2029418945312','NATHAMUNI TALKIES'),
	(1086,'Lucas Tvs','13.1018831282312','80.192985534668','LUCAS TVS'),
	(1087,'Korattur','13.1124996405706','80.1835441589355','KORATTUR'),
	(1088,'Padi Kuppam',NULL,NULL,'PADI KUPPAM'),
	(1089,'P1.Police Station',NULL,NULL,'P1.POLICE STATION'),
	(1090,'Perambur Market','13.1090723126395','80.2596759796143','PERAMBUR MARKET'),
	(1091,'Moolakadai','13.1293012156191','80.2413082122803','MOOLAKADAI'),
	(1092,'Sidco','13.1309729512954','80.251350402832','SIDCO'),
	(1093,'Kaviarasu Kannadasan Naga','13.1364895982903','80.2558135986328','KAVIARASU KANNADASAN NAGA'),
	(1094,'Anna Nagar West','13.0971180879817','80.198392868042','ANNA NAGAR WEST'),
	(1095,'Choolai P.O','13.0923529555324','80.2692031860352','CHOOLAI P.O'),
	(1096,'Athipet Jn','13.0890089479','80.1617431640625','ATHIPET JN'),
	(1097,'P1 P.S',NULL,NULL,'P1 P.S'),
	(1098,'Jamalaya','13.104558198125','80.2528953552246','JAMALAYA'),
	(1099,'Veenus','13.1140043060413','80.2350425720215','VEENUS'),
	(1100,'T.V.K.Nagar','13.1211931362151','80.2325534820557','T.V.K.NAGAR'),
	(1101,'Choolai Mill',NULL,NULL,'CHOOLAI MILL'),
	(1102,'Agaram','13.1125832333382','80.2312660217285','AGARAM'),
	(1103,'Periyar Nagar','13.1143386748958','80.2237129211426','PERIYAR NAGAR'),
	(1104,'Secretariat Colony','12.994459299797','80.2065467834473','SECRETARIAT COLONY'),
	(1105,'Adambakkam P.S',NULL,NULL,'ADAMBAKKAM P.S'),
	(1106,'Hindy Vidyalaya',NULL,NULL,'HINDY VIDYALAYA'),
	(1107,'A.G.S Office Colony','12.9829804436827','80.2102160453796','A.G.S OFFICE COLONY'),
	(1108,'Padavattamman School','12.9952747174801','80.2011394500732','PADAVATTAMMAN SCHOOL'),
	(1109,'Egmore','13.0775135756308','80.2613925933838','EGMORE'),
	(1110,'Maternity Hospital','13.0706997020495','80.2581310272217','MATERNITY HOSPITAL'),
	(1111,'D.P.I',NULL,NULL,'D.P.I'),
	(1112,'Uthamar Gandhisalai (Corp','13.0638438356885','80.2433681488037','UTHAMAR GANDHISALAI (CORP'),
	(1113,'Vidyodaya','13.0513857377104','80.2406215667725','VIDYODAYA'),
	(1114,'Krishnan Temple/Pondy Baz','13.0403464182972','80.2399234773475','KRISHNAN TEMPLE/PONDY BAZ'),
	(1115,'Sterling Road','13.065014362936','80.2399349212646','STERLING ROAD'),
	(1116,'R020',NULL,NULL,'R020'),
	(1117,'Anna Road P.O./Dams Road','13.0683168920377','80.2693319320679','ANNA ROAD P.O./DAMS ROAD'),
	(1118,'Virugambakkam','13.0466615296065','80.1923418045044','VIRUGAMBAKKAM'),
	(1119,'Valasaravakkam','13.0413937220975','80.1743173599243','VALASARAVAKKAM'),
	(1120,'Porur','13.034746090615','80.1561641693115','PORUR'),
	(1121,'Ayyappan Thangal','13.0390106294622','80.1337623596191','AYYAPPAN THANGAL'),
	(1122,'Kalaignar Nagar West','13.0444039115567','80.193886756897','KALAIGNAR NAGAR WEST'),
	(1123,'M.K.B.Nagar East','13.1229485163014','80.2655982971191','M.K.B.NAGAR EAST'),
	(1124,'Sun Theater',NULL,NULL,'SUN THEATER'),
	(1125,'Telegraph Office',NULL,NULL,'TELEGRAPH OFFICE'),
	(1126,'Vellaikal','12.9341318835901','80.181827545166','VELLAIKAL'),
	(1127,'Trustpuram','13.0533924536535','80.2229404449463','TRUSTPURAM'),
	(1128,'Bharathi Nagar(Periyar Pa','13.0541867742128','80.2288627624512','BHARATHI NAGAR(PERIYAR PA'),
	(1129,'F.C.I Old',NULL,NULL,'F.C.I OLD'),
	(1130,'Santhome P.O',NULL,NULL,'SANTHOME P.O'),
	(1131,'V.House Terminus','13.0507168287753','80.2792453765869','V.HOUSE TERMINUS'),
	(1132,'V.M.Street','13.0445293353224','80.2681732177734','V.M.STREET'),
	(1133,'V.House','13.050382373629','80.2805328369141','V.HOUSE'),
	(1134,'Saligraman',NULL,NULL,'SALIGRAMAN'),
	(1135,'Picture Post','13.0515529646613','80.2216529846191','PICTURE POST'),
	(1136,'Five Lamps',NULL,NULL,'FIVE LAMPS'),
	(1137,'South Boag & S.East Boag','13.0349969478757','80.2419090270996','SOUTH BOAG & S.EAST BOAG'),
	(1138,'Defence Quarters','13.0300633750812','80.2419948577881','DEFENCE QUARTERS'),
	(1139,'Cementry (Mandaveli)','13.0298961336025','80.2619075775146','CEMENTRY (MANDAVELI)'),
	(1140,'Chinmaya Nagar','13.06049944155','80.1959896087646','CHINMAYA NAGAR'),
	(1141,'Bharathiyar Nagar','13.0542285804873','80.2302360534668','BHARATHIYAR NAGAR'),
	(1142,'Triplicane O.T (Corpn. Sc',NULL,NULL,'TRIPLICANE O.T (CORPN. SC'),
	(1143,'N.G.O.Colony',NULL,NULL,'N.G.O.COLONY'),
	(1144,'St Thomas Mount R.S',NULL,NULL,'ST THOMAS MOUNT R.S'),
	(1145,'Medavakkam','12.9171497479693','80.1918697357178','MEDAVAKKAM'),
	(1146,'Medavakkam Jn.','12.9172334066405','80.1941871643066','MEDAVAKKAM JN.'),
	(1147,'Nungambakkam R.S','13.0655160157719','80.2340126037598','NUNGAMBAKKAM R.S'),
	(1148,'Hotel Arun','13.0730406859721','80.2207946777344','HOTEL ARUN'),
	(1149,'Lattice Bridge','12.9819768026348','80.2527236938477','LATTICE BRIDGE'),
	(1150,'Q.M Arts (Men)','12.9204124153841','80.1833724975586','Q.M ARTS (MEN)'),
	(1151,'Dasaprakash','13.0788930486006','80.2503204345703','DASAPRAKASH'),
	(1152,'Taylors Road','13.0767611325773','80.2381324768066','TAYLORS ROAD'),
	(1153,'Aminijikarai',NULL,NULL,'AMINIJIKARAI'),
	(1154,'Naduvankarai','13.0770537495931','80.2106666564941','NADUVANKARAI'),
	(1155,'Arumbakkam','13.0763849101897','80.2027273178101','ARUMBAKKAM'),
	(1156,'C.M.B.T.','13.0682959900937','80.2056484215427','C.M.B.T.'),
	(1157,'Dry Cattlle Form','13.203013927469','80.1296424865723','DRY CATTLLE FORM'),
	(1158,'Athipet I.C.F. Colony','13.0930217516125','80.1462078094482','ATHIPET I.C.F. COLONY'),
	(1159,'Maharani',NULL,NULL,'MAHARANI'),
	(1160,'Brindavan Colony','12.9820186210927','80.2046155929565','BRINDAVAN COLONY'),
	(1161,'Jn. Of R.Garden & Pevr H.',NULL,NULL,'JN. OF R.GARDEN & PEVR H.'),
	(1162,'M.M.D.A.Colony','13.0647635361358','80.211353302002','M.M.D.A.COLONY'),
	(1163,'Nerkundram','13.0716193769534','80.1856899261475','NERKUNDRAM'),
	(1164,'Maduravoyal','13.0615027645472','80.1644039154053','MADURAVOYAL'),
	(1165,'Chittukadu',NULL,NULL,'CHITTUKADU'),
	(1166,'Gemini P.H',NULL,NULL,'GEMINI P.H'),
	(1167,'Veterinary Hospital','13.0525145174333','80.241436958313','VETERINARY HOSPITAL'),
	(1168,'Pudur High School','13.0424088812307','80.2165438233715','PUDUR HIGH SCHOOL'),
	(1169,'Mogalivakkam Rd. Jn.','13.0294780294114','80.1686096191406','MOGALIVAKKAM RD. JN.'),
	(1170,'Mogalivakkam','13.0301469957782','80.1676654815674','MOGALIVAKKAM'),
	(1171,'Dasarathapuram',NULL,NULL,'DASARATHAPURAM'),
	(1172,'T.B.Institute','13.0722464260591','80.2518653869629','T.B.INSTITUTE'),
	(1173,'Sterling Rd/Meteorology D','13.0656205266511','80.2430033683777','STERLING Rd/METEOROLOGY D'),
	(1174,'Mahalingapuram',NULL,NULL,'MAHALINGAPURAM'),
	(1175,'Moulivakkam','13.0198614381911','80.1431179046631','MOULIVAKKAM'),
	(1176,'Paraniputhur','13.0211157973485','80.1249217987061','PARANIPUTHUR'),
	(1177,'Mangadu','13.0273038762366','80.110502243042','MANGADU'),
	(1178,'Alwar Thirunagar',NULL,NULL,'ALWAR THIRUNAGAR'),
	(1179,'Angalamman Koil','13.0318194037872','80.1833724975586','ANGALAMMAN KOIL'),
	(1180,'Ramapuram','13.0211157973485','80.1834583282471','RAMAPURAM'),
	(1181,'Pazavanthangal Road Jn.','12.993852961835','80.1850891113281','PAZAVANTHANGAL ROAD JN.'),
	(1182,'Kannadapalayam','12.9363905042214','80.1004600524902','KANNADAPALAYAM'),
	(1183,'Pazhanthandalam','12.958557361534','80.0789165496826','PAZHANTHANDALAM'),
	(1184,'Ettayapuram','12.9469304633696','80.0648403167725','ETTAYAPURAM'),
	(1185,'Somangalam Rd Jn/N.V.R.D.','12.9752857587534','80.0484466552734','SOMANGALAM RD JN/N.V.R.D.'),
	(1186,'Poonthandalam','12.9634087124973','80.0446701049805','POONTHANDALAM'),
	(1187,'Somangalam','12.9538732088441','80.0431251525879','SOMANGALAM'),
	(1188,'Hasthinapuram','12.940238477452','80.150671005249','HASTHINAPURAM'),
	(1189,'Kumaran Kundram','12.9422879172217','80.1417016983032','KUMARAN KUNDRAM'),
	(1190,'Irumbuliyur','12.9177353580792','80.1090431213379','IRUMBULIYUR'),
	(1191,'Perungulathur','12.9049352814381','80.0954818725586','PERUNGULATHUR'),
	(1192,'Vandaloor','12.8929712187152','80.0864696502686','VANDALOOR'),
	(1193,'Vandaloor Zoo','12.8793331630881','80.0804615020752','VANDALOOR ZOO'),
	(1194,'Oorapakkam School','12.8669495002578','80.0749683380127','OORAPAKKAM SCHOOL'),
	(1195,'Palakka Company','12.8555693791186','80.0687026977539','PALAKKA COMPANY'),
	(1196,'Guduvanchery','12.841845605795','80.0578022003174','GUDUVANCHERY'),
	(1197,'Naduveerapattu',NULL,NULL,'NADUVEERAPATTU'),
	(1198,'E.B.Station',NULL,NULL,'E.B.STATION'),
	(1199,'Jn.Of Mambakkam Rd & Atan',NULL,NULL,'JN.OF MAMBAKKAM RD & ATAN'),
	(1200,'Madambakkam',NULL,NULL,'MADAMBAKKAM'),
	(1201,'Cipet','13.0138404258536','80.2043581008911','CIPET'),
	(1202,'St Thomas Mount',NULL,NULL,'ST THOMAS MOUNT'),
	(1203,'Alandur Municipality',NULL,NULL,'ALANDUR MUNICIPALITY'),
	(1204,'Housing Board',NULL,NULL,'HOUSING BOARD'),
	(1205,'Korukkupet R.S',NULL,NULL,'KORUKKUPET R.S'),
	(1206,'Butt Road','13.0075683824948','80.1960754394531','BUTT ROAD'),
	(1207,'Ramapuram (L.N.P Koil)',NULL,NULL,'RAMAPURAM (L.N.P KOIL)'),
	(1208,'Velachery Hospital',NULL,NULL,'VELACHERY HOSPITAL'),
	(1209,'Tambaram Town Limit','12.9255154763839','80.1008033752441','TAMBARAM TOWN LIMIT'),
	(1210,'Perungalathur (Old)','12.9197431537477','80.0870704650879','PERUNGALATHUR (OLD)'),
	(1211,'Mudichur Village','12.9088674008771','80.0687026977539','MUDICHUR VILLAGE'),
	(1212,'Nature Care Hospital','12.8395861322252','80.2404499053955','NATURE CARE HOSPITAL'),
	(1213,'Muttukkadu','12.8201705597427','80.2412223815918','MUTTUKKADU'),
	(1214,'Muttukkadu Boat Yard','12.8059845288191','80.2428531646729','MUTTUKKADU BOAT YARD'),
	(1215,'Kovalam','12.7856874918037','80.2453422546387','KOVALAM'),
	(1216,'Thalambur','12.8483728597756','80.2070617675781','THALAMBUR'),
	(1217,'Sirucheri','12.8215096128367','80.2041435241699','SIRUCHERI'),
	(1218,'Sonalur / Pudur',NULL,NULL,'SONALUR / PUDUR'),
	(1219,'Pudupakkam','12.7994143265335','80.1976203918457','PUDUPAKKAM'),
	(1220,'Vandaloor Rd.Jn','12.7915465979655','80.2187347412109','VANDALOOR RD.JN'),
	(1221,'Sathankuppam',NULL,NULL,'SATHANKUPPAM'),
	(1222,'Guindy Tvk Estate','13.008906431723','80.2125978469849','GUINDY TVK ESTATE'),
	(1223,'Indira Nagar Water Tank',NULL,NULL,'INDIRA NAGAR WATER TANK'),
	(1224,'Nucleus Company',NULL,NULL,'NUCLEUS COMPANY'),
	(1225,'Chemmanchery S.C.B.','12.8616778906561','80.2266311645508','CHEMMANCHERY S.C.B.'),
	(1226,'Dharmaprakash/Petrol Bunk','13.078976652775','80.2540969848633','DHARMAPRAKASH/PETROL BUNK'),
	(1227,'Dunlop','13.1053105562943','80.1522159576416','DUNLOP'),
	(1228,'Amb Ot',NULL,NULL,'AMB OT'),
	(1229,'Oragadam O.T.',NULL,NULL,'ORAGADAM O.T.'),
	(1230,'Oragadam',NULL,NULL,'ORAGADAM'),
	(1231,'I021',NULL,NULL,'I021'),
	(1232,'M132',NULL,NULL,'M132'),
	(1233,'Ayanambakkam','13.0730406859721','80.1529026031494','AYANAMBAKKAM'),
	(1234,'Vaanagaram','13.0613355443307','80.1515293121338','VAANAGARAM'),
	(1235,'Velappanchavadi','13.0615027645472','80.1381397247314','VELAPPANCHAVADI'),
	(1236,'Kumunanchavadi',NULL,NULL,'KUMUNANCHAVADI'),
	(1237,'Poonamallee','13.0493058430542','80.1044318670756','POONAMALLEE'),
	(1238,'Villivakkam','13.1085707484495','80.2058601379395','VILLIVAKKAM'),
	(1239,'Srinivasa Nagar',NULL,NULL,'SRINIVASA NAGAR'),
	(1240,'Poombuhar',NULL,NULL,'POOMBUHAR'),
	(1241,'Kolathur/Nehru Rd Jn',NULL,NULL,'KOLATHUR/NEHRU RD JN'),
	(1242,'Peavallur Kumaran Nagar',NULL,NULL,'PEAVALLUR KUMARAN NAGAR'),
	(1243,'Ayyappa Nagar',NULL,NULL,'AYYAPPA NAGAR'),
	(1244,'2Nd Water Tank On Second',NULL,NULL,'2ND WATER TANK ON SECOND'),
	(1245,'Konimedu Rd. Jn.',NULL,NULL,'KONIMEDU RD. JN.'),
	(1246,'Koladi School',NULL,NULL,'KOLADI SCHOOL'),
	(1247,'Thiruverkadu','13.0694455943846','80.1239776611328','THIRUVERKADU'),
	(1248,'Mogapair',NULL,NULL,'MOGAPAIR'),
	(1249,'Vengatapuram',NULL,NULL,'VENGATAPURAM'),
	(1250,'Karakku',NULL,NULL,'KARAKKU'),
	(1251,'Ayapakkam',NULL,NULL,'AYAPAKKAM'),
	(1252,'Menambedu',NULL,NULL,'MENAMBEDU'),
	(1253,'Tamilnadu Housing Board C',NULL,NULL,'TAMILNADU HOUSING BOARD C'),
	(1254,'Defence Colony',NULL,NULL,'DEFENCE COLONY'),
	(1255,'Bharath Electronics',NULL,NULL,'BHARATH ELECTRONICS'),
	(1256,'N4 Police Station','13.1344835591775','80.2973556518555','N4 POLICE STATION'),
	(1257,'Mogalivakkam / Mari Ammn','13.0297288920108','80.1684379577637','MOGALIVAKKAM / MARI AMMN'),
	(1258,'Periyapanicheri','13.0102444737319','80.1210594177246','PERIYAPANICHERI'),
	(1259,'Koovoor',NULL,NULL,'KOOVOOR'),
	(1260,'Nandambakkam','13.0179380751502','80.1874923706055','NANDAMBAKKAM'),
	(1261,'Ayanavaram B.S',NULL,NULL,'AYANAVARAM B.S'),
	(1262,'Anna Poorna Hotel/Dams Rd','13.0684423036645','80.2696323394775','ANNA POORNA HOTEL/DAMS RD'),
	(1263,'Shanthi/Dams Rd.','13.068275088148','80.2690315246582','SHANTHI/DAMS RD.'),
	(1264,'Vellala Street',NULL,NULL,'VELLALA STREET'),
	(1265,'Besantnagar W.Tank',NULL,NULL,'BESANTNAGAR W.TANK'),
	(1266,'Vadapalani P.S',NULL,NULL,'VADAPALANI P.S'),
	(1267,'Royapetta Hospital','13.0537687110788','80.2656412124634','ROYAPETTA HOSPITAL'),
	(1268,'Avadi','13.1196885147349','80.1026916503906','AVADI'),
	(1269,'Polytechnic','13.1259577101364','80.1189994812012','POLYTECHNIC'),
	(1270,'Thirumullaivoayl',NULL,NULL,'THIRUMULLAIVOAYL'),
	(1271,'Postal Audit Office','13.0635930076992','80.2613925933838','POSTAL AUDIT OFFICE'),
	(1272,'Golden Flat','13.0890089479','80.170841217041','GOLDEN FLAT'),
	(1273,'U.S.I.S.','13.0505496012587','80.2522087097168','U.S.I.S.'),
	(1274,'Elango Nagar Officer Colo',NULL,NULL,'ELANGO NAGAR OFFICER COLO'),
	(1275,'Collector Nagar',NULL,NULL,'COLLECTOR NAGAR'),
	(1276,'Trustpuram/Bharathiyar Na',NULL,NULL,'TRUSTPURAM/BHARATHIYAR NA'),
	(1277,'Egmore North R.S.',NULL,NULL,'EGMORE NORTH R.S.'),
	(1278,'Q.M.Arts College','12.9207470455298','80.1835441589355','Q.M.ARTS COLLEGE'),
	(1279,'Central/Moore Market','13.0818609794362','80.2762842178345','CENTRAL/MOORE MARKET'),
	(1280,'Sathiyamoorthy Nagar','13.1784454891122','80.2963256835938','SATHIYAMOORTHY NAGAR'),
	(1281,'Jn.,Of Ponneri Rd,&Eranoo;',NULL,NULL,'JN.,OF PONNERI RD,&ERANOO;'),
	(1282,'Andakuppam',NULL,NULL,'ANDAKUPPAM'),
	(1283,'Echankuzhi','13.1799497501563','80.2693748474121','ECHANKUZHI'),
	(1284,'Manali New Town','13.202846803579','80.2693748474121','MANALI NEW TOWN'),
	(1285,'V.G.P.',NULL,NULL,'V.G.P.'),
	(1286,'Perambur R.S','13.108090081808','80.2452993392944','PERAMBUR R.S'),
	(1287,'Shivashanmugapuram',NULL,NULL,'SHIVASHANMUGAPURAM'),
	(1288,'Lady Mctm School/Millers','13.0846616701387','80.2498483657837','LADY MCTM SCHOOL/MILLERS'),
	(1289,'K.M.C','13.077806191754','80.2427673339844','K.M.C'),
	(1290,'Perambur B.S','13.1085707484495','80.247917175293','PERAMBUR B.S'),
	(1291,'Vinayagapuram','13.1389553322433','80.2065896987915','VINAYAGAPURAM'),
	(1292,'Kolathur',NULL,NULL,'KOLATHUR'),
	(1293,'S.R.P. Colony','13.1216946746618','80.2237129211426','S.R.P. COLONY'),
	(1294,'Millers Road',NULL,NULL,'MILLERS ROAD'),
	(1295,'Mathur M.M.D.A.',NULL,NULL,'MATHUR M.M.D.A.'),
	(1296,'Madhavaram Millk Colony','13.1518686867609','80.2420806884766','MADHAVARAM MILLK COLONY'),
	(1297,'Madhavaram Post Box','13.1428419473326','80.2362442016602','MADHAVARAM POST BOX'),
	(1298,'Sterling Rd./Metrolog. De','13.0659340590231','80.2432823181152','STERLING RD./METROLOG. DE'),
	(1299,'Ganesh Puram','13.109573875807','80.2595043182373','GANESH PURAM'),
	(1300,'M.M.C',NULL,NULL,'M.M.C'),
	(1301,'Saidapet Court','13.0155129439526','80.2256011962891','SAIDAPET COURT'),
	(1302,'Univercity Club','13.0946937338691','80.2860260009766','UNIVERCITY CLUB'),
	(1303,'Dr.Ambedhar Bridge',NULL,NULL,'DR.AMBEDHAR BRIDGE'),
	(1304,'M.K.B.Nagar','13.1231156947033','80.2591609954834','M.K.B.NAGAR'),
	(1305,'Pattabiram','13.1210259565054','80.064754486084','PATTABIRAM'),
	(1306,'Kavaraipalayam','13.1193541531553','80.0798606872559','KAVARAIPALAYAM'),
	(1307,'Corporation School/Office',NULL,NULL,'CORPORATION SCHOOL/OFFICE'),
	(1308,'Sarma Nagar','13.1215274952933','80.2529811859131','SARMA NAGAR'),
	(1309,'Tb Hospital',NULL,NULL,'TB HOSPITAL'),
	(1310,'Madhavaram','13.1376597802033','80.229549407959','MADHAVARAM'),
	(1311,'Mathur Rd. Jn.,',NULL,NULL,'MATHUR RD. JN.,'),
	(1312,'Vadaperumbakkam','13.1749355107153','80.2154731750488','VADAPERUMBAKKAM'),
	(1313,'Settimedu',NULL,NULL,'SETTIMEDU'),
	(1314,'Velangadupakkam',NULL,NULL,'VELANGADUPAKKAM'),
	(1315,'Sriungavoor',NULL,NULL,'SRIUNGAVOOR'),
	(1316,'Perungavoor',NULL,NULL,'PERUNGAVOOR'),
	(1317,'Arumandai Rd.Jn.','13.2283318749105','80.2177906036377','ARUMANDAI RD.JN.'),
	(1318,'Thirunillai Rd.Jn.','13.2340969806692','80.2281761169434','THIRUNILLAI RD.JN.'),
	(1319,'Periamullaivoyal','13.2477990033251','80.2307510375977','PERIAMULLAIVOYAL'),
	(1320,'Vazhuthunaimedu','13.2635887921477','80.2297210693359','VAZHUTHUNAIMEDU'),
	(1321,'Kodungaiyur O.T.','13.1385792049361','80.2434539794922','KODUNGAIYUR O.T.'),
	(1322,'Chinna Kodungaiyur','13.1407523769778','80.2485179901123','CHINNA KODUNGAIYUR'),
	(1323,'Kodungaiyur(Parvathi Naga','13.1461852228883','80.2504062652588','KODUNGAIYUR(PARVATHI NAGA'),
	(1324,'Madahvaram Village','13.1485254886681','80.2300643920898','MADAHVARAM VILLAGE'),
	(1325,'Petrol Bunk',NULL,NULL,'PETROL BUNK'),
	(1326,'Assisi Nagar',NULL,NULL,'ASSISI NAGAR'),
	(1327,'Icf Annexe','13.0946101350258','80.2235412597656','ICF ANNEXE'),
	(1328,'Jn.Of Central Avenue&Erik;',NULL,NULL,'JN.OF CENTRAL AVENUE&ERIK;'),
	(1329,'Vinayagar Koil','13.1011307595859','80.1632881164551','VINAYAGAR KOIL'),
	(1330,'Valluvarkottam',NULL,NULL,'VALLUVARKOTTAM'),
	(1331,'Sakthi Nagar',NULL,NULL,'SAKTHI NAGAR'),
	(1332,'Senthil Nagar',NULL,NULL,'SENTHIL NAGAR'),
	(1333,'G.K.M.Colony','13.1102426251064','80.2227687835693','G.K.M.COLONY'),
	(1334,'Teachers Colony',NULL,NULL,'TEACHERS COLONY'),
	(1335,'Ambedkar Nagar','13.2098659084766','80.1018333435059','AMBEDKAR NAGAR'),
	(1336,'Korukkupet','13.126041298328','80.2778720855713','KORUKKUPET'),
	(1337,'I.O.C',NULL,NULL,'I.O.C'),
	(1338,'Ezhil Nagar',NULL,NULL,'EZHIL NAGAR'),
	(1339,'Kodungaiyur Parvathinagar',NULL,NULL,'KODUNGAIYUR PARVATHINAGAR'),
	(1340,'Ellaiamman Koil','13.1578863284566','80.3015613555908','ELLAIAMMAN KOIL'),
	(1341,'T.V.T Rly Gate',NULL,NULL,'T.V.T RLY GATE'),
	(1342,'Manali Rd Jn.','13.1613965512203','80.2688598632812','MANALI RD JN.'),
	(1343,'Manali','13.1707568993765','80.2566719055176','MANALI'),
	(1344,'Slum Clearance Board',NULL,NULL,'SLUM CLEARANCE BOARD'),
	(1345,'Coronation Nagar',NULL,NULL,'CORONATION NAGAR'),
	(1346,'Jn.Of.Palavanthangal &Gst;',NULL,NULL,'JN.OF.PALAVANTHANGAL &GST;'),
	(1347,'V.House P.S',NULL,NULL,'V.HOUSE P.S'),
	(1348,'I.C.F',NULL,NULL,'I.C.F'),
	(1349,'Jn.Of Manali Rd.Chinna Ko',NULL,NULL,'JN.OF MANALI RD.CHINNA KO'),
	(1350,'Weels India Rd.Jn.',NULL,NULL,'WEELS INDIA RD.JN.'),
	(1351,'Koyambedu School','13.074378381099','80.1991653442383','KOYAMBEDU SCHOOL'),
	(1352,'Kosapur Rd. Jn.,',NULL,NULL,'KOSAPUR RD. JN.,'),
	(1353,'Manalai Seekadu','13.1672468107386','80.2449989318848','MANALAI SEEKADU'),
	(1354,'Ramachandra Medl.College',NULL,NULL,'RAMACHANDRA MEDL.COLLEGE'),
	(1355,'Ayyappan Madam','13.0717029835929','80.1153087615967','AYYAPPAN MADAM'),
	(1356,'Pallavan Nagar','12.9153929094036','80.1943588256836','PALLAVAN NAGAR'),
	(1357,'Perumbakkam Limit','12.9074451520484','80.2008819580078','PERUMBAKKAM LIMIT'),
	(1358,'Water Supply Head Work','12.8974891837559','80.2472305297852','WATER SUPPLY HEAD WORK'),
	(1359,'Karanai','12.8590838833696','80.1994228363037','KARANAI'),
	(1360,'Camp Road','12.9214163044761','80.1432037353516','CAMP ROAD'),
	(1361,'Balaji Nagar (Bharath Eng','12.9046006301199','80.1421737670898','BALAJI NAGAR (BHARATH ENG'),
	(1362,'Meppadu Hospital','12.8912142102858','80.1407146453857','MEPPADU HOSPITAL'),
	(1363,'Agaram Then','12.8855247650504','80.1545333862305','AGARAM THEN'),
	(1364,'Prithiyangara Devi Temple',NULL,NULL,'PRITHIYANGARA DEVI TEMPLE'),
	(1365,'Kakkan Bridge','12.9879149532066','80.2050018310547','KAKKAN BRIDGE'),
	(1366,'Puzhithivakkam B.S','12.9747002838463','80.2034568786621','PUZHITHIVAKKAM B.S'),
	(1367,'Vengaivasal Rd.Jn.','12.9196594959171','80.1711845397949','VENGAIVASAL RD.JN.'),
	(1368,'Vengaivasal P.H.Centre','12.9117118742591','80.1688671112061','VENGAIVASAL P.H.CENTRE'),
	(1369,'Noothancheri Cross Rd.','12.9008357719348','80.1681804656982','NOOTHANCHERI CROSS RD.'),
	(1370,'Madambakkam Koil','12.9013377563004','80.1577949523926','MADAMBAKKAM KOIL'),
	(1371,'Bharatha Matha St',NULL,NULL,'BHARATHA MATHA ST'),
	(1372,'National High School',NULL,NULL,'NATIONAL HIGH SCHOOL'),
	(1373,'Varadharaja Theater',NULL,NULL,'VARADHARAJA THEATER'),
	(1374,'Chitlapakkam B.S',NULL,NULL,'CHITLAPAKKAM B.S'),
	(1375,'Moovarasanpet',NULL,NULL,'MOOVARASANPET'),
	(1376,'Jn.Of.Arterial Rd With 40',NULL,NULL,'JN.OF.ARTERIAL RD WITH 40'),
	(1377,'Tamarind Tree',NULL,NULL,'TAMARIND TREE'),
	(1378,'Sunnambu Kolathur',NULL,NULL,'SUNNAMBU KOLATHUR'),
	(1379,'Jn Of Iii And 1St Ave','13.0418954228848','80.2123188972473','JN OF III AND 1ST AVE'),
	(1380,'Perumbakkam Colony(Indran',NULL,NULL,'PERUMBAKKAM COLONY(INDRAN'),
	(1381,'Nookampalayam Village',NULL,NULL,'NOOKAMPALAYAM VILLAGE'),
	(1382,'Jn.Of.Orakadu Rd & S/Vara','13.2381909584468','80.1613998413086','JN.OF.ORAKADU RD & S/VARA'),
	(1383,'Kovilamcherry Village',NULL,NULL,'KOVILAMCHERRY VILLAGE'),
	(1384,'Madurapakkam Rd.Jn.',NULL,NULL,'MADURAPAKKAM RD.JN.'),
	(1385,'Ponmar',NULL,NULL,'PONMAR'),
	(1386,'Mambakkam Temple',NULL,NULL,'MAMBAKKAM TEMPLE'),
	(1387,'Mambakkam Roce Mill',NULL,NULL,'MAMBAKKAM ROCE MILL'),
	(1388,'Noothancheri','12.9008357719348','80.1685237884521','NOOTHANCHERI'),
	(1389,'Stephen Church',NULL,NULL,'STEPHEN CHURCH'),
	(1390,'Cowl Bazaar',NULL,NULL,'COWL BAZAAR'),
	(1391,'Pammal','12.9749512018324','80.134105682373','PAMMAL'),
	(1392,'Pozhichalur','12.9898385490125','80.1418304443359','POZHICHALUR'),
	(1393,'Statn Rd Jn-With Gst Road',NULL,NULL,'STATN RD JN-WITH GST ROAD'),
	(1394,'Burial Ground',NULL,NULL,'BURIAL GROUND'),
	(1395,'Manivakkam','12.8954812093629','80.0616645812988','MANIVAKKAM'),
	(1396,'Karasangal','12.8919672154085','80.0405502319336','KARASANGAL'),
	(1397,'Manimangalam Rd. Jn.',NULL,NULL,'MANIMANGALAM RD. JN.'),
	(1398,'Sundarasozhapuram','13.078307818586','80.1251792907715','SUNDARASOZHAPURAM'),
	(1399,'Paruthipattu Rd. Jn.','13.088005736761','80.1256942749023','PARUTHIPATTU RD. JN.'),
	(1400,'Mettupalayam','13.0803143157114','80.1016616821289','METTUPALAYAM'),
	(1401,'Ayalchery',NULL,NULL,'AYALCHERY'),
	(1402,'Anaicutche','13.104558198125','80.0586605072021','ANAICUTCHE'),
	(1403,'Thandarai','13.1120816763063','80.0623512268066','THANDARAI'),
	(1404,'Varadaraja Puram','13.0470377972775','80.0794315338135','VARADARAJA PURAM'),
	(1405,'Meppur','13.0293107875372','80.0833797454834','MEPPUR'),
	(1406,'Chembarambakkam','13.0408502117629','80.057544708252','CHEMBARAMBAKKAM'),
	(1407,'Irulapalayam Rd Jn.',NULL,NULL,'IRULAPALAYAM RD JN.'),
	(1408,'Irulapalayam',NULL,NULL,'IRULAPALAYAM'),
	(1409,'Padurmedu',NULL,NULL,'PADURMEDU'),
	(1410,'Pattur','13.0217847863025','80.1223468780518','PATTUR'),
	(1411,'Thirumalisai','13.0537269047265','80.0632953643799','THIRUMALISAI'),
	(1412,'Vellavedu','13.0679406567751','80.0371170043945','VELLAVEDU'),
	(1413,'Andersonpet','13.0781406097554','80.0251007080078','ANDERSONPET'),
	(1414,'Puthuchathiram','13.0910153579256','80.0051879882812','PUTHUCHATHIRAM'),
	(1415,'Kotyamedu','13.0933561489717','80.0124835968018','KOTYAMEDU'),
	(1416,'Kosapalayam','13.0941921403837','80.0205516815186','KOSAPALAYAM'),
	(1417,'Thirunindravoor','13.1247874724681','80.0284481048584','THIRUNINDRAVOOR'),
	(1418,'Thirunindravoor Rly.Stn.','13.12470388385','80.0271606445312','THIRUNINDRAVOOR RLY.STN.'),
	(1419,'Manapakkam P.U.O',NULL,NULL,'MANAPAKKAM P.U.O'),
	(1420,'Manapakkam Village',NULL,NULL,'MANAPAKKAM VILLAGE'),
	(1421,'Murugan Koil / Girugambak',NULL,NULL,'MURUGAN KOIL / GIRUGAMBAK'),
	(1422,'Parivakkam',NULL,NULL,'PARIVAKKAM'),
	(1423,'Kolappanchery',NULL,NULL,'KOLAPPANCHERY'),
	(1424,'Annambedu',NULL,NULL,'ANNAMBEDU'),
	(1425,'Periya Kottamedu','13.0945265361541','80.0063896179199','PERIYA KOTTAMEDU'),
	(1426,'Ramasamy Nagar','13.1014651459343','79.9972915649414','RAMASAMY NAGAR'),
	(1427,'Perumalpattu',NULL,NULL,'PERUMALPATTU'),
	(1428,'Sri Ram Engg.College',NULL,NULL,'SRI RAM ENGG.COLLEGE'),
	(1429,'Veppampattu','13.1252054151323','79.9989223480225','VEPPAMPATTU'),
	(1430,'Veppampattu R.S.','13.1249546496191','79.9972057342529','VEPPAMPATTU R.S.'),
	(1431,'Madananadapuram',NULL,NULL,'MADANANADAPURAM'),
	(1432,'Kuthambakkam','13.0568205556921','80.0322246551514','KUTHAMBAKKAM'),
	(1433,'Agaram Mel','13.0388433940293','80.0814914703369','AGARAM MEL'),
	(1434,'Nemam','13.0801471082411','80.0228691101074','NEMAM'),
	(1435,'Vandaloor R.G/Manivakkam','12.8928038851104','80.0836372375488','VANDALOOR R.G/MANIVAKKAM'),
	(1436,'Sadanandapuram',NULL,NULL,'SADANANDAPURAM'),
	(1437,'Alapakkam',NULL,NULL,'ALAPAKKAM'),
	(1438,'Nedugundram',NULL,NULL,'NEDUGUNDRAM'),
	(1439,'Kolapakkam','12.8708822162192','80.1054382324219','KOLAPAKKAM'),
	(1440,'Vengambakkam Rd Jn.',NULL,NULL,'VENGAMBAKKAM RD JN.'),
	(1441,'Kandigai',NULL,NULL,'KANDIGAI'),
	(1442,'Malrosapuram',NULL,NULL,'MALROSAPURAM'),
	(1443,'Keerapakkam',NULL,NULL,'KEERAPAKKAM'),
	(1444,'Vengambakkam Village',NULL,NULL,'VENGAMBAKKAM VILLAGE'),
	(1445,'Kadaperi',NULL,NULL,'KADAPERI'),
	(1446,'Crescent Residential H.S.',NULL,NULL,'CRESCENT RESIDENTIAL H.S.'),
	(1447,'Kolapakkam Colony',NULL,NULL,'KOLAPAKKAM COLONY'),
	(1448,'Kolapakkam Rice Mill',NULL,NULL,'KOLAPAKKAM RICE MILL'),
	(1449,'Melkottiyur',NULL,NULL,'MELKOTTIYUR'),
	(1450,'Mambakkam Rdjn./Venkatama','12.9299491987992','79.8930931091309','MAMBAKKAM RDJN./VENKATAMA'),
	(1451,'Nagalkeni','12.9593938080999','80.1303291320801','NAGALKENI'),
	(1452,'Thiruneermalai','12.9644960712941','80.1163387298584','THIRUNEERMALAI'),
	(1453,'Vazhuthalambedu Rd. Jn','12.9677581191789','80.1022624969482','VAZHUTHALAMBEDU RD. JN'),
	(1454,'Thirumudivakkam','12.9659179948601','80.0809764862061','THIRUMUDIVAKKAM'),
	(1455,'Durgas','12.9426643431032','80.0769424438477','DURGAS'),
	(1456,'K123',NULL,NULL,'K123'),
	(1457,'Thambuchetty St',NULL,NULL,'THAMBUCHETTY ST'),
	(1458,'Napalayam','13.221229745579','80.2726364135742','NAPALAYAM'),
	(1459,'Kondakkarai','13.2422848674078','80.2738380432129','KONDAKKARAI'),
	(1460,'Pattamandiri','13.2626698378281','80.2738380432129','PATTAMANDIRI'),
	(1461,'Minjur B.D.O','13.276871470967','80.2595901489258','MINJUR B.D.O'),
	(1462,'Minjur New Terminus','13.2823848224093','80.255126953125','MINJUR NEW TERMINUS'),
	(1463,'Ariyalur',NULL,NULL,'ARIYALUR'),
	(1464,'Theyampakkam',NULL,NULL,'THEYAMPAKKAM'),
	(1465,'Chettimedu','13.1856324306281','80.221996307373','CHETTIMEDU'),
	(1466,'Grand Line','13.1847967506034','80.2022552490234','GRAND LINE'),
	(1467,'Red Hills','13.1913985449602','80.1855182647705','RED HILLS'),
	(1468,'Odeon Mani',NULL,NULL,'ODEON MANI'),
	(1469,'Amman Kulam',NULL,NULL,'AMMAN KULAM'),
	(1470,'Vichoor','13.2208955226315','80.2508354187012','VICHOOR'),
	(1471,'Cycle Shop','13.1550446827298','80.205774307251','CYCLE SHOP'),
	(1472,'Kavangarai','13.169586875421','80.1995944976807','KAVANGARAI'),
	(1473,'Aayurveda Ashramam','13.1821225553366','80.1928997039795','AAYURVEDA ASHRAMAM'),
	(1474,'Padiyanallur','13.2073591084635','80.1729011535645','PADIYANALLUR'),
	(1475,'Semilivaram','13.224571949859','80.1663780212402','SEMILIVARAM'),
	(1476,'Sozhipalayam','13.23802385866','80.1741027832031','SOZHIPALAYAM'),
	(1477,'Orakkadu','13.2411987350036','80.1841449737549','ORAKKADU'),
	(1478,'Budur','13.2387758067978','80.194787979126','BUDUR'),
	(1479,'Pammadu Kulam Rd.Jn.',NULL,NULL,'PAMMADU KULAM RD.JN.'),
	(1480,'Alamadhi Old','13.2010084332413','80.1438903808594','ALAMADHI OLD'),
	(1481,'Alamadhi','13.2060221379316','80.1165962219238','ALAMADHI'),
	(1482,'Sholavaram','13.2376061086914','80.1612281799316','SHOLAVARAM'),
	(1483,'Karanodai','13.2479660964028','80.1567649841309','KARANODAI'),
	(1484,'Sholavaram P.S.','13.2410316372806','80.1602840423584','SHOLAVARAM P.S.'),
	(1485,'Karanodai School','13.2471306298669','80.1573657989502','KARANODAI SCHOOL'),
	(1486,'Sothupermedu','13.2541484596161','80.1712703704834','SOTHUPERMEDU'),
	(1487,'Pudukuppam','13.2436216390999','80.2153015136719','PUDUKUPPAM'),
	(1488,'Gnayaru','13.2612496288649','80.2141857147217','GNAYARU'),
	(1489,'Janapan Chattram Rd. Jn.',NULL,NULL,'JANAPAN CHATTRAM RD. JN.'),
	(1490,'Siruniam Rd.Jn.','13.2235692933851','80.1676654815674','SIRUNIAM RD.JN.'),
	(1491,'Angadu','13.2248226133332','80.1868057250977','ANGADU'),
	(1492,'Thirunillai Water Tank','13.2305878021025','80.2374458312988','THIRUNILLAI WATER TANK'),
	(1493,'Poochiathibedu','13.2127069173693','80.0861263275146','POOCHIATHIBEDU'),
	(1494,'Azhinjivakkam Rd.Jn.','13.2011755583893','80.1919555664062','AZHINJIVAKKAM RD.JN.'),
	(1495,'Kummanur','13.2185559491755','80.1953887939453','KUMMANUR'),
	(1496,'Pammadukulam Colony',NULL,NULL,'PAMMADUKULAM COLONY'),
	(1497,'Karimedu',NULL,NULL,'KARIMEDU'),
	(1498,'Irankuppam',NULL,NULL,'IRANKUPPAM'),
	(1499,'Pammadukulam',NULL,NULL,'PAMMADUKULAM'),
	(1500,'Pothur',NULL,NULL,'POTHUR'),
	(1501,'Uppara Palayam',NULL,NULL,'UPPARA PALAYAM'),
	(1502,'Old&New; Erumai Vetti Pala',NULL,NULL,'OLD&NEW; ERUMAI VETTI PALA'),
	(1503,'Old Erumai Vetti Palayam','13.2340134293859','80.1349639892578','OLD ERUMAI VETTI PALAYAM'),
	(1504,'New Erumai Vetti Palayam','13.2365199554198','80.1247501373291','NEW ERUMAI VETTI PALAYAM'),
	(1505,'Anakaputhur','12.9834822626866','80.1265525817871','ANAKAPUTHUR'),
	(1506,'Kundrathur B.S','12.9980345728421','80.0965118408203','KUNDRATHUR B.S'),
	(1507,'Pammal Sankar Nagar','12.973027490802','80.1286125183105','PAMMAL SANKAR NAGAR'),
	(1508,'Sri Sankara Health Centre','12.9661689217049','80.126895904541','SRI SANKARA HEALTH CENTRE'),
	(1509,'Kamarajapuram','12.9705182801402','80.1211452484131','KAMARAJAPURAM'),
	(1510,'Kundrathur Murugan Temple','12.9873295080482','80.0935077667236','KUNDRATHUR MURUGAN TEMPLE'),
	(1511,'Sirukalathur','12.9950238200167','80.0798606872559','SIRUKALATHUR'),
	(1512,'Alagesa Nagar','12.9869949673382','80.0642395019531','ALAGESA NAGAR'),
	(1513,'Nandambakkam Kalaignar Na',NULL,NULL,'NANDAMBAKKAM KALAIGNAR NA'),
	(1514,'Avadi Circle','13.1197721050587','80.1026916503906','AVADI CIRCLE'),
	(1515,'Koilpathagai Rd.Jn.','13.133898461349','80.1028633117676','KOILPATHAGAI RD.JN.'),
	(1516,'H.V.F.Main Gate','13.166494642342','80.0981426239014','H.V.F.MAIN GATE'),
	(1517,'Aafs Cross Road','13.166494642342','80.0981426239014','AAFS CROSS ROAD'),
	(1518,'Vengal Cross Road','13.1769412188206','80.0844955444336','VENGAL CROSS ROAD'),
	(1519,'Veerapuram Rd Jn.','13.1924013335704','80.0845813751221','VEERAPURAM RD JN.'),
	(1520,'Morai',NULL,NULL,'MORAI'),
	(1521,'Kadhavoor',NULL,NULL,'KADHAVOOR'),
	(1522,'Kadhavoor Rd.Jn.',NULL,NULL,'KADHAVOOR RD.JN.'),
	(1523,'Kilkondaiyur',NULL,NULL,'KILKONDAIYUR'),
	(1524,'Veerapuram',NULL,NULL,'VEERAPURAM'),
	(1525,'Arakkambakkam',NULL,NULL,'ARAKKAMBAKKAM'),
	(1526,'Pandeswaram',NULL,NULL,'PANDESWARAM'),
	(1527,'Airforce Station',NULL,NULL,'AIRFORCE STATION'),
	(1528,'Nallur Pudu Nagar',NULL,NULL,'NALLUR PUDU NAGAR'),
	(1529,'Muthapudupet',NULL,NULL,'MUTHAPUDUPET'),
	(1530,'Koilpathagai(Bharathi Nag',NULL,NULL,'KOILPATHAGAI(BHARATHI NAG'),
	(1531,'Vallanur P.U.O',NULL,NULL,'VALLANUR P.U.O'),
	(1532,'Kollumedu',NULL,NULL,'KOLLUMEDU'),
	(1533,'Arikambedu',NULL,NULL,'ARIKAMBEDU'),
	(1534,'Kattur Road Jn.',NULL,NULL,'KATTUR ROAD JN.'),
	(1535,'Lakshmipuram School',NULL,NULL,'LAKSHMIPURAM SCHOOL'),
	(1536,'Konimedu',NULL,NULL,'KONIMEDU'),
	(1537,'Bangarupet','13.2045180373325','80.0896453857422','BANGARUPET'),
	(1538,'Arakkambakkam Rd.Jn.',NULL,NULL,'ARAKKAMBAKKAM RD.JN.'),
	(1539,'C.R.P.Cross Rd.',NULL,NULL,'C.R.P.CROSS RD.'),
	(1540,'C.V.D.Mitnamallee Rd.Jn.',NULL,NULL,'C.V.D.MITNAMALLEE RD.JN.'),
	(1541,'Palavedu',NULL,NULL,'PALAVEDU'),
	(1542,'Melapedu',NULL,NULL,'MELAPEDU'),
	(1543,'Karayancahvadi',NULL,NULL,'KARAYANCAHVADI'),
	(1544,'Senneerkuppam','13.0685259113803','80.1123905181885','SENNEERKUPPAM'),
	(1545,'Melpakkam','13.0863337091211','80.108699798584','MELPAKKAM'),
	(1546,'Govardanagiri','13.1003783886413','80.1083564758301','GOVARDANAGIRI'),
	(1547,'Avadi Mosque','13.1157597374557','80.1048374176025','AVADI MOSQUE'),
	(1548,'Pudur','13.1303878451029','80.1585674285889','PUDUR'),
	(1549,'Kallikuppam','13.1323103316442','80.1729869842529','KALLIKUPPAM'),
	(1550,'Surapedu','13.1445971726798','80.1881790161133','SURAPEDU'),
	(1551,'Screw Factory','13.1588056773735','80.1981353759766','SCREW FACTORY'),
	(1552,'Pozhal Camp',NULL,NULL,'POZHAL CAMP'),
	(1553,'Madanakuppam',NULL,NULL,'MADANAKUPPAM'),
	(1554,'Minjur',NULL,NULL,'MINJUR'),
	(1555,'Kosappur',NULL,NULL,'KOSAPPUR'),
	(1556,'Nemilicheri','13.12470388385','80.0486183166504','NEMILICHERI'),
	(1557,'Nasic Nagar',NULL,NULL,'NASIC NAGAR'),
	(1558,'Pakkam','13.2088631915605','80.1713562011719','PAKKAM'),
	(1559,'Kesava Cross Road',NULL,NULL,'KESAVA CROSS ROAD'),
	(1560,'Kasanoor',NULL,NULL,'KASANOOR'),
	(1561,'Tamaraipakkam',NULL,NULL,'TAMARAIPAKKAM'),
	(1562,'Adi Dravidar Hostel',NULL,NULL,'ADI DRAVIDAR HOSTEL'),
	(1563,'Valliyur School',NULL,NULL,'VALLIYUR SCHOOL'),
	(1564,'R.R.Kandigai',NULL,NULL,'R.R.KANDIGAI'),
	(1565,'Vilambakkam',NULL,NULL,'VILAMBAKKAM'),
	(1566,'Eraiyur Junction',NULL,NULL,'ERAIYUR JUNCTION'),
	(1567,'Rajapalayam',NULL,NULL,'RAJAPALAYAM'),
	(1568,'Meyyur',NULL,NULL,'MEYYUR'),
	(1569,'Guruvoyal Karanibattai',NULL,NULL,'GURUVOYAL KARANIBATTAI'),
	(1570,'Magaral Kandigai',NULL,NULL,'MAGARAL KANDIGAI'),
	(1571,'Vilinjambakkam Amman Koil',NULL,NULL,'VILINJAMBAKKAM AMMAN KOIL'),
	(1572,'N046',NULL,NULL,'N046'),
	(1573,'N047',NULL,NULL,'N047'),
	(1574,'Puliyur',NULL,NULL,'PULIYUR'),
	(1575,'Puliyur Kandigai',NULL,NULL,'PULIYUR KANDIGAI'),
	(1576,'V090',NULL,NULL,'V090'),
	(1577,'Vadhattur Jn.',NULL,NULL,'VADHATTUR JN.'),
	(1578,'M133',NULL,NULL,'M133'),
	(1579,'Pakkam Village',NULL,NULL,'PAKKAM VILLAGE'),
	(1580,'Kollaicheri','13.009240942902','80.101146697998','KOLLAICHERI'),
	(1581,'Sikkaravaram','13.0202795586158','80.1047515869141','SIKKARAVARAM'),
	(1582,'Jn.Of.Pattamandri',NULL,NULL,'JN.OF.PATTAMANDRI'),
	(1583,'Kathirvedu',NULL,NULL,'KATHIRVEDU'),
	(1584,'Malligai Nagar Ave','13.1294683896987','80.211181640625','MALLIGAI NAGAR AVE'),
	(1585,'Water Pipe Thanthankuppam','13.1206080067338','80.1989936828613','WATER PIPE THANTHANKUPPAM'),
	(1586,'Madurapakkam',NULL,NULL,'MADURAPAKKAM'),
	(1587,'Alandur',NULL,NULL,'ALANDUR'),
	(1588,'Thillai Ganga Nagr Iind M',NULL,NULL,'THILLAI GANGA NAGR IIND M'),
	(1589,'Thirunindravoor P.U.O.',NULL,NULL,'THIRUNINDRAVOOR P.U.O.'),
	(1590,'Veppumpattu Puliyamaram',NULL,NULL,'VEPPUMPATTU PULIYAMARAM'),
	(1591,'Koyambedu Rohini Theater',NULL,NULL,'KOYAMBEDU ROHINI THEATER'),
	(1592,'Kamaraj Nagar',NULL,NULL,'KAMARAJ NAGAR'),
	(1593,'Kannan Theater',NULL,NULL,'KANNAN THEATER'),
	(1594,'Sidco Nagar',NULL,NULL,'SIDCO NAGAR'),
	(1595,'M.G.R.Nagar','12.8887878450392','80.0302505493164','M.G.R.NAGAR'),
	(1596,'Padappai','12.8857757727128','80.0154876708984','PADAPPAI'),
	(1597,'Mullai Nagar','12.9159785236315','80.0652694702148','MULLAI NAGAR'),
	(1598,'Manimangalam Village','12.9184464542241','80.0402069091797','MANIMANGALAM VILLAGE'),
	(1599,'Pushpagiri Rd. Jn.','12.9218345904067','80.0195217132568','PUSHPAGIRI RD. JN.'),
	(1600,'Veterinary Hospital/Prdct','12.9051862696328','80.0165176391602','VETERINARY HOSPITAL/PRDCT'),
	(1601,'Thandalam Rd Jn.','13.0050595207364','80.1004600524902','THANDALAM RD JN.'),
	(1602,'Nallur','13.2833872364905','80.2440547943115','NALLUR'),
	(1603,'Nandambakkam Village','12.9799695083805','80.0668144226074','NANDAMBAKKAM VILLAGE'),
	(1604,'Amarambedu Road',NULL,NULL,'AMARAMBEDU ROAD'),
	(1605,'Amarambedu','13.411995914694','80.0151443481445','AMARAMBEDU'),
	(1606,'Thandalam Village','12.7103440348411','80.1864624023438','THANDALAM VILLAGE'),
	(1607,'Periyar Colony','12.981474980591','80.0577163696289','PERIYAR COLONY'),
	(1608,'Ananda Nagar',NULL,NULL,'ANANDA NAGAR'),
	(1609,'Somangalam Rd /Amarambedu','12.9756203152243','80.0479316711426','SOMANGALAM RD /AMARAMBEDU'),
	(1610,'Pudupeir Coot Road',NULL,NULL,'PUDUPEIR COOT ROAD'),
	(1611,'Amarambedu Chatram',NULL,NULL,'AMARAMBEDU CHATRAM'),
	(1612,'Amarambedu Village',NULL,NULL,'AMARAMBEDU VILLAGE'),
	(1613,'Bus Bay-17Th Km','13.1440120989592','80.2209663391113','BUS BAY-17TH KM'),
	(1614,'Seemavaram',NULL,NULL,'SEEMAVARAM'),
	(1615,'Chinnamadiyoor',NULL,NULL,'CHINNAMADIYOOR'),
	(1616,'Thandavarayan Palayam',NULL,NULL,'THANDAVARAYAN PALAYAM'),
	(1617,'Kanniampalayam',NULL,NULL,'KANNIAMPALAYAM'),
	(1618,'Mosque',NULL,NULL,'MOSQUE'),
	(1619,'Muthamil Nagar','13.1333969478149','80.2464580535889','MUTHAMIL NAGAR'),
	(1620,'Thailapuram',NULL,NULL,'THAILAPURAM'),
	(1621,'Maraimalai Nagar','12.7955641921466','80.020637512207','MARAIMALAI NAGAR'),
	(1622,'Paventher Salai',NULL,NULL,'PAVENTHER SALAI'),
	(1623,'Maraimalai Nagar I.E.','12.7894540756631','80.0379753112793','MARAIMALAI NAGAR I.E.'),
	(1624,'Thirumullaivoyal Colony',NULL,NULL,'THIRUMULLAIVOYAL COLONY'),
	(1625,'Pushpa Nagar',NULL,NULL,'PUSHPA NAGAR'),
	(1626,'Mogapair Road Jn',NULL,NULL,'MOGAPAIR ROAD JN'),
	(1627,'Thenpakkam',NULL,NULL,'THENPAKKAM'),
	(1628,'Sikkarayapuram','13.0192760684112','80.1037216186523','SIKKARAYAPURAM'),
	(1629,'Ford',NULL,NULL,'FORD'),
	(1630,'S.P.Koil','12.7649284218803','80.0053596496582','S.P.KOIL'),
	(1631,'Mahendra City(Chetty Punn',NULL,NULL,'MAHENDRA CITY(CHETTY PUNN'),
	(1632,'Pulipakkam','12.7156188058601','79.9813270568848','PULIPAKKAM'),
	(1633,'Chenglepet O.T.','12.6941004013946','79.9773788452148','CHENGLEPET O.T.'),
	(1634,'Chenglepet N.T.',NULL,NULL,'CHENGLEPET N.T.'),
	(1635,'Mettukandigai',NULL,NULL,'METTUKANDIGAI'),
	(1636,'Murukkancheri','13.0993752238054','79.9754905700684','MURUKKANCHERI'),
	(1637,'Aranvoyal Kuppam','13.1025518984301','79.9639892578125','ARANVOYAL KUPPAM'),
	(1638,'Aranvoyal','13.1075676170022','79.9560928344727','ARANVOYAL'),
	(1639,'Venkathur','13.1080691832371','79.9387550354004','VENKATHUR'),
	(1640,'Manavalan Nagar','13.1104098121473','79.9162673950195','MANAVALAN NAGAR'),
	(1641,'Oil Mill','13.1257905336679','79.9142074584961','OIL MILL'),
	(1642,'Thiruvallur','13.1373254430831','79.9123191833496','THIRUVALLUR'),
	(1643,'Tollgate(Sathiavedu Koot',NULL,NULL,'TOLLGATE(SATHIAVEDU KOOT'),
	(1644,'Sadurangapettai',NULL,NULL,'SADURANGAPETTAI'),
	(1645,'Poondi',NULL,NULL,'POONDI'),
	(1646,'Nazarathpet','13.0482920187118','80.0828647613525','NAZARATHPET'),
	(1647,'Pappanchatram',NULL,NULL,'PAPPANCHATRAM'),
	(1648,'Chettipedu','13.0229555126251','80.0201225280762','CHETTIPEDU'),
	(1649,'Thandalam Koot Road','13.0189415707732','80.0105094909668','THANDALAM KOOT ROAD'),
	(1650,'Sipcot','13.0087391759643','79.996862411499','SIPCOT'),
	(1651,'Irunkattukottai','12.9949401874725','79.9883651733398','IRUNKATTUKOTTAI'),
	(1652,'Pennalur E.B.','12.9883331274751','79.9798679351807','PENNALUR E.B.'),
	(1653,'Beemanthangal',NULL,NULL,'BEEMANTHANGAL'),
	(1654,'Sriperumpudur','12.9670053426933','79.9452781677246','SRIPERUMPUDUR'),
	(1655,'Vishnuvakkam',NULL,NULL,'VISHNUVAKKAM'),
	(1656,'Kizhanoor',NULL,NULL,'KIZHANOOR'),
	(1657,'Moolakarai',NULL,NULL,'MOOLAKARAI'),
	(1658,'Nazarath',NULL,NULL,'NAZARATH'),
	(1659,'Ekkadu Kandigai',NULL,NULL,'EKKADU KANDIGAI'),
	(1660,'Ekkadu Csi Hospital',NULL,NULL,'EKKADU CSI HOSPITAL'),
	(1661,'Ekkadu Water Tank(Teacher',NULL,NULL,'EKKADU WATER TANK(TEACHER'),
	(1662,'Periyapalayam Rd Jn.',NULL,NULL,'PERIYAPALAYAM RD JN.'),
	(1663,'Panjetti','13.2848908498491','80.1492118835449','PANJETTI'),
	(1664,'Thatchur Koot Road','13.2972535396992','80.1474952697754','THATCHUR KOOT ROAD'),
	(1665,'New Road','13.3178009399791','80.145092010498','NEW ROAD'),
	(1666,'Puduvoyal','13.3343378246673','80.1433753967285','PUDUVOYAL'),
	(1667,'Peruvoyal','13.3483682337122','80.1426887512207','PERUVOYAL'),
	(1668,'Kavaraped',NULL,NULL,'KAVARAPED'),
	(1669,'Jamal Soft Drinks','13.3654040629788','80.1243209838867','JAMAL SOFT DRINKS'),
	(1670,'Thandalacheri','13.3695793277609','80.1071548461914','THANDALACHERI'),
	(1671,'Palavakkam Cross Road','13.3749235611598','80.0848388671875','PALAVAKKAM CROSS ROAD'),
	(1672,'G.R.Kandikai','13.380935682061','80.0676727294922','G.R.KANDIKAI'),
	(1673,'Dideer Nagar',NULL,NULL,'DIDEER NAGAR'),
	(1674,'Poovalambedu','13.3999730745956','80.0405502319336','POOVALAMBEDU'),
	(1675,'Thani Poondi','13.405650601795','80.0275039672852','THANI POONDI'),
	(1676,'Panchalai',NULL,NULL,'PANCHALAI'),
	(1677,'Madarapakkam Cross Road','13.4235172386474','79.9893951416016','MADARAPAKKAM CROSS ROAD'),
	(1678,'Madarapakkam Bus Terminus',NULL,NULL,'MADARAPAKKAM BUS TERMINUS'),
	(1679,'Enambakkam',NULL,NULL,'ENAMBAKKAM'),
	(1680,'Melmallikaipattu',NULL,NULL,'MELMALLIKAIPATTU'),
	(1681,'New Nagar',NULL,NULL,'NEW NAGAR'),
	(1682,'Venkathakulam',NULL,NULL,'VENKATHAKULAM'),
	(1683,'Periyapalayam','13.3119542961925','80.0319671630859','PERIYAPALAYAM'),
	(1684,'Avadi Road Jn.',NULL,NULL,'AVADI ROAD JN.'),
	(1685,'Jeyapuram',NULL,NULL,'JEYAPURAM'),
	(1686,'Dharmapuram Kandigai',NULL,NULL,'DHARMAPURAM KANDIGAI'),
	(1687,'Kannigaipeir',NULL,NULL,'KANNIGAIPEIR'),
	(1688,'Manchankaranai',NULL,NULL,'MANCHANKARANAI'),
	(1689,'Pandy Kavanoor Jn.',NULL,NULL,'PANDY KAVANOOR JN.'),
	(1690,'Sakthi Vinayagar Koil',NULL,NULL,'SAKTHI VINAYAGAR KOIL'),
	(1691,'Mambakkam',NULL,NULL,'MAMBAKKAM'),
	(1692,'Camp',NULL,NULL,'CAMP'),
	(1693,'Samiyar Pannai','12.798242552724','80.2005386352539','SAMIYAR PANNAI'),
	(1694,'Chengammal Koot Road',NULL,NULL,'CHENGAMMAL KOOT ROAD'),
	(1695,'Koman Nagar Rd Jn.',NULL,NULL,'KOMAN NAGAR RD JN.'),
	(1696,'Kalavakkam Tea Stall','12.74232588409','80.1971054077148','KALAVAKKAM TEA STALL'),
	(1697,'Thirupporur',NULL,NULL,'THIRUPPORUR'),
	(1698,'Karungudi Pallam',NULL,NULL,'KARUNGUDI PALLAM'),
	(1699,'P141',NULL,NULL,'P141'),
	(1700,'Payyanoor','12.6617775103885','80.17822265625','PAYYANOOR'),
	(1701,'Poozavakkam School',NULL,NULL,'POOZAVAKKAM SCHOOL'),
	(1702,'Poonchery Koot Road',NULL,NULL,'POONCHERY KOOT ROAD'),
	(1703,'Government School / Hospi',NULL,NULL,'GOVERNMENT SCHOOL / HOSPI'),
	(1704,'Mamallapuram','12.6204886902218','80.1941871643066','MAMALLAPURAM'),
	(1705,'Salt Office','12.7830089979825','80.2324676513672','SALT OFFICE'),
	(1706,'Chemmancheri Kuppam','12.7726295661384','80.2486896514893','CHEMMANCHERI KUPPAM'),
	(1707,'Thiruvedanthai','12.7500277162178','80.2410507202148','THIRUVEDANTHAI'),
	(1708,'Vadanemili','12.7314424613095','80.2355575561523','VADANEMILI'),
	(1709,'Borosil Company','12.792216201438','80.0292205810547','BOROSIL COMPANY'),
	(1710,'Manamathi Koot Rd',NULL,NULL,'MANAMATHI KOOT RD'),
	(1711,'Chiruthavoor Jn.','12.6949377274569','80.163459777832','CHIRUTHAVOOR JN.'),
	(1712,'Ammur Colony',NULL,NULL,'AMMUR COLONY'),
	(1713,'Kallikalam',NULL,NULL,'KALLIKALAM'),
	(1714,'Manamathi School','12.665556','80.116667','MANAMATHI SCHOOL'),
	(1715,'Manamathi','12.656667','80.118056','MANAMATHI'),
	(1716,'Manamathi Jn.',NULL,NULL,'MANAMATHI JN.'),
	(1717,'Illalur Junction',NULL,NULL,'ILLALUR JUNCTION'),
	(1718,'Sunnambu Kalvoy','12.7103440348411','80.138053894043','SUNNAMBU KALVOY'),
	(1719,'Chembakkam Junction','12.709167','80.125278','CHEMBAKKAM JUNCTION'),
	(1720,'Mylai Koot Road','12.7103440348411','80.1095581054688','MYLAI KOOT ROAD'),
	(1721,'Vengoor Junction','12.7113487615763','80.0992584228516','VENGOOR JUNCTION'),
	(1722,'Karumbakkam','12.7025','80.092222','KARUMBAKKAM'),
	(1723,'Sirukundram Koot Road',NULL,NULL,'SIRUKUNDRAM KOOT ROAD'),
	(1724,'Perunthandalam',NULL,NULL,'PERUNTHANDALAM'),
	(1725,'Chembakkam Village','12.7053203415626','80.1188278198242','CHEMBAKKAM VILLAGE'),
	(1726,'Thiruvengadapuram','12.9560480049781','79.9409866333008','THIRUVENGADAPURAM'),
	(1727,'Sunguvarchathiram',NULL,NULL,'SUNGUVARCHATHIRAM'),
	(1728,'Echankuzhi /Manali New To',NULL,NULL,'ECHANKUZHI /MANALI NEW TO'),
	(1729,'Vayalur',NULL,NULL,'VAYALUR'),
	(1730,'Kattur',NULL,NULL,'KATTUR'),
	(1731,'Abirami Madam',NULL,NULL,'ABIRAMI MADAM'),
	(1732,'Kadapakkam',NULL,NULL,'KADAPAKKAM'),
	(1733,'Thathanmanji',NULL,NULL,'THATHANMANJI'),
	(1734,'Arani','13.3193043398428','80.075569152832','ARANI'),
	(1735,'Chinnambedu Village','13.3291597298395','80.1028633117676','CHINNAMBEDU VILLAGE'),
	(1736,'Chinambedu Colony',NULL,NULL,'CHINAMBEDU COLONY'),
	(1737,'Sathiyavedu Koot Road',NULL,NULL,'SATHIYAVEDU KOOT ROAD'),
	(1738,'Thirupatchur',NULL,NULL,'THIRUPATCHUR'),
	(1739,'Priyan Kuppam',NULL,NULL,'PRIYAN KUPPAM'),
	(1740,'Christian Hospital',NULL,NULL,'CHRISTIAN HOSPITAL'),
	(1741,'Kadambathur',NULL,NULL,'KADAMBATHUR'),
	(1742,'Panapakkam',NULL,NULL,'PANAPAKKAM'),
	(1743,'Kosavampettai',NULL,NULL,'KOSAVAMPETTAI'),
	(1744,'Anjathamman Koil',NULL,NULL,'ANJATHAMMAN KOIL'),
	(1745,'P135',NULL,NULL,'P135'),
	(1746,'E022',NULL,NULL,'E022'),
	(1747,'C064',NULL,NULL,'C064'),
	(1748,'K115',NULL,NULL,'K115'),
	(1749,'V085',NULL,NULL,'V085'),
	(1750,'G023',NULL,NULL,'G023'),
	(1751,'K116',NULL,NULL,'K116'),
	(1752,'A102',NULL,NULL,'A102'),
	(1753,'Nanmabgalam Rd. Jn.',NULL,NULL,'NANMABGALAM RD. JN.'),
	(1754,'A104',NULL,NULL,'A104'),
	(1755,'K120',NULL,NULL,'K120'),
	(1756,'Travellers Bangalow',NULL,NULL,'TRAVELLERS BANGALOW'),
	(1757,'Vadamangalam Koot Road','12.9433335432672','79.9191856384277','VADAMANGALAM KOOT ROAD'),
	(1758,'A103',NULL,NULL,'A103'),
	(1759,'V086',NULL,NULL,'V086'),
	(1760,'V087',NULL,NULL,'V087'),
	(1761,'G024',NULL,NULL,'G024'),
	(1762,'K119',NULL,NULL,'K119'),
	(1763,'P137',NULL,NULL,'P137'),
	(1764,'P136',NULL,NULL,'P136'),
	(1765,'K117',NULL,NULL,'K117'),
	(1766,'M130',NULL,NULL,'M130'),
	(1767,'K118',NULL,NULL,'K118'),
	(1768,'N044',NULL,NULL,'N044'),
	(1769,'Verkadu','13.3677004675565','80.1379251480103','VERKADU'),
	(1770,'Ayanallur','13.3869476528957','80.1322174072266','AYANALLUR'),
	(1771,'Gummudipoondi R.S.',NULL,NULL,'GUMMUDIPOONDI R.S.'),
	(1772,'Police Quarters','13.4058175858596','80.1430320739746','POLICE QUARTERS'),
	(1773,'Rettambedu','13.4123298738898','80.1548767089844','RETTAMBEDU'),
	(1774,'Krishnapuram','13.3203066012303','80.1825141906738','KRISHNAPURAM'),
	(1775,'Ponneri','13.3343378246673','80.1942729949951','PONNERI'),
	(1776,'Chinnakuvanam',NULL,NULL,'CHINNAKUVANAM'),
	(1777,'Uppalayam',NULL,NULL,'UPPALAYAM'),
	(1778,'Kavalpathy',NULL,NULL,'KAVALPATHY'),
	(1779,'Medhur',NULL,NULL,'MEDHUR'),
	(1780,'Kanchivoyal',NULL,NULL,'KANCHIVOYAL'),
	(1781,'Thirupalaivanam',NULL,NULL,'THIRUPALAIVANAM'),
	(1782,'Perliyambakkam',NULL,NULL,'PERLIYAMBAKKAM'),
	(1783,'Pollachiammankulam',NULL,NULL,'POLLACHIAMMANKULAM'),
	(1784,'Pulicut Panchayat Limit',NULL,NULL,'PULICUT PANCHAYAT LIMIT'),
	(1785,'Pazhaverkadu','13.4181740846685','80.3148651123047','PAZHAVERKADU'),
	(1786,'Pulikulam',NULL,NULL,'PULIKULAM'),
	(1787,'Elavambedu','13.2925758392697','80.2174472808838','ELAVAMBEDU'),
	(1788,'Thandalam',NULL,NULL,'THANDALAM'),
	(1789,'Thumbakkam',NULL,NULL,'THUMBAKKAM'),
	(1790,'Ariyapakkam',NULL,NULL,'ARIYAPAKKAM'),
	(1791,'Ambathur',NULL,NULL,'AMBATHUR'),
	(1792,'Pogalmedu',NULL,NULL,'POGALMEDU'),
	(1793,'Vengal',NULL,NULL,'VENGAL'),
	(1794,'Ernakuppma',NULL,NULL,'ERNAKUPPMA'),
	(1795,'Vadamadurai',NULL,NULL,'VADAMADURAI'),
	(1796,'Vadamadurai Kandigai',NULL,NULL,'VADAMADURAI KANDIGAI'),
	(1797,'Minjur P.U',NULL,NULL,'MINJUR P.U'),
	(1798,'Koothavakkam School',NULL,NULL,'KOOTHAVAKKAM SCHOOL'),
	(1799,'Kandan Kollai','13.1287161054444','79.9834728240967','KANDAN KOLLAI'),
	(1800,'Chevvaipettai R.S.','13.1294683896987','79.9671649932861','CHEVVAIPETTAI R.S.'),
	(1801,'Thozhudur',NULL,NULL,'THOZHUDUR'),
	(1802,'Kakkalur','13.1330626048899','79.9426174163818','KAKKALUR'),
	(1803,'Salamangalam Koot Road','12.8819269609135','80.0079345703125','SALAMANGALAM KOOT ROAD'),
	(1804,'Vanjivanchery','12.8769066827513','80.0003814697266','VANJIVANCHERY'),
	(1805,'Sarapanchery','12.8732250815181','79.9873352050781','SARAPANCHERY'),
	(1806,'Panapakkamedu','12.8695434262198','79.9741172790527','PANAPAKKAMEDU'),
	(1807,'Vattambakkam','12.8591675614425','79.958324432373','VATTAMBAKKAM'),
	(1808,'Oragadam Koot Road','12.8519711452252','79.9423599243164','ORAGADAM KOOT ROAD'),
	(1809,'E023',NULL,NULL,'E023'),
	(1810,'P138',NULL,NULL,'P138'),
	(1811,'K121',NULL,NULL,'K121'),
	(1812,'V088',NULL,NULL,'V088'),
	(1813,'T097',NULL,NULL,'T097'),
	(1814,'T098',NULL,NULL,'T098'),
	(1815,'N045',NULL,NULL,'N045'),
	(1816,'O014',NULL,NULL,'O014'),
	(1817,'W008',NULL,NULL,'W008'),
	(1818,'N.S.K Nagar',NULL,NULL,'N.S.K NAGAR'),
	(1819,'Mathur','12.8677025783007','79.9384117126465','MATHUR'),
	(1820,'Vallakkottai','12.8839350440131','79.9354934692383','VALLAKKOTTAI'),
	(1821,'Bhondhur','12.931622281129','79.9313735961914','BHONDHUR'),
	(1822,'Pattunool Chatram','12.9543750865605','79.9406433105469','PATTUNOOL CHATRAM'),
	(1823,'Vallam','12.8994971420352','79.9308586120605','VALLAM'),
	(1824,'Therasapuram','12.9155602278945','79.9320602416992','THERASAPURAM'),
	(1825,'M131',NULL,NULL,'M131'),
	(1826,'K122',NULL,NULL,'K122'),
	(1827,'P139',NULL,NULL,'P139'),
	(1828,'V089',NULL,NULL,'V089'),
	(1829,'S097',NULL,NULL,'S097'),
	(1830,'Kattu Koot Road',NULL,NULL,'KATTU KOOT ROAD'),
	(1831,'A105',NULL,NULL,'A105'),
	(1832,'T099',NULL,NULL,'T099'),
	(1833,'Periyal Nembili Village','12.7140280134399','80.2262878417969','PERIYAL NEMBILI VILLAGE'),
	(1834,'Sulerikadu','12.689578793033','80.2166748046875','SULERIKADU'),
	(1835,'Krishna Karanai','12.6701517099641','80.2094650268555','KRISHNA KARANAI'),
	(1836,'Sculpture Arts College',NULL,NULL,'SCULPTURE ARTS COLLEGE'),
	(1837,'Tsr Rajalakshmi Nagar',NULL,NULL,'TSR RAJALAKSHMI NAGAR'),
	(1838,'Valarpuram','13.0196105655976','79.9765205383301','VALARPURAM'),
	(1839,'Mannur Village','13.0217847863025','79.9566078186035','MANNUR VILLAGE'),
	(1840,'Sowbakkiya Nagar',NULL,NULL,'SOWBAKKIYA NAGAR'),
	(1841,'Vayalur Cross Road',NULL,NULL,'VAYALUR CROSS ROAD'),
	(1842,'Mudhukur Cross Road',NULL,NULL,'MUDHUKUR CROSS ROAD'),
	(1843,'Poovalli Kuppam',NULL,NULL,'POOVALLI KUPPAM'),
	(1844,'Meppedu',NULL,NULL,'MEPPEDU'),
	(1845,'Meppedu Koot Rd',NULL,NULL,'MEPPEDU KOOT RD'),
	(1846,'K124',NULL,NULL,'K124'),
	(1847,'K125',NULL,NULL,'K125'),
	(1848,'P140',NULL,NULL,'P140'),
	(1849,'Sozhinganallur (Pon.Koil)',NULL,NULL,'SOZHINGANALLUR (PON.KOIL)'),
	(1850,'Neithavoyal',NULL,NULL,'NEITHAVOYAL'),
	(1851,'Minjur R.S',NULL,NULL,'MINJUR R.S'),
	(1852,'Pattikulam Colony',NULL,NULL,'PATTIKULAM COLONY'),
	(1853,'Illanthope',NULL,NULL,'ILLANTHOPE'),
	(1854,'Salavankuppam/Devanori',NULL,NULL,'SALAVANKUPPAM/DEVANORI');
/*!40000 ALTER TABLE `appmodels_stage` ENABLE KEYS*/;
UNLOCK TABLES;
/*!40014 SET FOREIGN_KEY_CHECKS=@OLD_FOREIGN_KEY_CHECKS*/;
