# HeidiSQL Dump 
#
# --------------------------------------------------------
# Host:                 127.0.0.1
# Database:             wtfimb
# Server version:       5.1.32-community
# Server OS:            Win32
# Target-Compatibility: MySQL 4.0
# max_allowed_packet:   1048576
# HeidiSQL version:     3.2 Revision: 1129
# --------------------------------------------------------

/*!40100 SET CHARACTER SET latin1*/;
/*!40014 SET @OLD_FOREIGN_KEY_CHECKS=@@FOREIGN_KEY_CHECKS, FOREIGN_KEY_CHECKS=0*/;


#
# Database structure for database 'wtfimb'
#

CREATE DATABASE /*!32312 IF NOT EXISTS*/ `wtfimb` /*!40100 DEFAULT CHARACTER SET latin1 */;

USE `wtfimb`;


#
# Table structure for table 'appmodels_route'
#

CREATE TABLE /*!32312 IF NOT EXISTS*/ `appmodels_route` (
  `id` int(11) NOT NULL AUTO_INCREMENT,
  `display_name` varchar(64) NOT NULL,
  `mtc_name` varchar(64) NOT NULL,
  `types` varchar(64) NOT NULL,
  `start_id` int(11) NOT NULL,
  `end_id` int(11) NOT NULL,
  `time` double NOT NULL,
  `fare` double NOT NULL,
  PRIMARY KEY (`id`),
  KEY `basic_route_start_id` (`start_id`),
  KEY `basic_route_end_id` (`end_id`),
  CONSTRAINT `end_id_refs_id_79f567c6` FOREIGN KEY (`end_id`) REFERENCES `appmodels_stage` (`id`),
  CONSTRAINT `start_id_refs_id_79f567c6` FOREIGN KEY (`start_id`) REFERENCES `appmodels_stage` (`id`)
) TYPE=InnoDB AUTO_INCREMENT=1655 /*!40100 DEFAULT CHARSET=latin1*/;



#
# Dumping data for table 'appmodels_route'
#

TRUNCATE TABLE `appmodels_route`;
LOCK TABLES `appmodels_route` WRITE;
/*!40000 ALTER TABLE `appmodels_route` DISABLE KEYS*/;
INSERT INTO `appmodels_route` (`id`, `display_name`, `mtc_name`, `types`, `start_id`, `end_id`, `time`, `fare`) VALUES
	(828,'1B','Y1B','D,X,N',3709,3729,'100','14'),
	(829,'1','1NS','N,LSS',3709,3738,'70','12'),
	(830,'A1','XA1','X,AC,D',3739,3738,'50','7'),
	(831,'1G Ext','X1GEX','X',3709,3747,'105','10'),
	(835,'1A','S1A','D,O,X',3709,3738,'80','13'),
	(836,'M1A','M1A','M',3748,3763,'85','7'),
	(837,'M1','M1','M',3738,3765,'40','5'),
	(838,'1D','L1D','LSS',3766,3738,'120','7.5'),
	(839,'1G Cut','L1GCT','LSS',3775,3777,'75','5.5'),
	(840,'1G','X1G','X',3709,3743,'80','9'),
	(841,'1C','L1C','LSS,X',3766,3738,'100','7'),
	(848,'T1','LT1','LSS',3780,3738,'65','6'),
	(849,'2A/2AE','2A/2AE','O',3782,3786,'50','4'),
	(850,'M2','M2','M',3721,3791,'70','6'),
	(851,'AC2','WAC2V','AC',3739,3725,'50','28'),
	(852,'M3A','M3A','M',3795,3734,'40','5'),
	(853,'M4','M4','M',3709,3738,'100','7'),
	(854,'5T','5T','O',3802,3810,'68','5'),
	(855,'5A','L5A','LSS,D,X,N',3793,3815,'65','6'),
	(856,'5E','X5E','X,D,N,O',3802,3818,'70','7.5'),
	(859,'M5G','M5G','M',3793,3824,'55','5'),
	(860,'M5E Cut','M5ECUT','M',3825,3738,'70','6'),
	(861,'M5C','M5C','M',3775,3810,'70','6'),
	(862,'M5','M5','M',3737,3838,'70','7'),
	(866,'5C','5C','O',3775,3810,'70','5'),
	(867,'5B','5B','O',3842,3793,'40','4'),
	(869,'5K','5K','O',3842,3810,'30','3.5'),
	(871,'6A','L6A','LSS',3843,3818,'75','6.5'),
	(872,'6D','S6D','D,LSS',3843,3738,'70','13'),
	(874,'6D Ext','L6DEX','LSS',3850,3738,'75','6.5'),
	(875,'M7','M7','M,D',3793,3738,'45','5'),
	(876,'7H Ext','7HEXT','O',3715,3860,'70','5'),
	(878,'7M','S7M','D,LSS',3775,3859,'50','10'),
	(879,'M7S','M7S','M',3738,3862,'55','5'),
	(880,'M7K','M7K','M',3793,3810,'30','5'),
	(881,'M7B','M7B','M',3775,3868,'60','5'),
	(882,'7B','7B','O',3775,3868,'60','4.5'),
	(883,'7K','7K','O',3715,3869,'55','4'),
	(885,'7H','L7H','LSS',3775,3858,'48','5'),
	(886,'7G','7G','O',3775,3874,'63','4.5'),
	(887,'7F','L7F','LSS',3775,3875,'45','4.5'),
	(888,'7E','L7E','LSS',3775,3860,'70','5.5'),
	(889,'M8B','M8B','M',3795,3881,'45','5'),
	(890,'8B','8B','O',3795,3881,'45','4'),
	(891,'M8A','M8A','M',3843,3884,'65','6'),
	(892,'M9M','M9M','M',3793,3888,'40','5'),
	(893,'M9M Ext','M9MEXT','M',3795,3888,'70','7'),
	(894,'M10','M10','M',3795,3805,'65','5'),
	(895,'M10A','M10A','M',3843,3862,'90','7'),
	(896,'10G','X10G','X',3890,3747,'85','9'),
	(897,'M11A','M11A','M',3798,3897,'55','5'),
	(898,'11H','X11H','X,D,LSS',3795,3902,'80','9'),
	(899,'11G','X11G','X,O',3775,3903,'70','7'),
	(901,'11A','S11A','D,O',3798,3793,'55','10'),
	(903,'11A Ext','L11AEX','LSS',3904,3793,'70','5.5'),
	(906,'11','11','O',3795,3793,'45','4'),
	(907,'M11','M11','M',3744,3729,'40','5'),
	(908,'M12B Ext','M12BEX','M',3902,3845,'80','6'),
	(909,'12G','X12G','X,O',3782,3805,'70','7.5'),
	(910,'12','12','O',3793,3914,'40','3.5'),
	(911,'M12C','M12C','M',3915,3842,'70','5'),
	(913,'M12B','M12B','M',3802,3845,'50','5'),
	(914,'M12','M12','M',3795,3765,'90','7'),
	(916,'12B','12BNS','N,O,D',3802,3845,'50','8'),
	(919,'M12A','M12A','M',3793,3845,'40','4'),
	(920,'13','S13','D,O',3793,3923,'42','8'),
	(922,'13B','13B','O',3793,3782,'42','4'),
	(923,'M14','M14','M',3924,3927,'40','5'),
	(924,'M15C','M15C','M',3775,3875,'75','6'),
	(925,'M15 Ext','SM15EX','D',3842,3815,'70','13'),
	(926,'15B','S15B','D,O,N',3775,3937,'40','9'),
	(927,'M15L Cut','M15LCU','M',3775,3939,'70','6'),
	(928,'M15D','M15D','M',3775,3875,'48','5'),
	(929,'M15A','M15A','M',3775,3875,'48','5'),
	(930,'M15','M15','M',3842,3926,'55','6'),
	(931,'15F','L15F','LSS,N',3775,3802,'70','5.5'),
	(933,'M15F Cut','M15FCU','M',3775,3825,'45','5'),
	(935,'15B Ext','15BEXN','O',3937,3766,'90','12'),
	(936,'15G','15G','O',3715,3943,'38','4'),
	(938,'15','15','O',3715,3712,'38','4'),
	(941,'M17M Ext','M17MEX','M',3775,3915,'60','5'),
	(942,'M17M','M17M','M',3775,3902,'80','6'),
	(943,'17E','X17E','X,D,O',3775,3915,'60','7.5'),
	(944,'17D','X17D','X,D,O',3795,3805,'70','8.5'),
	(945,'17M','S17M','D,X,LSS N,LSS',3775,3902,'75','12'),
	(947,'MG17','MG17','M',3775,3951,'75','7'),
	(948,'M17M Cut','M17MCU','M',3775,3802,'50','5'),
	(952,'M17K','M17K','M',3795,3952,'60','6'),
	(955,'M17','M17','M',3775,3802,'60','5'),
	(956,'M17A','M17A','M',3775,3825,'65','6'),
	(957,'M17B','M17B','M',3775,3958,'90','7'),
	(958,'M17B Cut','M17BCT','M',3825,3958,'60','5'),
	(959,'M17G','M17G','M',3775,3951,'85','7'),
	(961,'M18C','M18C','M',3793,3765,'50','5'),
	(962,'M18B','M18B','M',3795,3839,'55','5'),
	(963,'M18S','M18S','M',3729,3968,'40','5'),
	(964,'M18G','M18G','M',3969,3977,'50','6'),
	(965,'M18H','M18H','M',3729,3978,'42','4'),
	(966,'M18L','M18L','M',3729,3981,'45','6'),
	(967,'M18M','M18M','M',3802,3729,'70','6'),
	(968,'M18T','M18T','M',3984,3795,'55','6'),
	(969,'A18','SA18','D,X',3795,3974,'80','13'),
	(970,'E18','XE18','X,AC',3795,3977,'85','10.5'),
	(973,'M18','M18','M',3729,3977,'30','5'),
	(974,'D18','SD18','D',3795,3972,'70','13'),
	(975,'G18','SG18','D,LSS,X,N',3793,3977,'70','13'),
	(976,'18A','18ANS','N,O,LSS',3795,3729,'60','12'),
	(977,'18D','L18D','LSS,X',3795,3765,'70','6'),
	(978,'B18','YB18','D,X,LSS',3986,3974,'95','15'),
	(981,'18E','18E','O',3795,3988,'70','5'),
	(982,'18K','18K','O',3775,3862,'55','4'),
	(983,'18P','18P','O',3715,3989,'70','4.5'),
	(988,'K18','K18','O',3775,3862,'70','6'),
	(991,'18','18','O,LSS',3795,3722,'45','4'),
	(993,'PP19E','XPP19E','X,D',3775,3996,'80','10.5'),
	(994,'M19P','M19P','M',3737,3838,'80','7'),
	(995,'M19','M19V','M',3743,3763,'55','6'),
	(996,'PP19','PP19','LSS',3775,3760,'65','6.5'),
	(998,'19G','S19G','D,X,LSS',3775,3996,'95','15'),
	(999,'19B','W19BV','AC,D,LSS',3793,3838,'70','33'),
	(1001,'M19K','M19K','M',3737,3998,'70','6'),
	(1002,'PP19 Ext','PP19ET','O',3775,3996,'80','7.5'),
	(1003,'G19','SG19','D',3793,3996,'75','14'),
	(1004,'19','19SNS','N',3715,3738,'55','10'),
	(1006,'19E','L19E','LSS',3775,3996,'100','7.5'),
	(1007,'M19H','M19H','M',3793,3763,'70','7'),
	(1010,'19C','L19C','LSS',3793,3831,'60','5.5'),
	(1012,'M19A','M19A','M',3793,3838,'90','7'),
	(1013,'M19B','M19B','M',3793,3824,'60','5'),
	(1014,'M19C','M19C','M',3721,4006,'70','6'),
	(1015,'M19D','M19D','M',3737,4006,'50','6'),
	(1017,'M20C','M20C','M',3775,4011,'70','6'),
	(1018,'M20P','M20P','M',3860,4018,'50','5'),
	(1019,'M20M','M20M','M',3775,4023,'65','6'),
	(1020,'M20K','M20K','M',3860,4028,'52','4'),
	(1021,'M20D','M20D','M',3860,4028,'45','4'),
	(1022,'M20','M20','M',3947,3825,'45','5'),
	(1023,'20A','L20A','LSS',3775,4029,'70','5.5'),
	(1024,'20H','20H','O',3717,4031,'80','5'),
	(1025,'20E','20E','O',3860,4032,'35','3'),
	(1026,'20','20','O',3775,4019,'45','4'),
	(1027,'M20B','M20B','M',3775,4033,'80','6'),
	(1028,'M20E Ext','M20EEX','M',3860,4034,'30','4'),
	(1029,'21H','X21H','X,D,LSS',3775,3838,'85','10'),
	(1030,'M21K','M21K','M',3775,4036,'65','6'),
	(1031,'PP21','SPP21','D,X',3795,3977,'85','15'),
	(1033,'21G','S21G','D,X,AC,LSS',3795,3729,'70','13'),
	(1035,'21H Ext','S21HEX','D',3709,3838,'115','21'),
	(1036,'21L','S21L','D,LSS',3775,3819,'50','11'),
	(1039,'G21','XG21','X',3775,3727,'65','9'),
	(1040,'T21','XT21','X,LSS',3775,3824,'65','8.5'),
	(1042,'M21G','M21G','M',3775,4003,'60','5'),
	(1044,'21M88K','21M88K','M',3795,4040,'75','7'),
	(1046,'21','21','O',3795,3734,'40','4'),
	(1047,'21D','21D','O',3775,3738,'50','4.5'),
	(1048,'21E','21E','O',3775,4041,'60','5'),
	(1049,'M21A','M21A','M',3739,3734,'40','4'),
	(1050,'21E Ext','L21EET','LSS',3775,4018,'80','6.5'),
	(1053,'21L Ext','L21LEX','LSS',3775,3765,'70','6.5'),
	(1054,'B21L','LB21L','LSS',3986,3747,'105','7'),
	(1055,'H21','LH21','LSS',3775,4006,'70','6.5'),
	(1057,'M21','M21','M',3743,3729,'50','5'),
	(1059,'22','22','O',4042,3782,'45','4'),
	(1060,'22A','L22A','LSS',3860,3738,'80','6.5'),
	(1061,'23C Ext','23CEXT','O',3738,3868,'100','6'),
	(1062,'M23','M23V','M',3743,4019,'85','7'),
	(1063,'23C','X23C','X,D,LSS,O',3818,4042,'80','8.5'),
	(1065,'23A','23A','O',3756,3890,'80','6'),
	(1066,'M23C','M23C','M',3818,4042,'80','6'),
	(1070,'24A','L24A','LSS',3875,3914,'50','5'),
	(1071,'24C','L24C','LSS',4049,3914,'80','6.5'),
	(1072,'25G','S25G','D,LSS N,LSS,X',3782,4018,'80','13'),
	(1074,'M25A','M25A','M',3782,3900,'55','5'),
	(1078,'27C','S27C','D,X,O',3793,4028,'75','11'),
	(1080,'M27H','SM27H','D,M',3782,4049,'95','13'),
	(1081,'H27','SH27','D',3782,4009,'70','12'),
	(1082,'M27L','M27L','M',3896,3859,'40','5'),
	(1083,'27D','S27D','D,O',3845,4019,'70','11'),
	(1084,'27B','S27B','D,N,O',3937,3782,'50','10'),
	(1085,'M27','M27N','M N,M',3782,3858,'58','6'),
	(1086,'M27L Ext','M27LEX','M',3782,3859,'65','6'),
	(1087,'M27E','M27E','M',4055,3782,'65','6'),
	(1089,'27R','L27R','LSS',3782,4011,'90','6.5'),
	(1090,'27L','L27L','LSS,D',3782,3859,'65','5.5'),
	(1094,'27B Cut','27BCU','O',3943,3782,'55','4.5'),
	(1098,'28B','28B','O,D',3766,4058,'85','6'),
	(1100,'28C','28C','O',4059,3843,'65','4'),
	(1101,'28A','28A','O',4058,4065,'90','6'),
	(1102,'28','28','O',3709,3890,'60','5'),
	(1103,'M28','M28','M',3709,3782,'65','6'),
	(1104,'M29AE','M29AE','M',3884,3782,'65','6'),
	(1105,'29L Ext','X29LEX','X',3884,4066,'110','10.5'),
	(1106,'29C','X29C','X,AC,D,O',4067,3818,'70','8.5'),
	(1108,'29E','S29E','D,O',4071,4028,'65','13'),
	(1110,'M29K','M29K','M',3937,3734,'50','5'),
	(1111,'M29 Ext','M29EXT','M',4072,3734,'80','6'),
	(1112,'M29E','M29E','M',4071,4028,'65','7'),
	(1113,'M29C Ext','M29CEX','M',3884,3734,'70','7'),
	(1115,'29','X29N','X N',4071,3743,'75','9'),
	(1116,'M29A','M29A','M',4071,3782,'50','5'),
	(1117,'B29','LB29N','LSS N',3884,3743,'95','6.5'),
	(1118,'29C Ext','L29CXT','LSS',4076,3738,'105','6.5'),
	(1119,'29NE','L29NE','LSS',4023,3743,'95','6.5'),
	(1120,'29M','29M','O',4067,3738,'70','5.5'),
	(1121,'29L','29L','O',3884,3738,'100','6'),
	(1123,'29D Ext','29DEXT','O',4076,3914,'85','5'),
	(1125,'29A','29A','O',4071,3782,'50','4.5'),
	(1126,'M29A Ext','M29AEX','M',4023,3782,'65','5'),
	(1127,'M29B','M29B','M',4067,4082,'75','6'),
	(1128,'32','L32','LSS',3798,3914,'40','3.5'),
	(1129,'32 Ext','L32EXT','LSS',3904,3914,'50','4.5'),
	(1130,'32A','L32A','LSS',3843,3845,'65','5.5'),
	(1131,'32B','32B','O',3986,3914,'45','3.5'),
	(1132,'M33','M33','M',3775,3786,'38','4'),
	(1133,'M33A','M33A','M',4085,4058,'50','5'),
	(1134,'34','L34','LSS,X',3860,3709,'75','6.5'),
	(1136,'34 Ext','X34EXT','X',4086,3709,'100','10'),
	(1137,'35','35','O',3775,4042,'45','3'),
	(1138,'37G','37G','O,D,X,LSS',3798,3902,'110','6'),
	(1140,'M37E','M37E','M',3874,3902,'105','7'),
	(1141,'M37','M37','M',3798,3952,'65','6'),
	(1143,'37D','L37D','LSS',3798,3805,'75','6.5'),
	(1144,'37C','37C','O',3802,4019,'65','4.5'),
	(1145,'37B','37B','O',3802,3881,'70','5.5'),
	(1146,'37','L37','LSS',3798,3902,'80','6.5'),
	(1148,'M38C','M38C','M',3881,3914,'60','5'),
	(1149,'M38H','M38H','M',3775,4091,'50','5'),
	(1150,'M38A','M38A','M',3775,4076,'65','5'),
	(1151,'38G','38G','O',3775,4101,'95','7'),
	(1152,'38D','38D','O',3709,4104,'70','5'),
	(1153,'38C','38C','O',3881,3914,'60','4'),
	(1154,'M38H Ext','M38HEX','M',3775,4076,'70','6'),
	(1155,'40A','L40A','LSS,D,X',3782,4049,'90','6.5'),
	(1156,'M40','M40','M',3782,4009,'72','6'),
	(1157,'M40 Ext','M40EXT','M',3782,4033,'78','7'),
	(1160,'41D','S41D','D,X,LSS',3734,4009,'100','13'),
	(1161,'M41F','M41F','M',3825,3734,'65','6'),
	(1163,'M41G','M41G','M',4011,3738,'100','7'),
	(1164,'41D Ext','L41DEX','LSS',3734,4113,'100','6.5'),
	(1166,'41C','L41C','LSS',3738,3875,'70','6.5'),
	(1167,'D41','LD41','LSS',3738,4009,'100','6.5'),
	(1168,'42','42','O',3775,3884,'50','4.5'),
	(1169,'M42','M42','M',3775,3884,'50','5'),
	(1170,'M42A','M42A','M',3775,4114,'60','5'),
	(1171,'M42B','M42B','M',3775,4021,'60','5'),
	(1172,'M42C','M42C','M',3775,4115,'65','6'),
	(1173,'M42D','M42D','M',3775,4020,'65','5'),
	(1174,'44C','44C','O',3775,4118,'45','4'),
	(1175,'M44C','M44C','M',3775,4120,'55','5'),
	(1176,'44A','44A','O',3775,4118,'40','4'),
	(1177,'44','44','O',3775,4124,'65','4.5'),
	(1178,'M44D','M44D','M',3775,4118,'40','5'),
	(1179,'44B','L44B','LSS',3783,4065,'60','6.5'),
	(1180,'N45B','LN45B','LSS',3782,3748,'65','6'),
	(1181,'M45E','M45E','M',3782,3765,'80','7'),
	(1182,'M45A Ext','M45AEX','M',3914,3744,'55','6'),
	(1183,'M45','M45','M',3793,3765,'50','5'),
	(1184,'A45B','LA45B','LSS',3782,4003,'55','5.5'),
	(1185,'45BM8','45BM8','O',4003,3951,'75','4'),
	(1186,'45B','45B','O',3782,4003,'55','4.5'),
	(1187,'M45A','M45A','M',3782,3819,'62','5'),
	(1188,'46G','46G','O,N',3904,3937,'65','5'),
	(1189,'M46A Cut','M46ACT','M',4019,3825,'35','5'),
	(1190,'M46','M46','M',3881,3937,'65','5'),
	(1191,'M46B','M46B','M',3884,3937,'70','5'),
	(1192,'46C','L46C','LSS',3937,4104,'65','5.5'),
	(1193,'46','46NS','N,O',3881,3937,'50','9'),
	(1196,'46G Cut','46GCU','O',3904,3825,'65','5'),
	(1197,'47','S47','D,O',4019,3738,'70','11'),
	(1198,'47A','S47A','D,O',3738,4129,'70','12'),
	(1199,'M47D Ext','M47DEX','M',3793,3868,'70','6'),
	(1200,'M47D','M47D','M',3738,4049,'100','0'),
	(1201,'A47','LA47','LSS',3738,4049,'100','7'),
	(1202,'47D','X47D','X,D',3738,4049,'100','10'),
	(1207,'48C','48C','O',3798,3937,'55','4.5'),
	(1208,'M48C','M48C','M',3798,3937,'55','5'),
	(1209,'M48B','M48B','M',3881,3766,'80','7'),
	(1210,'M48A Ext','M48AEX','M',4091,3859,'80','6'),
	(1211,'M48','M48','M',3798,4019,'39','4'),
	(1212,'48','48','O',3798,4019,'39','3.5'),
	(1213,'M48A','M48A','M',4091,3860,'65','5'),
	(1214,'49A','L49A','LSS,D',4018,3793,'65','5.5'),
	(1216,'PP49','SPP49','D',3937,3996,'100','17'),
	(1217,'M49 Ext','M49EXT','M',4028,3738,'80','6'),
	(1218,'49','49','O',3793,4018,'80','5.5'),
	(1219,'M49','LM49','LSS,M',3738,3902,'50','5.5'),
	(1221,'M50','M50','M',3775,4028,'65','6'),
	(1222,'M50 Ext','M50EX','M',3775,4136,'65','6'),
	(1223,'C51','LC51','LSS,D',3815,3737,'80','6.5'),
	(1224,'M51B','M51B','M',3721,4140,'65','6'),
	(1225,'M51A','M51A','M',3815,4144,'40','4'),
	(1226,'M51','M51','M',3793,4145,'70','6'),
	(1227,'T51','LT51NS','LSS N,LSS,X,AC,D',3815,3738,'60','12'),
	(1229,'51S','L51S','LSS',3721,3815,'70','6'),
	(1230,'51R','L51R','LSS',3795,3777,'70','6.5'),
	(1231,'51D','L51D','LSS',3775,3729,'105','7.5'),
	(1232,'H51 Ext','H51EXT','O',3775,4155,'105','7'),
	(1233,'D51','XD51','X,D',3795,3926,'70','9'),
	(1234,'B51','LB51','LSS,X,D',3793,3815,'70','6.5'),
	(1235,'A51','XA51','X,LSS,D,AC',3775,3729,'85','9'),
	(1237,'51','51N','N',3793,4156,'50','4.5'),
	(1238,'51F','51F','O',3793,4159,'55','4.5'),
	(1239,'M51E','M51E','M',3721,3777,'40','4'),
	(1240,'H51','LH51','LSS',3795,3729,'85','7'),
	(1242,'M51D','M51D','M',3721,3838,'95','7'),
	(1245,'E51','XE51','X',3795,3791,'85','9'),
	(1247,'51L','X51L','X',3937,3815,'80','10'),
	(1250,'V51','SV51','D',3793,3815,'70','13'),
	(1252,'B51 Ext','SB51EX','D',3795,3815,'90','14'),
	(1253,'M51P','M51P','M',3795,4147,'65','6'),
	(1254,'M51C','M51C','M',3793,3790,'70','6'),
	(1255,'M51G','M51G','M',3729,4149,'40','5'),
	(1256,'M51H','M51H','M',3721,3815,'70','6'),
	(1258,'M51M','M51M','M',3793,3777,'50','5'),
	(1260,'M51T','M51T','M',3815,4166,'52','5'),
	(1261,'M51T Cut','M51TCU','M',3815,4165,'50','5'),
	(1263,'PP51','PP51','LSS',3775,3729,'85','7'),
	(1265,'M51K','M51K','M',3815,3834,'65','6'),
	(1266,'M52G','M52GFS','M',3775,4171,'70','7'),
	(1267,'M52','M52','M',3726,4173,'20','3'),
	(1268,'M52P','M52P','M',3795,4156,'75','6'),
	(1269,'M52L','M52L','M',3795,3748,'70','6'),
	(1270,'M52K','M52K','M',3795,3765,'80','7'),
	(1271,'M52H','M52H','M',4173,4178,'60','6'),
	(1272,'52','52','O',3775,4173,'70','6'),
	(1273,'M52D','M52D','M',3795,4155,'70','7'),
	(1274,'M52B','M52B','M',3726,3969,'25','4'),
	(1275,'52B','L52B','LSS',3775,3969,'75','6.5'),
	(1276,'M52 Ext','M52EXT','M',4173,3977,'60','6'),
	(1277,'M53S','M53S','M',3937,4184,'70','7'),
	(1278,'M53K','M53K','M',3937,4186,'50','5'),
	(1279,'M53G','M53G','M',3825,4190,'30','4'),
	(1280,'M53','M53','M',3775,4018,'70','6'),
	(1281,'53P','L53P','LSS',3775,4191,'70','6.5'),
	(1282,'53E','53E','O',3775,3958,'60','5.5'),
	(1283,'M53E','M53E','M',3775,3958,'60','6'),
	(1284,'53','X53','X',3775,4018,'70','8.5'),
	(1285,'54','X54','X,D,LSS',3795,4018,'75','9'),
	(1286,'M54A','M54A','M',4018,4199,'50','5'),
	(1287,'M54B','M54B','M',3721,3901,'55','5'),
	(1288,'M54C','M54C','M',4018,4184,'50','4'),
	(1289,'M54E','M54E','M',3721,4186,'65','5'),
	(1290,'M54P','M54P','M',3793,4018,'75','6'),
	(1291,'M54','M54V','M',4018,4210,'50','6'),
	(1292,'54F','S54F','D,LSS',3734,4018,'70','11'),
	(1295,'54M','54M','O',3795,3958,'90','6'),
	(1297,'54 Cut','L54CT','LSS',3825,3956,'75','6.5'),
	(1298,'G54','LG54','LSS',3793,4193,'75','6'),
	(1299,'54G','54GFS','O',3795,4213,'110','6.5'),
	(1300,'M54H','M54HNS','M N',3721,4018,'50','9'),
	(1301,'54L','L54L','LSS',3795,4193,'90','6.5'),
	(1305,'54F Ext','L54FEX','LSS',3842,4214,'75','6.5'),
	(1306,'54T','L54T','LSS',3795,4187,'90','6.5'),
	(1307,'54T Cut','L54TCU','LSS',3793,4187,'65','6'),
	(1308,'54K','54K','O',3795,4215,'110','6.5'),
	(1309,'M55','M55','M',3729,4216,'33','4'),
	(1310,'M55D','M55D','M',3729,4224,'50','6'),
	(1311,'M55G','M55G','M',3729,4225,'42','5'),
	(1312,'M55 Ext','M55EXT','M',3729,4176,'25','4'),
	(1313,'M55C','M55C','M',4226,4231,'60','6'),
	(1314,'M55A','M55A','M',3775,3964,'40','4'),
	(1315,'M55B','M55B','M',3729,3964,'40','4'),
	(1316,'56','56N','N',3775,3766,'70','5.5'),
	(1317,'M56C Ext','M56CXT','M',3766,3825,'60','5'),
	(1318,'M56','M56','M',3775,4237,'70','6'),
	(1319,'56C Ext','56CET','O',3795,3922,'105','6'),
	(1320,'56P','L56P','LSS',3775,4243,'100','7'),
	(1321,'P56D','SP56D','D',3775,4124,'55','13'),
	(1322,'56K','L56K','LSS,O',3709,4248,'80','6.5'),
	(1323,'56W','56W','O',4105,3798,'75','6'),
	(1325,'56G','56G','O',3937,4249,'75','5.5'),
	(1326,'56E','56E','O',3843,4243,'70','6'),
	(1327,'56D','56D','O',3775,4124,'60','6'),
	(1328,'56C','56C','O',3775,3709,'48','4'),
	(1329,'56/56A','56/56A','O',3798,3766,'70','4.5'),
	(1330,'56M','56M','O',3798,4251,'70','5.5'),
	(1331,'56D Ext','56DEX','O',3795,4092,'70','6'),
	(1332,'57','57','O',3798,4248,'45','4.5'),
	(1333,'57G','57G','O',4248,4101,'75','5'),
	(1334,'57M','L57MN','LSS N',3795,4262,'70','6.5'),
	(1335,'57F','Z57F','D,O',3775,4264,'70','13'),
	(1336,'M57','M57','M',3775,3872,'40','5'),
	(1338,'T57','T57','O',3775,4269,'105','6.5'),
	(1339,'57FE','L57FE','LSS',3775,4270,'70','6.5'),
	(1340,'A57','XA57','X',3775,4255,'55','8.5'),
	(1341,'57A','57A','O',3798,4272,'60','5'),
	(1342,'PP57F','PP57F','LSS',3775,4264,'70','6.5'),
	(1344,'57E','57EFS','O',4248,4251,'60','5'),
	(1345,'57D','57D','O',3775,4274,'85','6.5'),
	(1346,'57C','57CNH','N',3798,4269,'70','5.5'),
	(1347,'57C Cut','57CCT','O',4248,4269,'80','4'),
	(1348,'57B','57BNH','N',3798,4282,'75','6'),
	(1349,'P57F','XP57F','X',3775,4264,'70','9'),
	(1350,'58','58HNH','N',3798,4285,'90','6.5'),
	(1351,'58H','58H','O',3798,4285,'75','6'),
	(1352,'58A','58A','O',3775,4248,'65','5.5'),
	(1353,'58A Cut','58ACU','O',4248,4269,'50','4.5'),
	(1354,'59','59','O',3798,4028,'73','5.5'),
	(1355,'59A','59A','O',4118,3802,'90','6'),
	(1356,'M60 Cut','M60CUT','M',3726,4286,'20','3'),
	(1357,'60E','L60E','LSS',3795,4287,'85','6.5'),
	(1358,'M60H','M60H','M',3775,4289,'70','7'),
	(1359,'M60D','M60D','M',3795,4290,'70','7'),
	(1360,'60','60FS','O',3775,4286,'70','6'),
	(1361,'60C','L60C','LSS',3775,4286,'70','6.5'),
	(1362,'60A','60AFS','O',3775,4291,'85','6'),
	(1363,'60G','L60G','LSS',3775,4173,'80','6.5'),
	(1364,'M60','M60','M',3793,4294,'80','7'),
	(1365,'61D Ext','61DEX','O',3775,4304,'120','7'),
	(1366,'M61E','M61E','M',3775,4304,'120','7'),
	(1367,'M61D Ext','M61DEX','M',4049,4304,'50','5'),
	(1368,'M61D','M61D','M',3795,4302,'105','6.5'),
	(1369,'M61C','M61C','M',4049,4310,'28','4'),
	(1370,'61E Cut','61ECT','O',3825,4304,'100','6.5'),
	(1371,'61D Cut','61DCT','O',4049,4248,'60','5'),
	(1372,'61B Ext','61BEXT','O',3825,4274,'100','6.5'),
	(1373,'61B','61B','O',3775,4306,'100','6.5'),
	(1374,'M61A','M61A','M',3860,4323,'70','6'),
	(1375,'62','S62','D,LSS,N,X',4018,4248,'75','13'),
	(1378,'M62','M62','M',4248,4049,'50','6'),
	(1379,'62D','62D','O',4333,3825,'70','5.5'),
	(1381,'62A','62A','O',4248,3860,'52','4.5'),
	(1383,'62E','62E','O',4334,3825,'60','5'),
	(1384,'64B','64B','O,LSS',3775,4243,'100','6.5'),
	(1386,'M64C','M64C','M',3775,4124,'70','6'),
	(1387,'M64D','M64D','M',3775,4336,'70','6'),
	(1388,'M64P','M64P','M',4071,4243,'80','7'),
	(1389,'M65G','M65G','M',4049,4349,'95','7'),
	(1390,'M65H','M65H','M',4248,4049,'85','7'),
	(1391,'M65E','M65E','M',4018,3860,'65','6'),
	(1392,'M65D','M65D','M',4049,4359,'65','7'),
	(1393,'M65C','M65C','M',4049,4292,'55','6'),
	(1394,'65B','L65B','LSS,X',4018,3860,'65','6'),
	(1395,'65A','L65A','LSS',3721,4192,'90','7'),
	(1396,'M65C Cut','M65CCU','M',3860,4339,'70','6'),
	(1398,'PP66','SPP66','D',3974,4018,'75','13'),
	(1399,'66','66','O',3729,4018,'75','5.5'),
	(1400,'M66','M66','M',3729,4018,'75','6'),
	(1401,'M66A','M66A','M',3969,4287,'50','5'),
	(1402,'70B','S70B','D,X',4049,3727,'75','13'),
	(1403,'D70','WD70V','AC,D,X,N,LSS',3860,3743,'70','30'),
	(1404,'70D','Y70D','D',3860,3777,'80','13'),
	(1405,'T70','T70','O',3937,3738,'50','4.5'),
	(1406,'M70','SM70','D,AC,X,M N,M',3937,3738,'65','11'),
	(1407,'G70','SG70','D,X',3802,3977,'75','14'),
	(1409,'C70','SC70','D,X,LSS',4248,4003,'65','13'),
	(1410,'70A70','S70A70','D,X',4049,3974,'110','15'),
	(1412,'70P','S70P','D',4086,3793,'80','13'),
	(1415,'70','X70V','X,N',3825,3977,'90','10.5'),
	(1416,'B70','XB70','X,LSS',4086,4003,'85','9'),
	(1420,'H70','XH70','X',4049,3969,'100','10.5'),
	(1423,'7070A','S7070A','D',4049,3974,'110','14'),
	(1424,'70A','Y70A','D',4049,3974,'110','15'),
	(1425,'D70 Ext','LD70EX','LSS',4086,3743,'100','7'),
	(1429,'70G','L70G','LSS',4042,3729,'75','6.5'),
	(1430,'70K','70K','O',3858,3738,'80','6'),
	(1431,'70L','70L','O',4009,3729,'90','6'),
	(1432,'A70','LA70','LSS',4049,3726,'75','6.5'),
	(1439,'M70A','M70A','M',4049,3937,'60','5'),
	(1440,'M70A Ext','M70AEX','M',4049,3805,'90','7'),
	(1441,'M70B','M70B','M',4049,3937,'60','5'),
	(1442,'M70C','M70C','M',3825,3729,'65','6'),
	(1443,'M70D','M70D','M',4055,3722,'50','5'),
	(1444,'M70E','M70E','M',3937,4210,'85','7'),
	(1445,'M70 Ext','M70EX','M',3937,4006,'95','10'),
	(1446,'M70F','M70F','M',4086,4003,'105','7'),
	(1447,'M70K','M70K','M',3937,3765,'70','7'),
	(1449,'71H','L71H','LSS',3775,4373,'80','6.5'),
	(1450,'71F','71F','O',3795,4113,'65','5.5'),
	(1451,'M71C','M71C','M',3775,4375,'75','5'),
	(1452,'71E','L71E','LSS,X',3775,4198,'90','6.5'),
	(1453,'71D','L71D','LSS',3775,4329,'60','6'),
	(1455,'M71E','M71ENS','M N',3860,4198,'50','10'),
	(1456,'M79','M79','M',3793,4377,'85','7'),
	(1457,'M80','M80','M',3729,4377,'50','5'),
	(1458,'M88C','M88C','M,M N',3721,4287,'55','5'),
	(1459,'88K','Z88K','D,LSS',3775,4287,'80','13'),
	(1460,'M88M','M88M','M',3775,4383,'80','7'),
	(1461,'M88 Ext','M88EXT','M',3937,4287,'70','5'),
	(1463,'M88A','M88A','M',3795,4384,'105','0'),
	(1464,'88R','L88R','LSS',3795,4386,'130','8.5'),
	(1465,'88C Ext','L88CET','LSS,O',4384,3793,'85','6.5'),
	(1466,'88C Cut','L88CCU','LSS',3795,4387,'85','6.5'),
	(1467,'88L','L88L','LSS',3902,4388,'85','6.5'),
	(1470,'M88D','M88D','M',3862,4234,'65','6'),
	(1471,'M88','M88','M',3802,4291,'50','5'),
	(1472,'M89','M89','M',3901,3968,'60','5'),
	(1473,'M89T','M89T','M',3902,4393,'70','6'),
	(1474,'101','L101','LSS,X,D,N',3709,4018,'100','7'),
	(1477,'101A','S101A','D',3709,3937,'80','13'),
	(1480,'103','X103','X',3798,4049,'65','8.5'),
	(1481,'114','X114','X,D',4248,3974,'100','12'),
	(1483,'114S','114SNH','N',4395,3825,'110','7'),
	(1484,'114 Cut','L114CU','LSS',4248,3825,'48','5.5'),
	(1485,'/M116','L/M116','LSS',3775,4400,'45','5'),
	(1486,'M116A','M116A','M',3775,4400,'45','5'),
	(1487,'M116L','M116L','M',3775,4104,'45','5'),
	(1488,'M118','M118','M',3729,4404,'50','6'),
	(1489,'M119','M119','M',4003,4006,'70','7'),
	(1490,'119','S119','D',3843,3996,'110','25'),
	(1491,'120','X120','X,N,D',3775,4049,'70','9'),
	(1492,'120C','L120C','LSS',3715,4405,'65','6.5'),
	(1495,'121A','121A','O',4124,3825,'60','6'),
	(1496,'M121G','M121G','M',3874,3937,'50','6'),
	(1497,'M121C','M121C','M',3766,3937,'105','7'),
	(1498,'121BH','121BH','O',4243,3825,'105','7'),
	(1499,'M121D','M121D','M',4065,3937,'90','7'),
	(1500,'M134A','M134A','M',3709,3859,'90','7'),
	(1501,'138','138','O',3766,4400,'85','6'),
	(1502,'138A','L138A','LSS',3884,3709,'70','5.5'),
	(1503,'M142','M142','M',4071,4072,'25','4'),
	(1504,'M142B','M142B','M',3775,4023,'50','5'),
	(1505,'M147C','SM147C','D,M',4009,3793,'70','12'),
	(1506,'M147A','M147A','M',3793,3858,'50','5'),
	(1507,'M147B','M147B','M',3793,3859,'50','5'),
	(1509,'M147CE','M147CE','M',3793,4032,'70','7'),
	(1510,'M147S','M147S','M',4113,3793,'75','7'),
	(1511,'M150','M150','M',3775,4049,'100','7'),
	(1512,'151','L151','LSS',3795,4149,'115','7'),
	(1513,'152B','X152B','X',3795,3969,'85','9'),
	(1514,'153','L153','LSS,X',3775,4192,'75','6.5'),
	(1516,'M154','M154','M',3793,4191,'65','6'),
	(1517,'154A','S154A','D',3793,4199,'90','14'),
	(1518,'155A','X155A','X',3795,4235,'90','9'),
	(1519,'159C','159C','O',3709,3825,'75','6'),
	(1520,'159','X159','X,O',3709,4028,'105','9'),
	(1521,'159A','S159A','D,N,O',3709,3937,'75','13'),
	(1522,'159D','159D','O',4118,3937,'65','5'),
	(1523,'159A Ext','159AEX','O',3766,3937,'90','13'),
	(1527,'159B','159B','O',3843,3937,'65','5'),
	(1528,'159E','159E','O',3766,3937,'105','6'),
	(1529,'M164','M164','M',4076,4071,'30','4'),
	(1530,'166','S166','D',3902,3729,'70','12'),
	(1531,'170T','X170T','X,D',3874,3729,'100','10.5'),
	(1532,'170L','S170L','D',4330,3974,'105','15'),
	(1533,'170P','S170P','D',4086,3729,'100','15'),
	(1534,'170','X170','X,D,LSS',4028,3729,'80','9'),
	(1535,'170B','X170B','X',3881,3729,'85','10'),
	(1536,'170E','X170E','X',4118,3729,'100','10.5'),
	(1537,'170K','X170K','X',4009,3977,'105','10.5'),
	(1538,'M170C','M170C','M',3881,4003,'70','6'),
	(1539,'170G','X170G','X',3884,3729,'90','10'),
	(1541,'M170CE','M170CE','M',3881,3738,'110','7'),
	(1543,'170A','X170A','X,D',4105,3974,'100','10.5'),
	(1544,'170CE','L170CE','LSS',4124,4003,'90','6.5'),
	(1547,'D170','D170','O',4028,3743,'80','6'),
	(1548,'M170B','M170B','M',4023,4003,'65','6'),
	(1549,'M170T','M170T','M',3875,3738,'75','7'),
	(1550,'228','S228','D',3709,4058,'60','11'),
	(1551,'232B','S232B','D',3986,3914,'45','8'),
	(1552,'232','S232','D',3798,3914,'40','7'),
	(1553,'232A','S232A','D',3843,3845,'65','11'),
	(1554,'242 Ext','X242EX','X',3782,4248,'75','9'),
	(1555,'242','S242','D,X',3775,4248,'65','12'),
	(1557,'PP242','PP242','LSS',3775,4248,'65','6'),
	(1558,'248','L248','LSS,D',3798,4329,'58','5.5'),
	(1559,'248 Ext','L248EX','LSS',3798,4011,'65','5.5'),
	(1560,'M248','M248','M',3798,4329,'70','6'),
	(1561,'M248A','M248A','M',3798,4330,'70','6'),
	(1563,'M253','M253','M',3934,4193,'70','6'),
	(1564,'254','Y254','D,LSS,X',3795,4018,'75','12'),
	(1568,'C256C','SC256C','D',3775,3709,'48','9'),
	(1569,'256C','S256C','D',3775,3709,'48','9'),
	(1570,'264','X264','X',4086,4243,'110','13.5'),
	(1571,'266','S266','D',4049,3729,'80','13'),
	(1572,'270','Y270','D',3860,3926,'85','13'),
	(1573,'370','W370V','AC',4049,3738,'105','35'),
	(1574,'M500','M500','M',3729,4415,'65','7'),
	(1575,'500','S500','D,X',3793,4415,'100','21'),
	(1577,'500A','X500A','X',3969,4415,'80','10'),
	(1578,'501','Z501','D',4018,4426,'90','14'),
	(1579,'502','S502','D',3775,4435,'105','19'),
	(1580,'505','X505','X',4248,4423,'85','10.5'),
	(1581,'510','S510','D',3937,4377,'90','14'),
	(1582,'512','S512','D',4248,4459,'90','14'),
	(1583,'514 Ext','X514EX','X',4460,3937,'105','16.5'),
	(1584,'514','X514','X',4464,3937,'90','12'),
	(1585,'515','S515','D',3729,4485,'80','19'),
	(1586,'517','S517','D',3726,4489,'75','15'),
	(1587,'518','Z518','D',3793,4404,'85','14'),
	(1588,'518 Ext','S518EX','D',3795,4404,'95','21'),
	(1589,'519','S519','D',3793,4478,'90','15'),
	(1590,'521','S521','D,X',3775,4478,'95','17'),
	(1591,'521A','W521AV','AC',3739,4478,'100','43'),
	(1593,'522','X522','X',3737,4496,'105','12'),
	(1594,'523','X523','X',3738,4505,'105','15'),
	(1595,'523A','X523A','X',3738,4503,'105','13.5'),
	(1596,'525','Z525','D',3802,4508,'85','15'),
	(1598,'527','X527','X',3775,4514,'120','16.5'),
	(1599,'533','X533','X',4515,3937,'100','10.5'),
	(1600,'538','S538','D',4018,4522,'80','14'),
	(1601,'547','S547','D',3798,4464,'95','15'),
	(1602,'549','S549','D',3738,4435,'95','15'),
	(1603,'551','X551','X',3743,4533,'95','10.5'),
	(1604,'551A','X551A','X',3815,3838,'70','9'),
	(1605,'553','Y553','D',3775,4435,'95','15'),
	(1606,'554','Z554','D,AC',3793,4435,'80','14'),
	(1609,'555','X555','X,D,X N',3729,4478,'60','9'),
	(1610,'555M','X555M','X',3729,4478,'80','10'),
	(1613,'557A','S557A','D',3798,4554,'105','19'),
	(1614,'557','Y557','D',3775,4552,'105','19'),
	(1616,'558','X558','X',3798,4556,'80','10'),
	(1617,'558B','X558B','X',3872,4566,'80','10.5'),
	(1618,'558M','X558M','X',4248,4335,'65','9'),
	(1619,'562','X562','X',4569,3860,'95','13.5'),
	(1620,'563','S563','D',3860,4464,'90','14'),
	(1621,'565A','S565A','D',4049,4508,'80','15'),
	(1622,'566','S566','D',4287,4478,'80','17'),
	(1623,'566A','S566A','D',3729,4423,'105','19'),
	(1625,'568','Y568','D',3737,4485,'85','21'),
	(1626,'570','W570V','AC,D',3937,3838,'105','38'),
	(1628,'571','S571','D',3775,4423,'120','19'),
	(1629,'572','X572','X',3860,4423,'75','9'),
	(1630,'578','S578','D',4287,4435,'60','13'),
	(1631,'579A','S579A','D',3729,4598,'80','15'),
	(1632,'579','X579','X',3775,4377,'90','10.5'),
	(1633,'580','X580','X',4049,4515,'80','10'),
	(1634,'581','X581','X',3793,4601,'105','12'),
	(1635,'582','Z582','D',3793,4601,'100','19'),
	(1636,'583','S583','D,X',3729,4435,'80','14'),
	(1637,'583A','S583A','D',4423,4435,'45','11'),
	(1639,'587','S587','D',3775,4478,'105','23'),
	(1640,'588','S588','D',3737,4485,'85','21'),
	(1641,'588C','W588CV','AC',3937,4485,'120','0'),
	(1642,'589','S589','D',3743,4485,'85','23'),
	(1643,'591','S591','D',3793,4626,'105','19'),
	(1644,'591A','S591A','D',3937,4629,'105','19'),
	(1645,'592','S592','D',3798,4464,'85','15'),
	(1647,'593','X593','X',3775,4569,'110','16.5'),
	(1648,'595','X595','X',3843,4566,'100','16.5'),
	(1649,'595A','X595A','X',3709,4566,'90','16.5'),
	(1650,'596','S596','D',3937,4423,'95','14'),
	(1651,'597','S597','D,AC',3793,4423,'95','15'),
	(1653,'599','W599V','AC,D',3793,4485,'95','0');
/*!40000 ALTER TABLE `appmodels_route` ENABLE KEYS*/;
UNLOCK TABLES;


#
# Table structure for table 'appmodels_route_stages'
#

CREATE TABLE /*!32312 IF NOT EXISTS*/ `appmodels_route_stages` (
  `id` int(11) NOT NULL AUTO_INCREMENT,
  `route_id` int(11) NOT NULL,
  `stage_id` int(11) NOT NULL,
  PRIMARY KEY (`id`),
  UNIQUE KEY `route_id` (`route_id`,`stage_id`),
  KEY `stage_id_refs_id_36e8b1cd` (`stage_id`),
  CONSTRAINT `route_id_refs_id_1d641a52` FOREIGN KEY (`route_id`) REFERENCES `appmodels_route` (`id`),
  CONSTRAINT `stage_id_refs_id_36e8b1cd` FOREIGN KEY (`stage_id`) REFERENCES `appmodels_stage` (`id`)
) TYPE=InnoDB AUTO_INCREMENT=11974 /*!40100 DEFAULT CHARSET=latin1*/;



#
# Dumping data for table 'appmodels_route_stages'
#

TRUNCATE TABLE `appmodels_route_stages`;
LOCK TABLES `appmodels_route_stages` WRITE;
/*!40000 ALTER TABLE `appmodels_route_stages` DISABLE KEYS*/;
INSERT INTO `appmodels_route_stages` (`id`, `route_id`, `stage_id`) VALUES
	(19,828,3709),
	(20,828,3710),
	(21,828,3711),
	(1,828,3712),
	(2,828,3713),
	(3,828,3714),
	(4,828,3715),
	(5,828,3716),
	(6,828,3717),
	(7,828,3718),
	(8,828,3719),
	(9,828,3720),
	(10,828,3721),
	(11,828,3722),
	(12,828,3723),
	(13,828,3724),
	(14,828,3725),
	(15,828,3726),
	(16,828,3727),
	(17,828,3728),
	(18,828,3729),
	(36,829,3709),
	(37,829,3711),
	(22,829,3712),
	(23,829,3713),
	(24,829,3714),
	(25,829,3715),
	(26,829,3716),
	(27,829,3730),
	(28,829,3731),
	(29,829,3732),
	(30,829,3733),
	(31,829,3734),
	(32,829,3735),
	(33,829,3736),
	(34,829,3737),
	(35,829,3738),
	(38,830,3731),
	(39,830,3732),
	(40,830,3733),
	(41,830,3734),
	(42,830,3735),
	(43,830,3736),
	(44,830,3738),
	(45,830,3739),
	(46,830,3740),
	(59,831,3709),
	(56,831,3710),
	(57,831,3711),
	(47,831,3712),
	(48,831,3713),
	(49,831,3714),
	(50,831,3715),
	(52,831,3718),
	(53,831,3719),
	(54,831,3720),
	(55,831,3721),
	(60,831,3731),
	(51,831,3739),
	(64,831,3741),
	(65,831,3742),
	(66,831,3743),
	(63,831,3744),
	(62,831,3745),
	(58,831,3746),
	(61,831,3747),
	(119,835,3709),
	(120,835,3710),
	(121,835,3711),
	(106,835,3712),
	(107,835,3713),
	(108,835,3714),
	(109,835,3715),
	(110,835,3716),
	(111,835,3731),
	(112,835,3732),
	(113,835,3733),
	(114,835,3734),
	(115,835,3735),
	(116,835,3736),
	(117,835,3738),
	(118,835,3740),
	(138,836,3738),
	(139,836,3743),
	(122,836,3748),
	(123,836,3749),
	(124,836,3750),
	(125,836,3751),
	(126,836,3752),
	(127,836,3753),
	(128,836,3754),
	(129,836,3755),
	(130,836,3756),
	(131,836,3757),
	(132,836,3758),
	(133,836,3759),
	(134,836,3760),
	(135,836,3761),
	(136,836,3762),
	(137,836,3763),
	(146,837,3738),
	(147,837,3743),
	(140,837,3751),
	(141,837,3752),
	(142,837,3753),
	(143,837,3754),
	(144,837,3764),
	(145,837,3765),
	(148,838,3712),
	(149,838,3713),
	(150,838,3714),
	(151,838,3715),
	(152,838,3716),
	(157,838,3731),
	(158,838,3732),
	(159,838,3733),
	(161,838,3735),
	(162,838,3736),
	(164,838,3738),
	(166,838,3740),
	(160,838,3766),
	(154,838,3767),
	(156,838,3768),
	(163,838,3769),
	(167,838,3770),
	(165,838,3771),
	(153,838,3772),
	(155,838,3773),
	(168,838,3774),
	(171,839,3718),
	(172,839,3719),
	(173,839,3720),
	(175,839,3731),
	(176,839,3739),
	(177,839,3741),
	(178,839,3742),
	(174,839,3752),
	(179,839,3775),
	(169,839,3776),
	(170,839,3777),
	(189,840,3709),
	(188,840,3711),
	(180,840,3712),
	(181,840,3713),
	(182,840,3714),
	(183,840,3715),
	(184,840,3718),
	(185,840,3719),
	(186,840,3720),
	(187,840,3721),
	(190,840,3730),
	(191,840,3731),
	(192,840,3739),
	(193,840,3741),
	(194,840,3742),
	(195,840,3743),
	(212,841,3709),
	(214,841,3711),
	(196,841,3712),
	(197,841,3713),
	(201,841,3714),
	(203,841,3715),
	(200,841,3716),
	(202,841,3730),
	(204,841,3731),
	(209,841,3732),
	(205,841,3733),
	(207,841,3735),
	(208,841,3736),
	(210,841,3738),
	(211,841,3740),
	(206,841,3766),
	(213,841,3774),
	(198,841,3778),
	(199,841,3779),
	(324,848,3713),
	(325,848,3714),
	(326,848,3715),
	(329,848,3731),
	(330,848,3732),
	(331,848,3733),
	(332,848,3734),
	(333,848,3735),
	(334,848,3737),
	(335,848,3738),
	(336,848,3739),
	(327,848,3780),
	(328,848,3781),
	(342,849,3731),
	(343,849,3739),
	(337,849,3782),
	(338,849,3783),
	(339,849,3784),
	(340,849,3785),
	(341,849,3786),
	(348,850,3721),
	(354,850,3741),
	(355,850,3742),
	(345,850,3744),
	(347,850,3745),
	(346,850,3746),
	(344,850,3776),
	(349,850,3787),
	(350,850,3788),
	(351,850,3789),
	(352,850,3790),
	(353,850,3791),
	(356,851,3718),
	(357,851,3719),
	(358,851,3721),
	(359,851,3722),
	(360,851,3723),
	(361,851,3724),
	(362,851,3725),
	(366,851,3731),
	(367,851,3739),
	(363,851,3792),
	(364,851,3793),
	(365,851,3794),
	(369,852,3731),
	(372,852,3732),
	(370,852,3733),
	(371,852,3734),
	(373,852,3739),
	(368,852,3795),
	(389,853,3709),
	(390,853,3710),
	(391,853,3711),
	(379,853,3731),
	(378,853,3732),
	(382,853,3734),
	(383,853,3735),
	(384,853,3736),
	(386,853,3738),
	(387,853,3739),
	(388,853,3740),
	(375,853,3784),
	(380,853,3796),
	(381,853,3797),
	(374,853,3798),
	(376,853,3799),
	(377,853,3800),
	(385,853,3801),
	(395,854,3721),
	(396,854,3793),
	(397,854,3802),
	(398,854,3803),
	(399,854,3804),
	(400,854,3805),
	(401,854,3806),
	(402,854,3807),
	(392,854,3808),
	(393,854,3809),
	(394,854,3810),
	(411,855,3721),
	(414,855,3741),
	(415,855,3742),
	(404,855,3744),
	(410,855,3745),
	(405,855,3746),
	(403,855,3776),
	(413,855,3793),
	(406,855,3811),
	(407,855,3812),
	(408,855,3813),
	(409,855,3814),
	(412,855,3815),
	(419,856,3721),
	(422,856,3737),
	(425,856,3740),
	(423,856,3802),
	(424,856,3803),
	(417,856,3804),
	(426,856,3805),
	(416,856,3808),
	(418,856,3816),
	(421,856,3817),
	(420,856,3818),
	(461,859,3721),
	(462,859,3741),
	(463,859,3742),
	(453,859,3753),
	(460,859,3793),
	(454,859,3819),
	(455,859,3820),
	(456,859,3821),
	(457,859,3822),
	(458,859,3823),
	(459,859,3824),
	(471,860,3721),
	(472,860,3737),
	(473,860,3738),
	(475,860,3740),
	(474,860,3803),
	(465,860,3804),
	(476,860,3805),
	(464,860,3808),
	(466,860,3816),
	(467,860,3817),
	(468,860,3825),
	(469,860,3826),
	(470,860,3827),
	(479,861,3731),
	(480,861,3732),
	(482,861,3735),
	(484,861,3737),
	(485,861,3739),
	(486,861,3775),
	(483,861,3800),
	(477,861,3809),
	(478,861,3810),
	(481,861,3828),
	(487,862,3737),
	(488,862,3740),
	(489,862,3820),
	(490,862,3821),
	(491,862,3822),
	(492,862,3829),
	(493,862,3830),
	(494,862,3831),
	(495,862,3832),
	(496,862,3833),
	(497,862,3834),
	(498,862,3835),
	(499,862,3836),
	(500,862,3837),
	(501,862,3838),
	(538,866,3731),
	(539,866,3732),
	(542,866,3739),
	(543,866,3775),
	(540,866,3800),
	(537,866,3810),
	(541,866,3828),
	(544,866,3839),
	(535,866,3840),
	(536,866,3841),
	(547,867,3721),
	(549,867,3735),
	(550,867,3737),
	(551,867,3774),
	(548,867,3793),
	(545,867,3808),
	(546,867,3842),
	(568,869,3735),
	(569,869,3737),
	(570,869,3774),
	(567,869,3810),
	(565,869,3841),
	(566,869,3842),
	(584,871,3714),
	(585,871,3715),
	(591,871,3731),
	(594,871,3735),
	(590,871,3736),
	(596,871,3739),
	(597,871,3740),
	(588,871,3783),
	(592,871,3796),
	(593,871,3797),
	(589,871,3818),
	(595,871,3843),
	(586,871,3844),
	(587,871,3845),
	(598,872,3714),
	(599,872,3715),
	(610,872,3735),
	(611,872,3738),
	(608,872,3796),
	(609,872,3797),
	(606,872,3818),
	(607,872,3843),
	(600,872,3844),
	(601,872,3845),
	(602,872,3846),
	(603,872,3847),
	(604,872,3848),
	(605,872,3849),
	(626,874,3714),
	(627,874,3715),
	(638,874,3735),
	(639,874,3738),
	(636,874,3796),
	(637,874,3797),
	(640,874,3818),
	(635,874,3843),
	(628,874,3844),
	(629,874,3845),
	(630,874,3846),
	(631,874,3847),
	(632,874,3848),
	(633,874,3849),
	(634,874,3850),
	(646,875,3721),
	(647,875,3738),
	(648,875,3742),
	(642,875,3753),
	(643,875,3754),
	(641,875,3776),
	(645,875,3793),
	(644,875,3851),
	(649,876,3715),
	(659,876,3739),
	(650,876,3852),
	(651,876,3853),
	(652,876,3854),
	(653,876,3855),
	(654,876,3856),
	(655,876,3857),
	(656,876,3858),
	(657,876,3859),
	(658,876,3860),
	(675,878,3739),
	(676,878,3775),
	(668,878,3852),
	(669,878,3853),
	(670,878,3854),
	(671,878,3855),
	(672,878,3856),
	(673,878,3859),
	(674,878,3861),
	(682,879,3721),
	(683,879,3738),
	(684,879,3741),
	(685,879,3742),
	(678,879,3753),
	(677,879,3776),
	(679,879,3817),
	(680,879,3820),
	(681,879,3862),
	(687,880,3721),
	(692,880,3742),
	(693,880,3743),
	(691,880,3753),
	(689,880,3793),
	(690,880,3794),
	(686,880,3810),
	(688,880,3851),
	(694,881,3739),
	(702,881,3775),
	(695,881,3852),
	(696,881,3863),
	(697,881,3864),
	(698,881,3865),
	(699,881,3866),
	(700,881,3867),
	(701,881,3868),
	(703,882,3739),
	(711,882,3775),
	(704,882,3852),
	(705,882,3863),
	(706,882,3864),
	(707,882,3865),
	(708,882,3866),
	(709,882,3867),
	(710,882,3868),
	(712,883,3715),
	(718,883,3739),
	(713,883,3852),
	(714,883,3853),
	(715,883,3854),
	(716,883,3855),
	(717,883,3856),
	(719,883,3869),
	(736,885,3739),
	(737,885,3775),
	(729,885,3852),
	(730,885,3853),
	(731,885,3854),
	(732,885,3855),
	(733,885,3856),
	(734,885,3857),
	(735,885,3858),
	(744,886,3739),
	(746,886,3775),
	(742,886,3785),
	(743,886,3852),
	(745,886,3870),
	(741,886,3871),
	(738,886,3872),
	(739,886,3873),
	(740,886,3874),
	(753,887,3739),
	(754,887,3775),
	(748,887,3852),
	(749,887,3853),
	(750,887,3854),
	(751,887,3855),
	(752,887,3856),
	(747,887,3875),
	(764,888,3739),
	(765,888,3775),
	(757,888,3853),
	(758,888,3854),
	(759,888,3855),
	(760,888,3856),
	(761,888,3859),
	(762,888,3860),
	(763,888,3861),
	(755,888,3876),
	(756,888,3877),
	(766,889,3714),
	(767,889,3715),
	(772,889,3795),
	(773,889,3798),
	(768,889,3878),
	(769,889,3879),
	(770,889,3880),
	(771,889,3881),
	(774,890,3714),
	(775,890,3715),
	(780,890,3795),
	(781,890,3798),
	(776,890,3878),
	(777,890,3879),
	(778,890,3880),
	(779,890,3881),
	(782,891,3713),
	(786,891,3784),
	(791,891,3796),
	(792,891,3798),
	(783,891,3843),
	(784,891,3878),
	(785,891,3879),
	(790,891,3880),
	(787,891,3882),
	(788,891,3883),
	(789,891,3884),
	(793,892,3721),
	(799,892,3793),
	(794,892,3851),
	(795,892,3885),
	(796,892,3886),
	(797,892,3887),
	(798,892,3888),
	(800,893,3718),
	(801,893,3719),
	(802,893,3720),
	(803,893,3721),
	(810,893,3731),
	(812,893,3739),
	(813,893,3741),
	(809,893,3794),
	(811,893,3795),
	(804,893,3885),
	(805,893,3886),
	(806,893,3887),
	(807,893,3888),
	(808,893,3889),
	(814,894,3739),
	(816,894,3793),
	(823,894,3795),
	(824,894,3805),
	(825,894,3806),
	(815,894,3817),
	(817,894,3890),
	(818,894,3891),
	(819,894,3892),
	(820,894,3893),
	(821,894,3894),
	(822,894,3895),
	(826,895,3713),
	(827,895,3714),
	(828,895,3715),
	(840,895,3739),
	(832,895,3792),
	(833,895,3793),
	(836,895,3796),
	(831,895,3817),
	(835,895,3843),
	(838,895,3862),
	(834,895,3890),
	(830,895,3891),
	(839,895,3892),
	(837,895,3893),
	(829,895,3894),
	(846,896,3721),
	(855,896,3741),
	(856,896,3742),
	(842,896,3744),
	(845,896,3745),
	(843,896,3746),
	(844,896,3747),
	(841,896,3776),
	(848,896,3793),
	(849,896,3794),
	(847,896,3890),
	(850,896,3891),
	(851,896,3892),
	(852,896,3894),
	(853,896,3895),
	(854,896,3896),
	(857,897,3714),
	(858,897,3715),
	(859,897,3718),
	(860,897,3719),
	(862,897,3731),
	(865,897,3739),
	(861,897,3792),
	(863,897,3798),
	(864,897,3897),
	(868,898,3718),
	(871,898,3719),
	(872,898,3792),
	(873,898,3795),
	(866,898,3803),
	(870,898,3804),
	(874,898,3806),
	(880,898,3807),
	(867,898,3846),
	(869,898,3847),
	(875,898,3898),
	(876,898,3899),
	(877,898,3900),
	(878,898,3901),
	(879,898,3902),
	(882,899,3718),
	(883,899,3719),
	(885,899,3731),
	(881,899,3739),
	(889,899,3775),
	(884,899,3792),
	(887,899,3803),
	(888,899,3804),
	(890,899,3806),
	(886,899,3807),
	(891,899,3903),
	(907,901,3714),
	(908,901,3715),
	(909,901,3718),
	(910,901,3719),
	(913,901,3731),
	(915,901,3739),
	(911,901,3792),
	(912,901,3793),
	(914,901,3798),
	(932,903,3714),
	(933,903,3715),
	(934,903,3718),
	(935,903,3719),
	(939,903,3731),
	(941,903,3739),
	(936,903,3785),
	(937,903,3792),
	(938,903,3793),
	(940,903,3798),
	(931,903,3904),
	(964,906,3718),
	(967,906,3731),
	(968,906,3739),
	(965,906,3793),
	(966,906,3795),
	(962,906,3905),
	(963,906,3906),
	(974,907,3729),
	(969,907,3744),
	(976,907,3765),
	(975,907,3811),
	(971,907,3812),
	(972,907,3813),
	(973,907,3814),
	(970,907,3907),
	(981,908,3792),
	(982,908,3801),
	(983,908,3802),
	(988,908,3845),
	(984,908,3899),
	(985,908,3900),
	(986,908,3901),
	(987,908,3902),
	(977,908,3908),
	(978,908,3909),
	(979,908,3910),
	(980,908,3911),
	(989,909,3782),
	(993,909,3792),
	(994,909,3801),
	(995,909,3803),
	(996,909,3804),
	(997,909,3805),
	(998,909,3806),
	(999,909,3807),
	(990,909,3910),
	(991,909,3912),
	(992,909,3913),
	(1004,910,3733),
	(1002,910,3792),
	(1003,910,3793),
	(1005,910,3801),
	(1000,910,3910),
	(1001,910,3914),
	(1013,911,3793),
	(1015,911,3802),
	(1014,911,3828),
	(1006,911,3842),
	(1007,911,3915),
	(1008,911,3916),
	(1009,911,3917),
	(1010,911,3918),
	(1011,911,3919),
	(1012,911,3920),
	(1031,913,3792),
	(1033,913,3801),
	(1034,913,3802),
	(1028,913,3845),
	(1027,913,3908),
	(1029,913,3910),
	(1030,913,3911),
	(1032,913,3922),
	(1036,914,3719),
	(1037,914,3720),
	(1038,914,3721),
	(1040,914,3731),
	(1041,914,3732),
	(1046,914,3739),
	(1047,914,3741),
	(1048,914,3742),
	(1049,914,3743),
	(1035,914,3744),
	(1039,914,3752),
	(1045,914,3764),
	(1042,914,3765),
	(1043,914,3795),
	(1044,914,3799),
	(1065,916,3792),
	(1066,916,3801),
	(1067,916,3802),
	(1068,916,3845),
	(1061,916,3908),
	(1062,916,3909),
	(1063,916,3910),
	(1064,916,3911),
	(1088,919,3792),
	(1089,919,3793),
	(1090,919,3801),
	(1085,919,3845),
	(1086,919,3910),
	(1087,919,3911),
	(1095,920,3732),
	(1093,920,3793),
	(1096,920,3799),
	(1091,920,3905),
	(1092,920,3906),
	(1094,920,3923),
	(1104,922,3719),
	(1108,922,3732),
	(1103,922,3782),
	(1105,922,3792),
	(1106,922,3793),
	(1107,922,3923),
	(1109,923,3744),
	(1111,923,3750),
	(1116,923,3765),
	(1110,923,3907),
	(1112,923,3924),
	(1113,923,3925),
	(1114,923,3926),
	(1115,923,3927),
	(1126,924,3739),
	(1127,924,3775),
	(1118,924,3855),
	(1119,924,3856),
	(1117,924,3875),
	(1121,924,3890),
	(1122,924,3891),
	(1123,924,3892),
	(1120,924,3896),
	(1124,924,3928),
	(1125,924,3929),
	(1138,925,3735),
	(1139,925,3736),
	(1142,925,3740),
	(1129,925,3744),
	(1134,925,3745),
	(1137,925,3746),
	(1135,925,3753),
	(1143,925,3774),
	(1128,925,3776),
	(1131,925,3812),
	(1132,925,3813),
	(1133,925,3814),
	(1136,925,3815),
	(1130,925,3842),
	(1140,925,3930),
	(1141,925,3931),
	(1147,926,3739),
	(1151,926,3775),
	(1148,926,3932),
	(1149,926,3933),
	(1150,926,3934),
	(1146,926,3935),
	(1144,926,3936),
	(1145,926,3937),
	(1159,927,3739),
	(1162,927,3775),
	(1155,927,3855),
	(1156,927,3856),
	(1157,927,3860),
	(1158,927,3861),
	(1154,927,3877),
	(1160,927,3933),
	(1161,927,3934),
	(1152,927,3938),
	(1153,927,3939),
	(1163,928,3712),
	(1166,928,3739),
	(1170,928,3775),
	(1164,928,3875),
	(1167,928,3932),
	(1168,928,3933),
	(1169,928,3934),
	(1165,928,3940),
	(1177,929,3739),
	(1178,929,3775),
	(1174,929,3852),
	(1175,929,3853),
	(1176,929,3854),
	(1171,929,3875),
	(1172,929,3940),
	(1173,929,3941),
	(1182,930,3734),
	(1186,930,3735),
	(1187,930,3737),
	(1189,930,3740),
	(1190,930,3743),
	(1179,930,3744),
	(1180,930,3745),
	(1184,930,3746),
	(1183,930,3753),
	(1181,930,3842),
	(1185,930,3926),
	(1188,930,3930),
	(1194,931,3739),
	(1202,931,3775),
	(1197,931,3802),
	(1196,931,3826),
	(1198,931,3899),
	(1195,931,3921),
	(1199,931,3932),
	(1200,931,3933),
	(1201,931,3934),
	(1193,931,3935),
	(1191,931,3936),
	(1192,931,3937),
	(1215,933,3739),
	(1219,933,3775),
	(1213,933,3825),
	(1214,933,3826),
	(1216,933,3932),
	(1217,933,3933),
	(1218,933,3934),
	(1212,933,3935),
	(1211,933,3936),
	(1242,935,3709),
	(1244,935,3711),
	(1232,935,3713),
	(1230,935,3714),
	(1231,935,3715),
	(1236,935,3730),
	(1240,935,3739),
	(1239,935,3766),
	(1233,935,3778),
	(1237,935,3779),
	(1238,935,3796),
	(1241,935,3932),
	(1235,935,3933),
	(1243,935,3934),
	(1234,935,3935),
	(1228,935,3936),
	(1229,935,3937),
	(1245,936,3715),
	(1248,936,3739),
	(1249,936,3932),
	(1250,936,3933),
	(1251,936,3934),
	(1246,936,3942),
	(1247,936,3943),
	(1261,938,3712),
	(1262,938,3715),
	(1264,938,3739),
	(1265,938,3932),
	(1266,938,3933),
	(1267,938,3934),
	(1263,938,3941),
	(1299,941,3718),
	(1302,941,3731),
	(1304,941,3739),
	(1305,941,3775),
	(1303,941,3802),
	(1297,941,3908),
	(1298,941,3909),
	(1296,941,3915),
	(1300,941,3947),
	(1301,941,3948),
	(1309,942,3718),
	(1312,942,3731),
	(1306,942,3739),
	(1318,942,3775),
	(1313,942,3802),
	(1314,942,3899),
	(1315,942,3900),
	(1316,942,3901),
	(1317,942,3902),
	(1307,942,3908),
	(1308,942,3909),
	(1310,942,3947),
	(1311,942,3948),
	(1320,943,3717),
	(1328,943,3739),
	(1329,943,3775),
	(1327,943,3802),
	(1323,943,3890),
	(1324,943,3891),
	(1325,943,3892),
	(1326,943,3893),
	(1319,943,3908),
	(1330,943,3909),
	(1321,943,3915),
	(1322,943,3948),
	(1331,944,3739),
	(1340,944,3795),
	(1341,944,3803),
	(1342,944,3804),
	(1343,944,3805),
	(1336,944,3890),
	(1337,944,3891),
	(1338,944,3892),
	(1339,944,3893),
	(1332,944,3908),
	(1333,944,3909),
	(1334,944,3948),
	(1335,944,3949),
	(1347,945,3718),
	(1350,945,3731),
	(1344,945,3739),
	(1356,945,3775),
	(1351,945,3802),
	(1352,945,3899),
	(1353,945,3900),
	(1354,945,3901),
	(1355,945,3902),
	(1345,945,3908),
	(1346,945,3909),
	(1348,945,3947),
	(1349,945,3948),
	(1372,947,3718),
	(1377,947,3731),
	(1369,947,3739),
	(1382,947,3775),
	(1378,947,3802),
	(1379,947,3899),
	(1380,947,3900),
	(1381,947,3901),
	(1370,947,3908),
	(1371,947,3909),
	(1373,947,3947),
	(1374,947,3948),
	(1375,947,3950),
	(1376,947,3951),
	(1385,948,3718),
	(1388,948,3731),
	(1390,948,3739),
	(1391,948,3775),
	(1389,948,3802),
	(1383,948,3908),
	(1384,948,3909),
	(1386,948,3947),
	(1387,948,3948),
	(1432,952,3717),
	(1441,952,3739),
	(1439,952,3795),
	(1440,952,3802),
	(1435,952,3890),
	(1436,952,3891),
	(1437,952,3892),
	(1438,952,3893),
	(1431,952,3908),
	(1442,952,3909),
	(1433,952,3948),
	(1434,952,3952),
	(1470,955,3717),
	(1477,955,3739),
	(1478,955,3775),
	(1476,955,3802),
	(1473,955,3890),
	(1475,955,3893),
	(1469,955,3908),
	(1472,955,3953),
	(1471,955,3954),
	(1474,955,3955),
	(1482,956,3718),
	(1487,956,3731),
	(1479,956,3739),
	(1490,956,3775),
	(1488,956,3802),
	(1486,956,3825),
	(1489,956,3899),
	(1480,956,3908),
	(1481,956,3909),
	(1483,956,3921),
	(1484,956,3947),
	(1485,956,3948),
	(1494,957,3718),
	(1497,957,3731),
	(1491,957,3739),
	(1505,957,3775),
	(1501,957,3802),
	(1502,957,3899),
	(1503,957,3900),
	(1504,957,3901),
	(1492,957,3908),
	(1493,957,3909),
	(1495,957,3947),
	(1496,957,3948),
	(1498,957,3956),
	(1499,957,3957),
	(1500,957,3958),
	(1512,958,3802),
	(1506,958,3825),
	(1507,958,3826),
	(1508,958,3827),
	(1513,958,3899),
	(1514,958,3900),
	(1515,958,3901),
	(1509,958,3956),
	(1510,958,3957),
	(1511,958,3958),
	(1519,959,3718),
	(1524,959,3731),
	(1516,959,3739),
	(1530,959,3775),
	(1528,959,3802),
	(1529,959,3899),
	(1517,959,3908),
	(1518,959,3909),
	(1520,959,3947),
	(1521,959,3948),
	(1522,959,3950),
	(1523,959,3951),
	(1525,959,3959),
	(1526,959,3960),
	(1527,959,3961),
	(1546,961,3721),
	(1547,961,3722),
	(1548,961,3723),
	(1543,961,3744),
	(1544,961,3748),
	(1545,961,3749),
	(1550,961,3765),
	(1549,961,3793),
	(1551,961,3962),
	(1553,962,3718),
	(1554,962,3719),
	(1555,962,3720),
	(1556,962,3721),
	(1557,962,3731),
	(1559,962,3739),
	(1558,962,3795),
	(1552,962,3808),
	(1560,962,3839),
	(1562,963,3729),
	(1563,963,3963),
	(1564,963,3964),
	(1565,963,3965),
	(1566,963,3966),
	(1567,963,3967),
	(1561,963,3968),
	(1577,964,3728),
	(1578,964,3729),
	(1568,964,3969),
	(1569,964,3970),
	(1570,964,3971),
	(1571,964,3972),
	(1572,964,3973),
	(1573,964,3974),
	(1574,964,3975),
	(1575,964,3976),
	(1576,964,3977),
	(1580,965,3729),
	(1581,965,3962),
	(1582,965,3963),
	(1583,965,3965),
	(1584,965,3966),
	(1579,965,3978),
	(1594,966,3729),
	(1585,966,3971),
	(1586,966,3972),
	(1587,966,3973),
	(1588,966,3974),
	(1589,966,3975),
	(1590,966,3977),
	(1591,966,3979),
	(1592,966,3980),
	(1593,966,3981),
	(1597,967,3722),
	(1598,967,3724),
	(1599,967,3725),
	(1604,967,3726),
	(1606,967,3727),
	(1602,967,3728),
	(1603,967,3729),
	(1605,967,3802),
	(1595,967,3803),
	(1607,967,3804),
	(1608,967,3805),
	(1596,967,3816),
	(1600,967,3982),
	(1601,967,3983),
	(1609,968,3718),
	(1610,968,3719),
	(1611,968,3720),
	(1612,968,3721),
	(1613,968,3722),
	(1614,968,3723),
	(1616,968,3731),
	(1619,968,3739),
	(1618,968,3795),
	(1617,968,3925),
	(1615,968,3984),
	(1621,969,3716),
	(1622,969,3717),
	(1623,969,3718),
	(1624,969,3719),
	(1625,969,3720),
	(1626,969,3721),
	(1627,969,3722),
	(1628,969,3723),
	(1629,969,3724),
	(1630,969,3725),
	(1631,969,3726),
	(1632,969,3727),
	(1633,969,3728),
	(1634,969,3729),
	(1635,969,3795),
	(1620,969,3971),
	(1637,969,3972),
	(1638,969,3973),
	(1636,969,3974),
	(1640,970,3716),
	(1641,970,3717),
	(1642,970,3718),
	(1643,970,3719),
	(1644,970,3720),
	(1645,970,3721),
	(1646,970,3722),
	(1647,970,3724),
	(1648,970,3725),
	(1649,970,3726),
	(1660,970,3727),
	(1651,970,3728),
	(1652,970,3729),
	(1659,970,3795),
	(1639,970,3971),
	(1653,970,3972),
	(1654,970,3973),
	(1655,970,3974),
	(1656,970,3975),
	(1657,970,3976),
	(1658,970,3977),
	(1650,970,3983),
	(1710,973,3729),
	(1703,973,3971),
	(1704,973,3972),
	(1705,973,3973),
	(1706,973,3974),
	(1707,973,3975),
	(1708,973,3976),
	(1709,973,3977),
	(1713,974,3718),
	(1714,974,3719),
	(1715,974,3721),
	(1716,974,3722),
	(1717,974,3724),
	(1718,974,3725),
	(1719,974,3726),
	(1728,974,3727),
	(1721,974,3728),
	(1726,974,3729),
	(1724,974,3731),
	(1727,974,3739),
	(1723,974,3794),
	(1725,974,3795),
	(1711,974,3971),
	(1712,974,3972),
	(1720,974,3983),
	(1722,974,3985),
	(1735,975,3721),
	(1736,975,3722),
	(1737,975,3723),
	(1738,975,3724),
	(1739,975,3725),
	(1740,975,3726),
	(1741,975,3727),
	(1742,975,3728),
	(1743,975,3729),
	(1733,975,3793),
	(1729,975,3971),
	(1730,975,3972),
	(1731,975,3973),
	(1732,975,3974),
	(1744,975,3975),
	(1734,975,3976),
	(1745,975,3977),
	(1746,976,3717),
	(1747,976,3718),
	(1748,976,3719),
	(1749,976,3720),
	(1750,976,3721),
	(1751,976,3722),
	(1752,976,3723),
	(1753,976,3724),
	(1754,976,3725),
	(1755,976,3726),
	(1756,976,3727),
	(1757,976,3728),
	(1758,976,3729),
	(1760,976,3739),
	(1759,976,3795),
	(1762,977,3716),
	(1763,977,3717),
	(1764,977,3718),
	(1765,977,3719),
	(1766,977,3720),
	(1767,977,3721),
	(1761,977,3744),
	(1770,977,3750),
	(1772,977,3765),
	(1771,977,3795),
	(1768,977,3851),
	(1769,977,3885),
	(1773,977,3983),
	(1774,978,3714),
	(1775,978,3715),
	(1776,978,3716),
	(1777,978,3717),
	(1778,978,3718),
	(1779,978,3719),
	(1780,978,3720),
	(1781,978,3721),
	(1782,978,3722),
	(1783,978,3723),
	(1784,978,3724),
	(1785,978,3725),
	(1786,978,3726),
	(1787,978,3727),
	(1788,978,3728),
	(1789,978,3729),
	(1795,978,3798),
	(1791,978,3971),
	(1792,978,3972),
	(1793,978,3973),
	(1794,978,3974),
	(1790,978,3986),
	(1824,981,3718),
	(1825,981,3719),
	(1826,981,3720),
	(1827,981,3721),
	(1828,981,3722),
	(1829,981,3731),
	(1834,981,3739),
	(1831,981,3795),
	(1832,981,3960),
	(1833,981,3961),
	(1835,981,3987),
	(1830,981,3988),
	(1836,982,3718),
	(1837,982,3719),
	(1838,982,3720),
	(1840,982,3731),
	(1842,982,3739),
	(1843,982,3775),
	(1839,982,3817),
	(1841,982,3862),
	(1844,983,3715),
	(1845,983,3718),
	(1846,983,3719),
	(1847,983,3720),
	(1848,983,3721),
	(1849,983,3731),
	(1851,983,3739),
	(1852,983,3741),
	(1853,983,3742),
	(1850,983,3989),
	(1927,988,3718),
	(1928,988,3719),
	(1929,988,3720),
	(1930,988,3721),
	(1931,988,3722),
	(1934,988,3731),
	(1936,988,3739),
	(1937,988,3775),
	(1933,988,3816),
	(1935,988,3862),
	(1932,988,3982),
	(1975,991,3718),
	(1976,991,3719),
	(1977,991,3720),
	(1978,991,3721),
	(1979,991,3722),
	(1980,991,3731),
	(1982,991,3739),
	(1981,991,3795),
	(2005,993,3735),
	(2006,993,3736),
	(2008,993,3738),
	(2010,993,3740),
	(2013,993,3755),
	(2014,993,3756),
	(2015,993,3757),
	(2016,993,3758),
	(2017,993,3759),
	(2018,993,3760),
	(2019,993,3761),
	(2020,993,3762),
	(2021,993,3763),
	(2022,993,3775),
	(2001,993,3844),
	(2002,993,3845),
	(2003,993,3846),
	(2004,993,3847),
	(2007,993,3993),
	(2011,993,3994),
	(2009,993,3995),
	(2012,993,3996),
	(2027,994,3737),
	(2037,994,3740),
	(2028,994,3820),
	(2029,994,3821),
	(2030,994,3822),
	(2031,994,3829),
	(2032,994,3830),
	(2033,994,3831),
	(2034,994,3832),
	(2035,994,3833),
	(2036,994,3834),
	(2039,994,3838),
	(2038,994,3997),
	(2026,994,3998),
	(2040,994,3999),
	(2023,994,4000),
	(2024,994,4001),
	(2025,994,4002),
	(2052,995,3738),
	(2053,995,3743),
	(2041,995,3753),
	(2042,995,3754),
	(2043,995,3755),
	(2044,995,3756),
	(2045,995,3757),
	(2046,995,3758),
	(2047,995,3759),
	(2048,995,3760),
	(2049,995,3761),
	(2050,995,3762),
	(2051,995,3763),
	(2064,996,3735),
	(2065,996,3736),
	(2066,996,3738),
	(2067,996,3740),
	(2058,996,3755),
	(2059,996,3756),
	(2060,996,3757),
	(2061,996,3758),
	(2062,996,3759),
	(2063,996,3760),
	(2068,996,3775),
	(2054,996,3844),
	(2055,996,3845),
	(2056,996,3846),
	(2057,996,3847),
	(2091,998,3716),
	(2092,998,3717),
	(2093,998,3718),
	(2094,998,3719),
	(2095,998,3720),
	(2096,998,3721),
	(2097,998,3737),
	(2099,998,3738),
	(2103,998,3740),
	(2104,998,3755),
	(2105,998,3756),
	(2106,998,3757),
	(2107,998,3758),
	(2108,998,3759),
	(2109,998,3760),
	(2110,998,3761),
	(2111,998,3762),
	(2112,998,3763),
	(2113,998,3775),
	(2114,998,3808),
	(2098,998,3993),
	(2102,998,3994),
	(2100,998,3995),
	(2101,998,3996),
	(2117,999,3721),
	(2121,999,3793),
	(2115,999,3808),
	(2116,999,3809),
	(2118,999,3821),
	(2119,999,3822),
	(2122,999,3829),
	(2123,999,3830),
	(2124,999,3831),
	(2125,999,3832),
	(2126,999,3833),
	(2120,999,3834),
	(2128,999,3835),
	(2129,999,3836),
	(2130,999,3837),
	(2131,999,3838),
	(2127,999,3930),
	(2154,1001,3737),
	(2164,1001,3740),
	(2155,1001,3820),
	(2156,1001,3821),
	(2157,1001,3822),
	(2158,1001,3829),
	(2159,1001,3830),
	(2160,1001,3831),
	(2161,1001,3832),
	(2162,1001,3833),
	(2163,1001,3834),
	(2165,1001,3997),
	(2166,1001,3998),
	(2171,1002,3735),
	(2172,1002,3736),
	(2174,1002,3738),
	(2176,1002,3740),
	(2179,1002,3755),
	(2180,1002,3756),
	(2181,1002,3757),
	(2182,1002,3758),
	(2183,1002,3759),
	(2184,1002,3760),
	(2185,1002,3761),
	(2186,1002,3762),
	(2187,1002,3763),
	(2188,1002,3775),
	(2167,1002,3844),
	(2168,1002,3845),
	(2169,1002,3846),
	(2170,1002,3847),
	(2173,1002,3993),
	(2177,1002,3994),
	(2175,1002,3995),
	(2178,1002,3996),
	(2192,1003,3721),
	(2202,1003,3737),
	(2204,1003,3738),
	(2190,1003,3740),
	(2193,1003,3755),
	(2194,1003,3756),
	(2195,1003,3757),
	(2196,1003,3758),
	(2197,1003,3759),
	(2198,1003,3760),
	(2199,1003,3761),
	(2200,1003,3762),
	(2201,1003,3763),
	(2191,1003,3793),
	(2189,1003,3808),
	(2203,1003,3993),
	(2207,1003,3994),
	(2205,1003,3995),
	(2206,1003,3996),
	(2209,1004,3715),
	(2210,1004,3717),
	(2211,1004,3718),
	(2212,1004,3719),
	(2213,1004,3720),
	(2214,1004,3721),
	(2215,1004,3737),
	(2216,1004,3738),
	(2217,1004,3739),
	(2218,1004,3740),
	(2208,1004,3808),
	(2236,1006,3716),
	(2237,1006,3717),
	(2238,1006,3718),
	(2239,1006,3732),
	(2240,1006,3733),
	(2241,1006,3735),
	(2259,1006,3737),
	(2243,1006,3738),
	(2247,1006,3740),
	(2248,1006,3755),
	(2249,1006,3756),
	(2250,1006,3757),
	(2251,1006,3758),
	(2252,1006,3759),
	(2253,1006,3760),
	(2254,1006,3761),
	(2255,1006,3762),
	(2256,1006,3763),
	(2257,1006,3774),
	(2258,1006,3775),
	(2242,1006,3993),
	(2246,1006,3994),
	(2244,1006,3995),
	(2245,1006,3996),
	(2262,1007,3721),
	(2272,1007,3737),
	(2273,1007,3738),
	(2274,1007,3740),
	(2263,1007,3755),
	(2264,1007,3756),
	(2265,1007,3757),
	(2266,1007,3758),
	(2267,1007,3759),
	(2268,1007,3760),
	(2269,1007,3761),
	(2270,1007,3762),
	(2271,1007,3763),
	(2261,1007,3793),
	(2260,1007,3808),
	(2317,1010,3721),
	(2324,1010,3737),
	(2326,1010,3740),
	(2320,1010,3793),
	(2316,1010,3808),
	(2318,1010,3821),
	(2319,1010,3822),
	(2321,1010,3829),
	(2322,1010,3830),
	(2323,1010,3831),
	(2325,1010,3930),
	(2341,1012,3721),
	(2340,1012,3737),
	(2339,1012,3740),
	(2345,1012,3793),
	(2338,1012,3808),
	(2342,1012,3821),
	(2343,1012,3822),
	(2346,1012,3829),
	(2347,1012,3830),
	(2348,1012,3831),
	(2349,1012,3832),
	(2350,1012,3833),
	(2344,1012,3834),
	(2352,1012,3835),
	(2353,1012,3836),
	(2354,1012,3837),
	(2355,1012,3838),
	(2351,1012,3930),
	(2358,1013,3721),
	(2364,1013,3737),
	(2363,1013,3793),
	(2356,1013,3808),
	(2359,1013,3821),
	(2360,1013,3822),
	(2361,1013,3823),
	(2362,1013,3824),
	(2365,1013,3930),
	(2357,1013,4004),
	(2369,1014,3721),
	(2376,1014,3737),
	(2378,1014,3740),
	(2366,1014,3808),
	(2370,1014,3821),
	(2371,1014,3822),
	(2372,1014,3829),
	(2373,1014,3830),
	(2374,1014,3831),
	(2375,1014,3832),
	(2377,1014,3930),
	(2367,1014,4005),
	(2368,1014,4006),
	(2387,1015,3737),
	(2389,1015,3740),
	(2381,1015,3821),
	(2382,1015,3822),
	(2383,1015,3829),
	(2384,1015,3830),
	(2385,1015,3831),
	(2386,1015,3832),
	(2388,1015,3930),
	(2379,1015,4005),
	(2380,1015,4006),
	(2414,1017,3739),
	(2426,1017,3775),
	(2420,1017,3853),
	(2421,1017,3860),
	(2422,1017,3864),
	(2423,1017,3865),
	(2424,1017,3866),
	(2425,1017,3867),
	(2415,1017,4007),
	(2416,1017,4008),
	(2417,1017,4009),
	(2418,1017,4010),
	(2419,1017,4011),
	(2435,1018,3860),
	(2427,1018,4008),
	(2428,1018,4012),
	(2429,1018,4013),
	(2430,1018,4014),
	(2431,1018,4015),
	(2432,1018,4016),
	(2433,1018,4017),
	(2434,1018,4018),
	(2445,1019,3739),
	(2446,1019,3775),
	(2437,1019,3853),
	(2443,1019,3864),
	(2444,1019,3865),
	(2436,1019,4007),
	(2438,1019,4019),
	(2439,1019,4020),
	(2440,1019,4021),
	(2441,1019,4022),
	(2442,1019,4023),
	(2448,1020,3860),
	(2447,1020,4008),
	(2449,1020,4024),
	(2450,1020,4025),
	(2451,1020,4026),
	(2452,1020,4027),
	(2453,1020,4028),
	(2458,1021,3860),
	(2454,1021,3877),
	(2455,1021,4008),
	(2456,1021,4014),
	(2457,1021,4016),
	(2459,1021,4028),
	(2463,1022,3825),
	(2464,1022,3826),
	(2462,1022,3896),
	(2465,1022,3928),
	(2466,1022,3929),
	(2467,1022,3935),
	(2460,1022,3936),
	(2461,1022,3947),
	(2468,1023,3739),
	(2478,1023,3775),
	(2470,1023,3853),
	(2471,1023,3860),
	(2472,1023,3861),
	(2473,1023,3864),
	(2474,1023,3865),
	(2475,1023,3866),
	(2476,1023,3867),
	(2469,1023,4007),
	(2477,1023,4029),
	(2480,1024,3717),
	(2483,1024,3855),
	(2484,1024,3856),
	(2487,1024,3860),
	(2488,1024,3861),
	(2486,1024,3890),
	(2489,1024,3933),
	(2479,1024,3934),
	(2485,1024,3953),
	(2481,1024,4008),
	(2482,1024,4009),
	(2490,1024,4030),
	(2491,1024,4031),
	(2494,1025,3860),
	(2492,1025,4008),
	(2493,1025,4024),
	(2495,1025,4032),
	(2501,1026,3739),
	(2502,1026,3775),
	(2497,1026,3853),
	(2499,1026,3864),
	(2500,1026,3865),
	(2496,1026,4007),
	(2498,1026,4019),
	(2504,1027,3739),
	(2515,1027,3775),
	(2508,1027,3853),
	(2509,1027,3860),
	(2510,1027,3864),
	(2511,1027,3865),
	(2512,1027,3866),
	(2513,1027,3867),
	(2505,1027,4007),
	(2506,1027,4008),
	(2507,1027,4009),
	(2514,1027,4030),
	(2503,1027,4033),
	(2519,1028,3860),
	(2516,1028,4008),
	(2517,1028,4024),
	(2520,1028,4025),
	(2518,1028,4034),
	(2526,1029,3735),
	(2530,1029,3736),
	(2541,1029,3775),
	(2527,1029,3820),
	(2528,1029,3821),
	(2529,1029,3822),
	(2531,1029,3829),
	(2532,1029,3830),
	(2533,1029,3831),
	(2534,1029,3832),
	(2525,1029,3833),
	(2536,1029,3834),
	(2537,1029,3835),
	(2538,1029,3836),
	(2539,1029,3837),
	(2540,1029,3838),
	(2521,1029,3844),
	(2522,1029,3845),
	(2523,1029,3846),
	(2524,1029,3847),
	(2535,1029,4004),
	(2548,1030,3722),
	(2550,1030,3735),
	(2551,1030,3737),
	(2553,1030,3775),
	(2542,1030,3808),
	(2544,1030,3844),
	(2545,1030,3845),
	(2546,1030,3846),
	(2547,1030,3847),
	(2549,1030,3987),
	(2543,1030,4035),
	(2552,1030,4036),
	(2561,1031,3722),
	(2562,1031,3723),
	(2563,1031,3724),
	(2564,1031,3725),
	(2565,1031,3726),
	(2566,1031,3727),
	(2567,1031,3728),
	(2568,1031,3729),
	(2569,1031,3735),
	(2570,1031,3737),
	(2574,1031,3795),
	(2575,1031,3808),
	(2555,1031,3844),
	(2556,1031,3845),
	(2557,1031,3846),
	(2558,1031,3847),
	(2554,1031,3971),
	(2576,1031,3972),
	(2571,1031,3973),
	(2572,1031,3974),
	(2573,1031,3975),
	(2559,1031,3976),
	(2560,1031,3977),
	(2604,1033,3722),
	(2605,1033,3723),
	(2606,1033,3724),
	(2607,1033,3725),
	(2608,1033,3726),
	(2609,1033,3727),
	(2610,1033,3728),
	(2611,1033,3729),
	(2614,1033,3733),
	(2615,1033,3774),
	(2612,1033,3795),
	(2600,1033,3808),
	(2613,1033,3828),
	(2616,1033,3839),
	(2601,1033,3844),
	(2602,1033,3846),
	(2603,1033,3847),
	(2653,1035,3709),
	(2647,1035,3710),
	(2664,1035,3711),
	(2638,1035,3713),
	(2639,1035,3714),
	(2640,1035,3715),
	(2645,1035,3735),
	(2646,1035,3736),
	(2648,1035,3775),
	(2650,1035,3820),
	(2651,1035,3821),
	(2652,1035,3822),
	(2654,1035,3829),
	(2655,1035,3830),
	(2656,1035,3831),
	(2657,1035,3832),
	(2658,1035,3833),
	(2659,1035,3834),
	(2660,1035,3835),
	(2661,1035,3836),
	(2662,1035,3837),
	(2663,1035,3838),
	(2641,1035,3844),
	(2642,1035,3845),
	(2643,1035,3846),
	(2644,1035,3847),
	(2649,1035,4037),
	(2671,1036,3735),
	(2672,1036,3737),
	(2673,1036,3741),
	(2674,1036,3742),
	(2675,1036,3775),
	(2665,1036,3808),
	(2670,1036,3819),
	(2666,1036,3844),
	(2667,1036,3845),
	(2668,1036,3846),
	(2669,1036,3847),
	(2708,1039,3722),
	(2709,1039,3723),
	(2710,1039,3724),
	(2711,1039,3725),
	(2712,1039,3726),
	(2713,1039,3727),
	(2715,1039,3733),
	(2716,1039,3734),
	(2717,1039,3775),
	(2704,1039,3808),
	(2714,1039,3828),
	(2718,1039,3839),
	(2705,1039,3844),
	(2706,1039,3846),
	(2707,1039,3847),
	(2728,1040,3735),
	(2729,1040,3736),
	(2731,1040,3775),
	(2724,1040,3821),
	(2725,1040,3822),
	(2726,1040,3823),
	(2727,1040,3824),
	(2719,1040,3844),
	(2720,1040,3845),
	(2721,1040,3846),
	(2722,1040,3847),
	(2723,1040,3849),
	(2730,1040,3930),
	(2756,1042,3734),
	(2757,1042,3775),
	(2749,1042,3808),
	(2753,1042,3814),
	(2755,1042,3828),
	(2758,1042,3839),
	(2751,1042,3844),
	(2752,1042,3846),
	(2754,1042,3847),
	(2750,1042,4003),
	(2782,1044,3722),
	(2787,1044,3735),
	(2784,1044,3737),
	(2785,1044,3795),
	(2776,1044,3808),
	(2777,1044,3844),
	(2778,1044,3845),
	(2779,1044,3846),
	(2780,1044,3847),
	(2791,1044,3901),
	(2786,1044,3956),
	(2789,1044,3961),
	(2790,1044,3987),
	(2788,1044,4038),
	(2783,1044,4039),
	(2781,1044,4040),
	(2816,1046,3731),
	(2819,1046,3732),
	(2817,1046,3733),
	(2818,1046,3734),
	(2820,1046,3739),
	(2815,1046,3795),
	(2828,1047,3735),
	(2829,1047,3738),
	(2830,1047,3775),
	(2827,1047,3818),
	(2821,1047,3844),
	(2822,1047,3845),
	(2823,1047,3846),
	(2824,1047,3847),
	(2825,1047,3848),
	(2826,1047,3849),
	(2837,1048,3722),
	(2839,1048,3735),
	(2840,1048,3737),
	(2841,1048,3775),
	(2831,1048,3808),
	(2832,1048,3844),
	(2833,1048,3845),
	(2834,1048,3846),
	(2835,1048,3847),
	(2838,1048,3987),
	(2836,1048,4041),
	(2843,1049,3732),
	(2844,1049,3733),
	(2845,1049,3734),
	(2847,1049,3739),
	(2842,1049,3890),
	(2846,1049,3898),
	(2854,1050,3722),
	(2858,1050,3735),
	(2853,1050,3737),
	(2863,1050,3775),
	(2848,1050,3808),
	(2849,1050,3844),
	(2850,1050,3845),
	(2851,1050,3846),
	(2852,1050,3847),
	(2861,1050,3901),
	(2862,1050,3902),
	(2860,1050,3961),
	(2857,1050,3987),
	(2855,1050,4017),
	(2856,1050,4018),
	(2859,1050,4038),
	(2909,1053,3735),
	(2910,1053,3737),
	(2911,1053,3741),
	(2912,1053,3742),
	(2900,1053,3744),
	(2905,1053,3752),
	(2907,1053,3764),
	(2908,1053,3765),
	(2913,1053,3775),
	(2899,1053,3808),
	(2906,1053,3819),
	(2901,1053,3844),
	(2902,1053,3845),
	(2903,1053,3846),
	(2904,1053,3847),
	(2916,1054,3714),
	(2917,1054,3715),
	(2928,1054,3735),
	(2929,1054,3737),
	(2932,1054,3741),
	(2933,1054,3742),
	(2931,1054,3744),
	(2924,1054,3747),
	(2922,1054,3752),
	(2925,1054,3764),
	(2926,1054,3765),
	(2915,1054,3776),
	(2927,1054,3798),
	(2914,1054,3808),
	(2918,1054,3844),
	(2919,1054,3845),
	(2920,1054,3846),
	(2921,1054,3847),
	(2930,1054,3907),
	(2923,1054,3986),
	(2939,1055,3735),
	(2942,1055,3736),
	(2949,1055,3740),
	(2938,1055,3754),
	(2948,1055,3775),
	(2940,1055,3821),
	(2941,1055,3822),
	(2944,1055,3829),
	(2945,1055,3830),
	(2946,1055,3831),
	(2947,1055,3832),
	(2934,1055,3844),
	(2935,1055,3845),
	(2936,1055,3846),
	(2937,1055,3847),
	(2950,1055,4005),
	(2943,1055,4006),
	(2970,1057,3729),
	(2972,1057,3743),
	(2964,1057,3744),
	(2965,1057,3745),
	(2966,1057,3746),
	(2967,1057,3812),
	(2968,1057,3813),
	(2969,1057,3814),
	(2971,1057,3927),
	(2990,1059,3782),
	(2991,1059,3783),
	(2994,1059,3853),
	(2998,1059,3864),
	(2999,1059,3865),
	(2995,1059,3890),
	(2997,1059,4007),
	(2996,1059,4019),
	(2992,1059,4042),
	(2993,1059,4043),
	(3009,1060,3735),
	(3010,1060,3736),
	(3015,1060,3738),
	(3014,1060,3740),
	(3002,1060,3783),
	(3000,1060,3844),
	(3001,1060,3845),
	(3004,1060,3853),
	(3007,1060,3860),
	(3005,1060,3864),
	(3011,1060,3865),
	(3012,1060,3866),
	(3013,1060,3867),
	(3006,1060,3890),
	(3008,1060,4007),
	(3003,1060,4043),
	(3018,1061,3718),
	(3019,1061,3719),
	(3020,1061,3720),
	(3021,1061,3721),
	(3027,1061,3737),
	(3033,1061,3738),
	(3017,1061,3740),
	(3016,1061,3808),
	(3023,1061,3853),
	(3028,1061,3864),
	(3029,1061,3865),
	(3030,1061,3866),
	(3031,1061,3867),
	(3032,1061,3868),
	(3026,1061,3890),
	(3024,1061,3932),
	(3022,1061,4044),
	(3025,1061,4045),
	(3034,1062,3718),
	(3035,1062,3719),
	(3036,1062,3720),
	(3037,1062,3721),
	(3045,1062,3741),
	(3046,1062,3742),
	(3047,1062,3743),
	(3038,1062,3853),
	(3041,1062,3864),
	(3042,1062,3865),
	(3039,1062,3890),
	(3043,1062,3898),
	(3044,1062,3932),
	(3040,1062,4019),
	(3049,1063,3718),
	(3050,1063,3719),
	(3051,1063,3720),
	(3052,1063,3721),
	(3057,1063,3737),
	(3059,1063,3740),
	(3048,1063,3808),
	(3053,1063,3818),
	(3055,1063,3853),
	(3056,1063,3890),
	(3058,1063,3898),
	(3054,1063,4007),
	(3060,1063,4042),
	(3083,1065,3735),
	(3086,1065,3738),
	(3087,1065,3740),
	(3076,1065,3755),
	(3077,1065,3756),
	(3088,1065,3774),
	(3082,1065,3798),
	(3079,1065,3800),
	(3085,1065,3801),
	(3075,1065,3848),
	(3080,1065,3890),
	(3081,1065,3891),
	(3084,1065,3896),
	(3078,1065,4046),
	(3090,1066,3718),
	(3091,1066,3719),
	(3092,1066,3720),
	(3093,1066,3721),
	(3098,1066,3737),
	(3100,1066,3740),
	(3089,1066,3808),
	(3094,1066,3818),
	(3096,1066,3853),
	(3097,1066,3890),
	(3099,1066,3898),
	(3095,1066,4007),
	(3101,1066,4042),
	(3139,1070,3875),
	(3142,1070,3914),
	(3146,1070,3933),
	(3147,1070,3934),
	(3140,1070,3940),
	(3141,1070,3941),
	(3143,1070,3947),
	(3145,1070,3954),
	(3144,1070,4048),
	(3153,1071,3855),
	(3148,1071,3856),
	(3158,1071,3860),
	(3159,1071,3861),
	(3160,1071,3896),
	(3151,1071,3914),
	(3161,1071,3933),
	(3162,1071,3934),
	(3152,1071,3947),
	(3149,1071,4008),
	(3150,1071,4009),
	(3154,1071,4048),
	(3155,1071,4049),
	(3156,1071,4050),
	(3157,1071,4051),
	(3165,1072,3782),
	(3172,1072,3802),
	(3173,1072,3899),
	(3174,1072,3900),
	(3175,1072,3901),
	(3176,1072,3902),
	(3163,1072,3908),
	(3164,1072,3909),
	(3166,1072,3914),
	(3167,1072,3947),
	(3168,1072,3948),
	(3170,1072,4017),
	(3171,1072,4018),
	(3169,1072,4048),
	(3193,1074,3718),
	(3192,1074,3782),
	(3194,1074,3783),
	(3200,1074,3802),
	(3197,1074,3898),
	(3198,1074,3899),
	(3199,1074,3900),
	(3191,1074,3908),
	(3195,1074,3947),
	(3196,1074,3948),
	(3251,1078,3793),
	(3254,1078,3802),
	(3245,1078,3825),
	(3252,1078,3899),
	(3243,1078,3908),
	(3244,1078,3909),
	(3250,1078,3921),
	(3246,1078,3944),
	(3247,1078,3945),
	(3248,1078,4015),
	(3249,1078,4016),
	(3253,1078,4028),
	(3267,1080,3782),
	(3268,1080,3783),
	(3272,1080,3855),
	(3273,1080,3856),
	(3280,1080,3860),
	(3282,1080,3867),
	(3271,1080,3896),
	(3281,1080,3898),
	(3279,1080,3928),
	(3278,1080,3929),
	(3269,1080,4008),
	(3270,1080,4009),
	(3274,1080,4049),
	(3275,1080,4050),
	(3276,1080,4051),
	(3277,1080,4052),
	(3283,1081,3782),
	(3284,1081,3783),
	(3287,1081,3855),
	(3288,1081,3856),
	(3293,1081,3860),
	(3295,1081,3867),
	(3289,1081,3896),
	(3294,1081,3898),
	(3292,1081,3928),
	(3291,1081,3929),
	(3285,1081,4008),
	(3286,1081,4009),
	(3290,1081,4052),
	(3296,1082,3855),
	(3297,1082,3856),
	(3299,1082,3859),
	(3298,1082,3896),
	(3301,1082,3928),
	(3302,1082,3929),
	(3300,1082,4053),
	(3305,1083,3718),
	(3303,1083,3844),
	(3304,1083,3845),
	(3308,1083,3853),
	(3312,1083,3864),
	(3313,1083,3865),
	(3309,1083,3890),
	(3314,1083,3898),
	(3307,1083,3913),
	(3306,1083,4007),
	(3310,1083,4019),
	(3311,1083,4054),
	(3317,1084,3717),
	(3318,1084,3782),
	(3319,1084,3783),
	(3321,1084,3890),
	(3322,1084,3933),
	(3323,1084,3934),
	(3324,1084,3935),
	(3315,1084,3936),
	(3316,1084,3937),
	(3320,1084,3953),
	(3325,1085,3782),
	(3326,1085,3783),
	(3327,1085,3855),
	(3328,1085,3856),
	(3335,1085,3857),
	(3330,1085,3858),
	(3329,1085,3896),
	(3334,1085,3898),
	(3332,1085,3928),
	(3333,1085,3929),
	(3331,1085,4052),
	(3336,1086,3782),
	(3337,1086,3783),
	(3338,1086,3855),
	(3339,1086,3856),
	(3341,1086,3859),
	(3343,1086,3861),
	(3340,1086,3896),
	(3346,1086,3898),
	(3344,1086,3928),
	(3345,1086,3929),
	(3342,1086,4052),
	(3347,1087,3717),
	(3348,1087,3782),
	(3349,1087,3783),
	(3350,1087,3855),
	(3351,1087,3856),
	(3353,1087,3890),
	(3356,1087,3933),
	(3357,1087,3934),
	(3352,1087,3953),
	(3354,1087,4055),
	(3355,1087,4056),
	(3366,1089,3782),
	(3367,1089,3783),
	(3372,1089,3855),
	(3373,1089,3856),
	(3378,1089,3860),
	(3380,1089,3867),
	(3374,1089,3896),
	(3379,1089,3898),
	(3377,1089,3928),
	(3376,1089,3929),
	(3368,1089,4008),
	(3369,1089,4009),
	(3370,1089,4010),
	(3371,1089,4011),
	(3375,1089,4052),
	(3381,1090,3782),
	(3382,1090,3783),
	(3383,1090,3855),
	(3384,1090,3856),
	(3386,1090,3859),
	(3388,1090,3861),
	(3385,1090,3896),
	(3391,1090,3898),
	(3389,1090,3928),
	(3390,1090,3929),
	(3387,1090,4052),
	(3432,1094,3717),
	(3433,1094,3782),
	(3434,1094,3783),
	(3437,1094,3890),
	(3439,1094,3933),
	(3440,1094,3934),
	(3438,1094,3942),
	(3435,1094,3943),
	(3436,1094,3953),
	(3483,1098,3709),
	(3484,1098,3711),
	(3474,1098,3717),
	(3477,1098,3730),
	(3482,1098,3739),
	(3476,1098,3766),
	(3472,1098,3778),
	(3473,1098,3779),
	(3475,1098,3784),
	(3478,1098,3796),
	(3479,1098,3797),
	(3480,1098,3798),
	(3481,1098,4058),
	(3500,1100,3731),
	(3499,1100,3784),
	(3501,1100,3796),
	(3502,1100,3797),
	(3503,1100,3798),
	(3498,1100,3843),
	(3504,1100,4059),
	(3505,1100,4060),
	(3513,1101,3709),
	(3511,1101,3710),
	(3512,1101,3711),
	(3509,1101,3717),
	(3518,1101,3739),
	(3508,1101,3779),
	(3510,1101,3784),
	(3514,1101,3796),
	(3515,1101,3797),
	(3516,1101,3798),
	(3517,1101,4058),
	(3519,1101,4061),
	(3520,1101,4062),
	(3521,1101,4063),
	(3506,1101,4064),
	(3507,1101,4065),
	(3529,1102,3709),
	(3530,1102,3710),
	(3531,1102,3711),
	(3522,1102,3717),
	(3528,1102,3739),
	(3523,1102,3784),
	(3525,1102,3796),
	(3526,1102,3797),
	(3527,1102,3798),
	(3524,1102,3890),
	(3540,1103,3709),
	(3541,1103,3710),
	(3542,1103,3711),
	(3535,1103,3731),
	(3539,1103,3739),
	(3532,1103,3782),
	(3533,1103,3783),
	(3534,1103,3784),
	(3536,1103,3796),
	(3537,1103,3797),
	(3538,1103,3798),
	(3543,1104,3782),
	(3549,1104,3783),
	(3548,1104,3852),
	(3551,1104,3863),
	(3544,1104,3879),
	(3545,1104,3880),
	(3547,1104,3883),
	(3546,1104,3884),
	(3550,1104,3890),
	(3552,1104,3898),
	(3553,1104,3932),
	(3555,1105,3718),
	(3556,1105,3719),
	(3557,1105,3720),
	(3572,1105,3721),
	(3561,1105,3737),
	(3562,1105,3738),
	(3563,1105,3740),
	(3566,1105,3755),
	(3558,1105,3756),
	(3568,1105,3757),
	(3569,1105,3758),
	(3570,1105,3759),
	(3575,1105,3808),
	(3559,1105,3852),
	(3560,1105,3863),
	(3564,1105,3879),
	(3565,1105,3880),
	(3554,1105,3883),
	(3567,1105,3884),
	(3571,1105,3890),
	(3573,1105,3898),
	(3574,1105,3932),
	(3576,1105,4066),
	(3584,1106,3733),
	(3586,1106,3735),
	(3587,1106,3737),
	(3588,1106,3740),
	(3589,1106,3774),
	(3582,1106,3818),
	(3581,1106,3879),
	(3583,1106,3954),
	(3585,1106,4054),
	(3577,1106,4067),
	(3578,1106,4068),
	(3579,1106,4069),
	(3580,1106,4070),
	(3608,1108,3852),
	(3609,1108,3853),
	(3610,1108,3854),
	(3613,1108,3863),
	(3607,1108,3879),
	(3615,1108,3934),
	(3616,1108,3935),
	(3603,1108,3936),
	(3605,1108,3944),
	(3606,1108,3945),
	(3611,1108,4015),
	(3612,1108,4016),
	(3614,1108,4028),
	(3604,1108,4071),
	(3635,1110,3733),
	(3633,1110,3734),
	(3637,1110,3933),
	(3638,1110,3934),
	(3639,1110,3935),
	(3631,1110,3936),
	(3632,1110,3937),
	(3634,1110,3954),
	(3636,1110,4054),
	(3648,1111,3732),
	(3649,1111,3733),
	(3650,1111,3734),
	(3645,1111,3852),
	(3651,1111,3863),
	(3644,1111,3879),
	(3646,1111,3880),
	(3647,1111,3890),
	(3652,1111,3898),
	(3640,1111,4007),
	(3641,1111,4072),
	(3642,1111,4073),
	(3643,1111,4074),
	(3658,1112,3852),
	(3659,1112,3853),
	(3660,1112,3854),
	(3663,1112,3863),
	(3657,1112,3879),
	(3665,1112,3934),
	(3666,1112,3935),
	(3653,1112,3936),
	(3655,1112,3944),
	(3656,1112,3945),
	(3661,1112,4015),
	(3662,1112,4016),
	(3664,1112,4028),
	(3654,1112,4071),
	(3675,1113,3733),
	(3676,1113,3734),
	(3670,1113,3879),
	(3671,1113,3880),
	(3672,1113,3883),
	(3673,1113,3884),
	(3674,1113,3896),
	(3677,1113,4054),
	(3667,1113,4068),
	(3668,1113,4069),
	(3669,1113,4070),
	(3701,1115,3719),
	(3699,1115,3721),
	(3706,1115,3741),
	(3707,1115,3742),
	(3708,1115,3743),
	(3702,1115,3792),
	(3703,1115,3793),
	(3695,1115,3852),
	(3705,1115,3863),
	(3698,1115,3879),
	(3704,1115,3954),
	(3696,1115,4069),
	(3697,1115,4070),
	(3700,1115,4071),
	(3709,1116,3782),
	(3710,1116,3783),
	(3712,1116,3852),
	(3713,1116,3863),
	(3714,1116,3879),
	(3715,1116,3890),
	(3716,1116,4007),
	(3711,1116,4043),
	(3717,1116,4071),
	(3718,1117,3719),
	(3730,1117,3721),
	(3731,1117,3741),
	(3732,1117,3742),
	(3733,1117,3743),
	(3726,1117,3792),
	(3727,1117,3793),
	(3723,1117,3852),
	(3729,1117,3863),
	(3721,1117,3879),
	(3722,1117,3880),
	(3719,1117,3883),
	(3725,1117,3884),
	(3728,1117,3954),
	(3720,1117,4070),
	(3724,1117,4075),
	(3744,1118,3733),
	(3746,1118,3735),
	(3747,1118,3736),
	(3748,1118,3738),
	(3749,1118,3740),
	(3750,1118,3774),
	(3734,1118,3872),
	(3739,1118,3879),
	(3745,1118,4054),
	(3735,1118,4067),
	(3736,1118,4068),
	(3737,1118,4069),
	(3738,1118,4070),
	(3740,1118,4076),
	(3741,1118,4077),
	(3742,1118,4078),
	(3743,1118,4079),
	(3755,1119,3719),
	(3757,1119,3721),
	(3765,1119,3741),
	(3766,1119,3742),
	(3767,1119,3743),
	(3760,1119,3792),
	(3761,1119,3793),
	(3759,1119,3852),
	(3763,1119,3870),
	(3756,1119,3880),
	(3762,1119,3954),
	(3764,1119,4023),
	(3752,1119,4067),
	(3753,1119,4069),
	(3754,1119,4070),
	(3758,1119,4074),
	(3751,1119,4080),
	(3774,1120,3733),
	(3776,1120,3735),
	(3777,1120,3736),
	(3778,1120,3738),
	(3779,1120,3740),
	(3780,1120,3774),
	(3772,1120,3879),
	(3773,1120,3954),
	(3775,1120,4054),
	(3768,1120,4067),
	(3769,1120,4068),
	(3770,1120,4069),
	(3771,1120,4070),
	(3783,1121,3718),
	(3787,1121,3719),
	(3790,1121,3720),
	(3789,1121,3721),
	(3793,1121,3737),
	(3794,1121,3738),
	(3796,1121,3740),
	(3781,1121,3808),
	(3786,1121,3852),
	(3792,1121,3863),
	(3784,1121,3879),
	(3785,1121,3880),
	(3782,1121,3883),
	(3788,1121,3884),
	(3791,1121,3890),
	(3797,1121,3898),
	(3795,1121,3932),
	(3818,1123,3852),
	(3823,1123,3863),
	(3812,1123,3872),
	(3820,1123,3879),
	(3821,1123,3890),
	(3816,1123,3914),
	(3814,1123,4007),
	(3817,1123,4043),
	(3813,1123,4067),
	(3815,1123,4076),
	(3819,1123,4078),
	(3822,1123,4081),
	(3837,1125,3782),
	(3838,1125,3783),
	(3840,1125,3852),
	(3841,1125,3863),
	(3842,1125,3879),
	(3843,1125,3890),
	(3844,1125,4007),
	(3839,1125,4043),
	(3845,1125,4071),
	(3847,1126,3782),
	(3852,1126,3783),
	(3848,1126,3879),
	(3849,1126,3880),
	(3853,1126,3890),
	(3854,1126,4007),
	(3855,1126,4023),
	(3851,1126,4043),
	(3846,1126,4068),
	(3850,1126,4074),
	(3859,1127,3719),
	(3860,1127,3721),
	(3864,1127,3792),
	(3865,1127,3793),
	(3862,1127,3852),
	(3867,1127,3863),
	(3861,1127,3879),
	(3863,1127,3954),
	(3856,1127,4067),
	(3857,1127,4069),
	(3858,1127,4070),
	(3866,1127,4082),
	(3869,1128,3731),
	(3870,1128,3739),
	(3871,1128,3798),
	(3868,1128,3914),
	(3872,1128,4083),
	(3875,1129,3731),
	(3877,1129,3739),
	(3876,1129,3798),
	(3873,1129,3904),
	(3874,1129,3914),
	(3878,1129,4061),
	(3879,1129,4083),
	(3885,1130,3731),
	(3889,1130,3739),
	(3888,1130,3796),
	(3886,1130,3797),
	(3887,1130,3798),
	(3880,1130,3843),
	(3881,1130,3845),
	(3882,1130,3911),
	(3883,1130,3914),
	(3884,1130,4083),
	(3890,1130,4084),
	(3893,1131,3731),
	(3895,1131,3739),
	(3894,1131,3798),
	(3891,1131,3914),
	(3892,1131,3986),
	(3896,1131,4083),
	(3901,1132,3775),
	(3898,1132,3786),
	(3900,1132,3798),
	(3897,1132,3913),
	(3899,1132,4083),
	(3902,1133,3717),
	(3909,1133,3739),
	(3903,1133,3785),
	(3907,1133,3798),
	(3904,1133,3890),
	(3908,1133,4058),
	(3905,1133,4083),
	(3906,1133,4085),
	(3921,1134,3709),
	(3923,1134,3711),
	(3916,1134,3730),
	(3911,1134,3784),
	(3920,1134,3796),
	(3922,1134,3797),
	(3919,1134,3798),
	(3912,1134,3853),
	(3913,1134,3854),
	(3914,1134,3855),
	(3915,1134,3856),
	(3917,1134,3860),
	(3918,1134,3861),
	(3910,1134,3876),
	(3956,1136,3709),
	(3958,1136,3711),
	(3949,1136,3730),
	(3948,1136,3784),
	(3955,1136,3796),
	(3957,1136,3797),
	(3953,1136,3798),
	(3944,1136,3853),
	(3945,1136,3854),
	(3946,1136,3855),
	(3947,1136,3856),
	(3951,1136,3860),
	(3952,1136,3861),
	(3939,1136,3876),
	(3942,1136,4008),
	(3943,1136,4009),
	(3941,1136,4049),
	(3938,1136,4050),
	(3950,1136,4051),
	(3940,1136,4086),
	(3954,1136,4087),
	(3960,1137,3739),
	(3963,1137,3775),
	(3962,1137,3853),
	(3961,1137,3876),
	(3959,1137,4042),
	(3967,1138,3784),
	(3970,1138,3798),
	(3973,1138,3802),
	(3964,1138,3876),
	(3974,1138,3899),
	(3975,1138,3900),
	(3976,1138,3901),
	(3977,1138,3902),
	(3972,1138,3908),
	(3978,1138,3909),
	(3968,1138,3948),
	(3965,1138,4069),
	(3966,1138,4070),
	(3969,1138,4079),
	(3971,1138,4088),
	(3998,1140,3785),
	(4007,1140,3802),
	(3999,1140,3852),
	(4000,1140,3870),
	(3994,1140,3873),
	(3995,1140,3874),
	(4002,1140,3890),
	(4003,1140,3891),
	(4004,1140,3892),
	(4005,1140,3893),
	(4008,1140,3899),
	(4009,1140,3900),
	(4010,1140,3901),
	(4011,1140,3902),
	(3996,1140,3908),
	(3997,1140,3909),
	(4001,1140,3948),
	(4006,1140,4089),
	(4015,1141,3784),
	(4020,1141,3798),
	(4022,1141,3802),
	(4012,1141,3876),
	(4019,1141,3893),
	(4021,1141,3908),
	(4016,1141,3952),
	(4017,1141,3954),
	(4018,1141,3955),
	(4013,1141,4069),
	(4014,1141,4070),
	(4041,1143,3784),
	(4045,1143,3798),
	(4048,1143,3803),
	(4049,1143,3804),
	(4050,1143,3805),
	(4038,1143,3876),
	(4047,1143,3908),
	(4051,1143,3909),
	(4042,1143,3948),
	(4043,1143,3949),
	(4039,1143,4069),
	(4040,1143,4070),
	(4044,1143,4079),
	(4046,1143,4088),
	(4060,1144,3802),
	(4055,1144,3853),
	(4058,1144,3864),
	(4059,1144,3865),
	(4057,1144,3891),
	(4056,1144,3896),
	(4052,1144,3908),
	(4054,1144,3948),
	(4053,1144,4007),
	(4061,1144,4019),
	(4072,1145,3802),
	(4067,1145,3853),
	(4068,1145,3854),
	(4063,1145,3879),
	(4064,1145,3880),
	(4065,1145,3881),
	(4070,1145,3896),
	(4062,1145,3908),
	(4069,1145,3933),
	(4066,1145,3948),
	(4071,1145,4090),
	(4076,1146,3784),
	(4080,1146,3798),
	(4082,1146,3802),
	(4073,1146,3876),
	(4079,1146,3893),
	(4083,1146,3899),
	(4084,1146,3900),
	(4085,1146,3901),
	(4086,1146,3902),
	(4081,1146,3908),
	(4087,1146,3909),
	(4077,1146,3948),
	(4078,1146,3954),
	(4074,1146,4069),
	(4075,1146,4070),
	(4108,1148,3731),
	(4109,1148,3863),
	(4103,1148,3876),
	(4104,1148,3879),
	(4105,1148,3880),
	(4106,1148,3881),
	(4107,1148,3914),
	(4110,1148,4060),
	(4112,1149,3714),
	(4113,1149,3715),
	(4119,1149,3775),
	(4114,1149,3785),
	(4116,1149,3798),
	(4111,1149,3872),
	(4115,1149,4078),
	(4117,1149,4089),
	(4118,1149,4091),
	(4121,1150,3714),
	(4122,1150,3715),
	(4129,1150,3775),
	(4123,1150,3785),
	(4127,1150,3798),
	(4120,1150,3872),
	(4124,1150,4076),
	(4125,1150,4077),
	(4126,1150,4078),
	(4128,1150,4089),
	(4132,1151,3714),
	(4133,1151,3715),
	(4141,1151,3775),
	(4137,1151,3785),
	(4142,1151,3798),
	(4130,1151,3872),
	(4139,1151,4078),
	(4143,1151,4089),
	(4144,1151,4091),
	(4145,1151,4092),
	(4146,1151,4093),
	(4147,1151,4094),
	(4148,1151,4095),
	(4131,1151,4096),
	(4136,1151,4097),
	(4138,1151,4098),
	(4140,1151,4099),
	(4134,1151,4100),
	(4135,1151,4101),
	(4158,1152,3709),
	(4159,1152,3710),
	(4160,1152,3711),
	(4153,1152,3785),
	(4154,1152,3796),
	(4155,1152,3797),
	(4156,1152,3798),
	(4149,1152,3872),
	(4157,1152,4089),
	(4150,1152,4102),
	(4151,1152,4103),
	(4152,1152,4104),
	(4166,1153,3731),
	(4167,1153,3863),
	(4161,1153,3876),
	(4162,1153,3879),
	(4163,1153,3880),
	(4164,1153,3881),
	(4165,1153,3914),
	(4168,1153,4060),
	(4170,1154,3714),
	(4171,1154,3715),
	(4181,1154,3775),
	(4172,1154,3785),
	(4177,1154,3798),
	(4169,1154,3872),
	(4175,1154,4076),
	(4176,1154,4078),
	(4179,1154,4089),
	(4180,1154,4092),
	(4178,1154,4105),
	(4173,1154,4106),
	(4174,1154,4107),
	(4182,1155,3782),
	(4183,1155,3783),
	(4188,1155,3855),
	(4189,1155,3856),
	(4193,1155,3860),
	(4194,1155,3861),
	(4187,1155,3890),
	(4195,1155,3932),
	(4196,1155,3933),
	(4197,1155,3934),
	(4184,1155,4008),
	(4185,1155,4009),
	(4186,1155,4043),
	(4190,1155,4049),
	(4191,1155,4050),
	(4192,1155,4051),
	(4198,1156,3782),
	(4199,1156,3783),
	(4204,1156,3854),
	(4206,1156,3860),
	(4207,1156,3866),
	(4208,1156,3867),
	(4205,1156,3890),
	(4209,1156,3932),
	(4210,1156,3933),
	(4200,1156,4008),
	(4201,1156,4009),
	(4202,1156,4043),
	(4203,1156,4108),
	(4212,1157,3782),
	(4213,1157,3783),
	(4218,1157,3854),
	(4220,1157,3860),
	(4221,1157,3866),
	(4222,1157,3867),
	(4219,1157,3890),
	(4223,1157,3932),
	(4224,1157,3933),
	(4214,1157,4008),
	(4215,1157,4009),
	(4225,1157,4030),
	(4211,1157,4033),
	(4216,1157,4043),
	(4217,1157,4108),
	(4259,1160,3719),
	(4267,1160,3734),
	(4266,1160,3828),
	(4258,1160,3855),
	(4265,1160,3856),
	(4269,1160,3867),
	(4268,1160,3896),
	(4264,1160,3919),
	(4270,1160,3933),
	(4271,1160,3934),
	(4260,1160,4008),
	(4261,1160,4009),
	(4262,1160,4109),
	(4263,1160,4110),
	(4274,1161,3719),
	(4278,1161,3734),
	(4281,1161,3801),
	(4276,1161,3825),
	(4277,1161,3826),
	(4273,1161,3910),
	(4280,1161,3928),
	(4279,1161,3929),
	(4282,1161,3935),
	(4272,1161,3936),
	(4275,1161,4111),
	(4314,1163,3733),
	(4307,1163,3735),
	(4308,1163,3736),
	(4309,1163,3738),
	(4311,1163,3740),
	(4313,1163,3774),
	(4302,1163,3855),
	(4303,1163,3856),
	(4304,1163,3860),
	(4305,1163,3861),
	(4312,1163,3933),
	(4297,1163,3934),
	(4298,1163,4008),
	(4299,1163,4009),
	(4300,1163,4010),
	(4301,1163,4011),
	(4306,1163,4054),
	(4310,1163,4079),
	(4317,1164,3719),
	(4327,1164,3734),
	(4326,1164,3828),
	(4315,1164,3855),
	(4316,1164,3856),
	(4329,1164,3867),
	(4328,1164,3896),
	(4322,1164,3919),
	(4330,1164,3933),
	(4331,1164,3934),
	(4318,1164,4008),
	(4319,1164,4009),
	(4325,1164,4051),
	(4320,1164,4109),
	(4321,1164,4110),
	(4323,1164,4112),
	(4324,1164,4113),
	(4348,1166,3719),
	(4352,1166,3735),
	(4353,1166,3736),
	(4355,1166,3738),
	(4357,1166,3740),
	(4351,1166,3774),
	(4354,1166,3801),
	(4356,1166,3855),
	(4350,1166,3856),
	(4346,1166,3875),
	(4347,1166,3910),
	(4358,1166,3933),
	(4359,1166,3934),
	(4349,1166,4079),
	(4361,1167,3719),
	(4370,1167,3734),
	(4371,1167,3735),
	(4368,1167,3736),
	(4373,1167,3738),
	(4375,1167,3740),
	(4369,1167,3828),
	(4360,1167,3855),
	(4367,1167,3856),
	(4374,1167,3867),
	(4372,1167,3896),
	(4366,1167,3919),
	(4376,1167,3933),
	(4377,1167,3934),
	(4362,1167,4008),
	(4363,1167,4009),
	(4364,1167,4109),
	(4365,1167,4110),
	(4384,1168,3739),
	(4386,1168,3775),
	(4385,1168,3870),
	(4379,1168,3880),
	(4380,1168,3882),
	(4381,1168,3883),
	(4382,1168,3884),
	(4378,1168,4067),
	(4383,1168,4080),
	(4393,1169,3739),
	(4395,1169,3775),
	(4394,1169,3870),
	(4388,1169,3880),
	(4389,1169,3882),
	(4390,1169,3883),
	(4391,1169,3884),
	(4387,1169,4067),
	(4392,1169,4080),
	(4404,1170,3739),
	(4405,1170,3775),
	(4396,1170,3876),
	(4397,1170,3878),
	(4399,1170,3880),
	(4400,1170,3883),
	(4401,1170,3884),
	(4398,1170,4071),
	(4402,1170,4080),
	(4403,1170,4114),
	(4413,1171,3739),
	(4414,1171,3775),
	(4412,1171,3863),
	(4406,1171,3876),
	(4407,1171,3879),
	(4408,1171,3880),
	(4410,1171,4021),
	(4411,1171,4022),
	(4409,1171,4074),
	(4422,1172,3739),
	(4425,1172,3775),
	(4424,1172,3870),
	(4416,1172,3880),
	(4417,1172,3882),
	(4421,1172,4022),
	(4415,1172,4067),
	(4419,1172,4072),
	(4423,1172,4074),
	(4418,1172,4080),
	(4420,1172,4115),
	(4434,1173,3739),
	(4435,1173,3775),
	(4430,1173,3852),
	(4433,1173,3863),
	(4426,1173,3879),
	(4427,1173,3880),
	(4431,1173,4020),
	(4432,1173,4021),
	(4428,1173,4073),
	(4429,1173,4074),
	(4436,1174,3714),
	(4437,1174,3715),
	(4442,1174,3775),
	(4441,1174,3798),
	(4439,1174,4116),
	(4440,1174,4117),
	(4438,1174,4118),
	(4443,1175,3714),
	(4444,1175,3715),
	(4450,1175,3775),
	(4447,1175,3798),
	(4445,1175,4116),
	(4446,1175,4117),
	(4448,1175,4119),
	(4449,1175,4120),
	(4451,1176,3714),
	(4452,1176,3715),
	(4456,1176,3775),
	(4454,1176,3796),
	(4453,1176,3798),
	(4455,1176,4118),
	(4467,1177,3711),
	(4457,1177,3714),
	(4458,1177,3715),
	(4466,1177,3775),
	(4460,1177,3796),
	(4461,1177,3798),
	(4459,1177,3940),
	(4462,1177,4121),
	(4463,1177,4122),
	(4464,1177,4123),
	(4465,1177,4124),
	(4468,1178,3714),
	(4469,1178,3715),
	(4475,1178,3775),
	(4472,1178,3798),
	(4473,1178,4061),
	(4470,1178,4118),
	(4471,1178,4125),
	(4474,1178,4126),
	(4483,1179,3709),
	(4487,1179,3711),
	(4477,1179,3713),
	(4478,1179,3714),
	(4479,1179,3715),
	(4484,1179,3730),
	(4485,1179,3779),
	(4482,1179,3783),
	(4486,1179,3796),
	(4480,1179,3846),
	(4481,1179,3847),
	(4489,1179,4061),
	(4490,1179,4062),
	(4491,1179,4063),
	(4476,1179,4064),
	(4488,1179,4065),
	(4496,1180,3720),
	(4501,1180,3721),
	(4499,1180,3723),
	(4493,1180,3748),
	(4504,1180,3749),
	(4494,1180,3782),
	(4502,1180,3801),
	(4495,1180,3910),
	(4497,1180,3913),
	(4498,1180,3914),
	(4500,1180,3923),
	(4492,1180,4003),
	(4503,1180,4127),
	(4510,1181,3720),
	(4511,1181,3721),
	(4515,1181,3733),
	(4517,1181,3741),
	(4518,1181,3742),
	(4506,1181,3744),
	(4513,1181,3752),
	(4514,1181,3764),
	(4519,1181,3765),
	(4507,1181,3782),
	(4509,1181,3783),
	(4516,1181,3801),
	(4512,1181,3819),
	(4508,1181,3910),
	(4505,1181,4128),
	(4521,1182,3720),
	(4522,1182,3721),
	(4530,1182,3741),
	(4531,1182,3742),
	(4520,1182,3744),
	(4526,1182,3752),
	(4529,1182,3764),
	(4528,1182,3800),
	(4524,1182,3819),
	(4527,1182,3828),
	(4523,1182,3914),
	(4525,1182,4048),
	(4535,1183,3721),
	(4540,1183,3742),
	(4533,1183,3744),
	(4534,1183,3752),
	(4538,1183,3764),
	(4539,1183,3765),
	(4532,1183,3776),
	(4537,1183,3793),
	(4536,1183,3851),
	(4545,1184,3720),
	(4546,1184,3721),
	(4548,1184,3733),
	(4542,1184,3782),
	(4544,1184,3783),
	(4549,1184,3801),
	(4543,1184,3910),
	(4547,1184,3914),
	(4541,1184,4003),
	(4553,1185,3951),
	(4550,1185,3961),
	(4552,1185,3987),
	(4551,1185,4003),
	(4558,1186,3720),
	(4559,1186,3721),
	(4561,1186,3733),
	(4556,1186,3782),
	(4562,1186,3801),
	(4557,1186,3910),
	(4560,1186,3923),
	(4555,1186,4003),
	(4554,1186,4128),
	(4564,1187,3720),
	(4565,1187,3721),
	(4571,1187,3741),
	(4572,1187,3742),
	(4563,1187,3782),
	(4570,1187,3800),
	(4567,1187,3819),
	(4569,1187,3828),
	(4566,1187,3914),
	(4568,1187,4048),
	(4574,1188,3712),
	(4577,1188,3785),
	(4579,1188,3864),
	(4580,1188,3865),
	(4576,1188,3879),
	(4573,1188,3904),
	(4581,1188,3935),
	(4578,1188,3936),
	(4582,1188,3937),
	(4575,1188,4067),
	(4583,1189,3712),
	(4587,1189,3825),
	(4588,1189,3826),
	(4585,1189,3942),
	(4586,1189,3943),
	(4589,1189,4019),
	(4584,1189,4129),
	(4590,1190,3712),
	(4595,1190,3864),
	(4596,1190,3865),
	(4592,1190,3879),
	(4593,1190,3880),
	(4594,1190,3881),
	(4597,1190,3935),
	(4591,1190,3936),
	(4598,1190,3937),
	(4599,1191,3712),
	(4605,1191,3864),
	(4606,1191,3865),
	(4601,1191,3879),
	(4602,1191,3880),
	(4603,1191,3883),
	(4604,1191,3884),
	(4607,1191,3935),
	(4600,1191,3936),
	(4608,1191,3937),
	(4618,1192,3712),
	(4616,1192,3864),
	(4617,1192,3865),
	(4620,1192,3872),
	(4614,1192,3879),
	(4619,1192,3935),
	(4609,1192,3936),
	(4610,1192,3937),
	(4612,1192,4067),
	(4613,1192,4102),
	(4615,1192,4104),
	(4611,1192,4130),
	(4621,1193,3712),
	(4626,1193,3864),
	(4627,1193,3865),
	(4623,1193,3879),
	(4624,1193,3880),
	(4625,1193,3881),
	(4628,1193,3935),
	(4622,1193,3936),
	(4629,1193,3937),
	(4650,1196,3712),
	(4653,1196,3785),
	(4655,1196,3825),
	(4656,1196,3826),
	(4657,1196,3864),
	(4658,1196,3865),
	(4652,1196,3879),
	(4649,1196,3904),
	(4659,1196,3935),
	(4654,1196,3936),
	(4651,1196,4067),
	(4660,1197,3712),
	(4662,1197,3721),
	(4671,1197,3737),
	(4672,1197,3738),
	(4673,1197,3740),
	(4665,1197,3792),
	(4666,1197,3793),
	(4674,1197,3808),
	(4663,1197,3818),
	(4668,1197,3894),
	(4670,1197,3928),
	(4669,1197,3929),
	(4667,1197,4019),
	(4664,1197,4079),
	(4661,1197,4129),
	(4677,1198,3721),
	(4684,1198,3737),
	(4685,1198,3738),
	(4686,1198,3740),
	(4680,1198,3792),
	(4681,1198,3793),
	(4675,1198,3808),
	(4678,1198,3818),
	(4679,1198,3854),
	(4682,1198,3894),
	(4683,1198,3896),
	(4687,1198,3933),
	(4676,1198,4129),
	(4690,1199,3793),
	(4694,1199,3866),
	(4695,1199,3867),
	(4696,1199,3868),
	(4691,1199,3894),
	(4692,1199,3895),
	(4693,1199,3896),
	(4697,1199,3933),
	(4698,1199,3934),
	(4688,1199,3941),
	(4689,1199,4108),
	(4702,1200,3721),
	(4711,1200,3737),
	(4714,1200,3738),
	(4716,1200,3740),
	(4705,1200,3792),
	(4700,1200,3793),
	(4699,1200,3808),
	(4704,1200,3855),
	(4709,1200,3860),
	(4715,1200,3867),
	(4710,1200,3894),
	(4703,1200,3896),
	(4712,1200,3928),
	(4713,1200,3929),
	(4701,1200,4008),
	(4717,1200,4009),
	(4706,1200,4049),
	(4707,1200,4050),
	(4708,1200,4051),
	(4722,1201,3721),
	(4731,1201,3737),
	(4734,1201,3738),
	(4736,1201,3740),
	(4719,1201,3792),
	(4720,1201,3793),
	(4718,1201,3808),
	(4724,1201,3855),
	(4725,1201,3856),
	(4729,1201,3860),
	(4735,1201,3867),
	(4730,1201,3894),
	(4723,1201,3896),
	(4732,1201,3928),
	(4733,1201,3929),
	(4721,1201,4008),
	(4737,1201,4009),
	(4726,1201,4049),
	(4727,1201,4050),
	(4728,1201,4051),
	(4741,1202,3721),
	(4750,1202,3737),
	(4753,1202,3738),
	(4755,1202,3740),
	(4744,1202,3792),
	(4739,1202,3793),
	(4738,1202,3808),
	(4743,1202,3855),
	(4748,1202,3860),
	(4754,1202,3867),
	(4749,1202,3894),
	(4742,1202,3896),
	(4751,1202,3928),
	(4752,1202,3929),
	(4740,1202,4008),
	(4756,1202,4009),
	(4745,1202,4049),
	(4746,1202,4050),
	(4747,1202,4051),
	(4823,1207,3731),
	(4824,1207,3798),
	(4822,1207,3856),
	(4825,1207,3863),
	(4826,1207,3864),
	(4827,1207,3865),
	(4828,1207,3866),
	(4819,1207,3937),
	(4820,1207,4131),
	(4821,1207,4132),
	(4833,1208,3731),
	(4834,1208,3798),
	(4832,1208,3856),
	(4835,1208,3863),
	(4836,1208,3864),
	(4837,1208,3865),
	(4838,1208,3866),
	(4829,1208,3937),
	(4830,1208,4131),
	(4831,1208,4132),
	(4849,1209,3766),
	(4840,1209,3778),
	(4848,1209,3779),
	(4839,1209,3872),
	(4844,1209,3880),
	(4845,1209,3881),
	(4852,1209,4061),
	(4853,1209,4062),
	(4841,1209,4067),
	(4846,1209,4078),
	(4847,1209,4091),
	(4851,1209,4092),
	(4850,1209,4123),
	(4842,1209,4133),
	(4843,1209,4134),
	(4859,1210,3859),
	(4860,1210,3860),
	(4861,1210,3864),
	(4862,1210,3865),
	(4863,1210,3866),
	(4864,1210,3867),
	(4854,1210,3872),
	(4857,1210,3879),
	(4856,1210,4071),
	(4858,1210,4078),
	(4855,1210,4091),
	(4866,1211,3798),
	(4867,1211,3863),
	(4868,1211,3864),
	(4869,1211,3865),
	(4870,1211,3870),
	(4865,1211,4019),
	(4872,1212,3798),
	(4873,1212,3863),
	(4874,1212,3864),
	(4875,1212,3865),
	(4876,1212,3870),
	(4871,1212,4019),
	(4882,1213,3860),
	(4883,1213,3864),
	(4884,1213,3865),
	(4885,1213,3866),
	(4886,1213,3867),
	(4877,1213,3872),
	(4879,1213,3879),
	(4878,1213,4067),
	(4880,1213,4078),
	(4881,1213,4091),
	(4890,1214,3793),
	(4893,1214,3803),
	(4894,1214,3804),
	(4896,1214,3806),
	(4897,1214,3807),
	(4887,1214,3899),
	(4889,1214,3900),
	(4895,1214,3901),
	(4892,1214,3902),
	(4888,1214,4017),
	(4891,1214,4018),
	(4909,1216,3720),
	(4910,1216,3721),
	(4912,1216,3736),
	(4914,1216,3738),
	(4919,1216,3740),
	(4920,1216,3755),
	(4921,1216,3756),
	(4922,1216,3757),
	(4923,1216,3758),
	(4924,1216,3759),
	(4925,1216,3760),
	(4926,1216,3761),
	(4927,1216,3762),
	(4928,1216,3763),
	(4929,1216,3808),
	(4931,1216,3827),
	(4930,1216,3937),
	(4911,1216,3982),
	(4913,1216,3993),
	(4917,1216,3994),
	(4915,1216,3995),
	(4916,1216,3996),
	(4918,1216,4003),
	(4934,1217,3722),
	(4940,1217,3737),
	(4941,1217,3738),
	(4942,1217,3740),
	(4932,1217,3808),
	(4943,1217,3901),
	(4944,1217,3902),
	(4935,1217,3950),
	(4939,1217,3961),
	(4938,1217,3987),
	(4936,1217,4016),
	(4937,1217,4017),
	(4933,1217,4028),
	(4946,1218,3793),
	(4952,1218,3802),
	(4945,1218,3803),
	(4956,1218,3806),
	(4957,1218,3807),
	(4953,1218,3899),
	(4954,1218,3900),
	(4955,1218,3901),
	(4949,1218,3956),
	(4950,1218,3957),
	(4951,1218,3958),
	(4947,1218,4017),
	(4948,1218,4018),
	(4960,1219,3722),
	(4963,1219,3737),
	(4965,1219,3738),
	(4966,1219,3740),
	(4958,1219,3808),
	(4967,1219,3901),
	(4968,1219,3902),
	(4961,1219,3950),
	(4964,1219,3961),
	(4962,1219,3987),
	(4959,1219,4135),
	(4986,1221,3739),
	(4990,1221,3775),
	(4983,1221,3932),
	(4988,1221,3933),
	(4989,1221,3934),
	(4980,1221,3935),
	(4979,1221,3936),
	(4981,1221,3944),
	(4982,1221,3945),
	(4984,1221,4015),
	(4985,1221,4016),
	(4987,1221,4028),
	(4999,1222,3739),
	(5003,1222,3775),
	(4995,1222,3932),
	(5001,1222,3933),
	(5002,1222,3934),
	(4992,1222,3935),
	(4991,1222,3936),
	(4993,1222,3944),
	(4994,1222,3945),
	(4996,1222,4015),
	(4997,1222,4016),
	(5000,1222,4028),
	(4998,1222,4136),
	(5018,1223,3737),
	(5019,1223,3738),
	(5021,1223,3740),
	(5011,1223,3755),
	(5012,1223,3756),
	(5013,1223,3757),
	(5014,1223,3758),
	(5015,1223,3759),
	(5016,1223,3760),
	(5005,1223,3812),
	(5006,1223,3813),
	(5007,1223,3814),
	(5008,1223,3815),
	(5017,1223,3831),
	(5020,1223,3931),
	(5009,1223,4137),
	(5010,1223,4138),
	(5004,1223,4139),
	(5026,1224,3721),
	(5033,1224,3741),
	(5034,1224,3742),
	(5022,1224,3744),
	(5023,1224,3745),
	(5024,1224,3746),
	(5027,1224,3787),
	(5028,1224,3788),
	(5029,1224,3789),
	(5030,1224,3790),
	(5031,1224,3791),
	(5025,1224,3819),
	(5032,1224,4140),
	(5035,1225,3814),
	(5036,1225,3815),
	(5037,1225,4141),
	(5038,1225,4142),
	(5039,1225,4143),
	(5040,1225,4144),
	(5045,1226,3721),
	(5051,1226,3741),
	(5052,1226,3742),
	(5042,1226,3744),
	(5044,1226,3745),
	(5043,1226,3746),
	(5041,1226,3776),
	(5050,1226,3793),
	(5049,1226,3831),
	(5048,1226,4137),
	(5046,1226,4138),
	(5047,1226,4145),
	(5066,1227,3738),
	(5053,1227,3811),
	(5054,1227,3812),
	(5055,1227,3813),
	(5056,1227,3814),
	(5057,1227,3815),
	(5060,1227,3821),
	(5061,1227,3822),
	(5062,1227,3829),
	(5063,1227,3830),
	(5064,1227,3831),
	(5065,1227,3930),
	(5058,1227,4137),
	(5059,1227,4138),
	(5087,1229,3721),
	(5081,1229,3744),
	(5085,1229,3750),
	(5092,1229,3765),
	(5083,1229,3812),
	(5084,1229,3813),
	(5091,1229,3814),
	(5086,1229,3815),
	(5088,1229,3851),
	(5089,1229,3885),
	(5082,1229,3907),
	(5090,1229,3983),
	(5093,1229,4059),
	(5096,1230,3715),
	(5098,1230,3718),
	(5099,1230,3719),
	(5100,1230,3720),
	(5101,1230,3721),
	(5106,1230,3731),
	(5109,1230,3739),
	(5094,1230,3744),
	(5108,1230,3764),
	(5095,1230,3777),
	(5107,1230,3795),
	(5102,1230,3851),
	(5103,1230,3885),
	(5097,1230,3941),
	(5104,1230,4146),
	(5105,1230,4147),
	(5110,1231,3716),
	(5111,1231,3717),
	(5112,1231,3718),
	(5113,1231,3719),
	(5114,1231,3720),
	(5115,1231,3721),
	(5116,1231,3729),
	(5117,1231,3741),
	(5118,1231,3742),
	(5119,1231,3744),
	(5120,1231,3745),
	(5121,1231,3746),
	(5128,1231,3775),
	(5129,1231,3811),
	(5130,1231,3814),
	(5131,1231,3819),
	(5122,1231,4141),
	(5123,1231,4142),
	(5124,1231,4148),
	(5125,1231,4149),
	(5126,1231,4150),
	(5127,1231,4151),
	(5135,1232,3733),
	(5136,1232,3734),
	(5137,1232,3735),
	(5138,1232,3737),
	(5139,1232,3740),
	(5140,1232,3744),
	(5141,1232,3745),
	(5142,1232,3746),
	(5143,1232,3753),
	(5148,1232,3775),
	(5150,1232,3812),
	(5151,1232,3813),
	(5152,1232,3814),
	(5153,1232,3819),
	(5154,1232,3820),
	(5132,1232,3844),
	(5133,1232,3846),
	(5134,1232,3847),
	(5149,1232,3931),
	(5144,1232,4152),
	(5145,1232,4153),
	(5146,1232,4154),
	(5147,1232,4155),
	(5158,1233,3717),
	(5159,1233,3718),
	(5160,1233,3719),
	(5161,1233,3720),
	(5162,1233,3721),
	(5166,1233,3739),
	(5167,1233,3741),
	(5168,1233,3742),
	(5155,1233,3744),
	(5156,1233,3745),
	(5157,1233,3746),
	(5164,1233,3795),
	(5163,1233,3819),
	(5165,1233,3926),
	(5175,1234,3721),
	(5176,1234,3722),
	(5177,1234,3723),
	(5169,1234,3744),
	(5173,1234,3750),
	(5182,1234,3765),
	(5178,1234,3793),
	(5171,1234,3812),
	(5172,1234,3813),
	(5180,1234,3814),
	(5174,1234,3815),
	(5170,1234,3907),
	(5179,1234,3925),
	(5181,1234,3931),
	(5186,1235,3716),
	(5187,1235,3717),
	(5188,1235,3718),
	(5189,1235,3719),
	(5190,1235,3720),
	(5191,1235,3721),
	(5194,1235,3729),
	(5198,1235,3741),
	(5199,1235,3742),
	(5184,1235,3744),
	(5197,1235,3745),
	(5185,1235,3746),
	(5193,1235,3775),
	(5183,1235,3776),
	(5195,1235,3812),
	(5200,1235,3813),
	(5192,1235,3814),
	(5196,1235,3931),
	(5222,1237,3721),
	(5226,1237,3741),
	(5227,1237,3742),
	(5220,1237,3751),
	(5221,1237,3752),
	(5224,1237,3764),
	(5219,1237,3776),
	(5223,1237,3793),
	(5225,1237,4156),
	(5230,1238,3721),
	(5231,1238,3741),
	(5233,1238,3742),
	(5229,1238,3744),
	(5228,1238,3776),
	(5232,1238,3793),
	(5234,1238,4157),
	(5235,1238,4158),
	(5236,1238,4159),
	(5239,1239,3721),
	(5241,1239,3741),
	(5242,1239,3742),
	(5238,1239,3752),
	(5237,1239,3777),
	(5240,1239,3819),
	(5254,1240,3729),
	(5256,1240,3733),
	(5257,1240,3734),
	(5258,1240,3735),
	(5259,1240,3736),
	(5262,1240,3740),
	(5243,1240,3744),
	(5244,1240,3745),
	(5245,1240,3746),
	(5250,1240,3753),
	(5255,1240,3795),
	(5253,1240,3812),
	(5247,1240,3813),
	(5260,1240,3814),
	(5251,1240,3819),
	(5252,1240,3820),
	(5246,1240,3844),
	(5248,1240,3846),
	(5249,1240,3847),
	(5261,1240,3931),
	(5286,1242,3721),
	(5297,1242,3741),
	(5295,1242,3742),
	(5281,1242,3744),
	(5282,1242,3745),
	(5283,1242,3746),
	(5287,1242,3787),
	(5288,1242,3788),
	(5289,1242,3789),
	(5290,1242,3790),
	(5291,1242,3791),
	(5284,1242,3819),
	(5298,1242,3838),
	(5294,1242,3998),
	(5296,1242,3999),
	(5293,1242,4000),
	(5285,1242,4001),
	(5299,1242,4002),
	(5292,1242,4140),
	(5335,1245,3717),
	(5336,1245,3718),
	(5337,1245,3719),
	(5338,1245,3720),
	(5339,1245,3721),
	(5347,1245,3739),
	(5348,1245,3741),
	(5349,1245,3742),
	(5333,1245,3744),
	(5346,1245,3745),
	(5334,1245,3746),
	(5332,1245,3776),
	(5340,1245,3787),
	(5341,1245,3788),
	(5342,1245,3789),
	(5343,1245,3790),
	(5344,1245,3791),
	(5345,1245,3795),
	(5372,1247,3722),
	(5380,1247,3741),
	(5381,1247,3742),
	(5377,1247,3744),
	(5370,1247,3745),
	(5366,1247,3746),
	(5379,1247,3776),
	(5375,1247,3794),
	(5367,1247,3812),
	(5368,1247,3813),
	(5369,1247,3814),
	(5373,1247,3815),
	(5371,1247,3816),
	(5376,1247,3827),
	(5378,1247,3931),
	(5365,1247,3937),
	(5374,1247,3982),
	(5364,1247,4160),
	(5422,1250,3721),
	(5423,1250,3722),
	(5424,1250,3723),
	(5416,1250,3744),
	(5420,1250,3750),
	(5426,1250,3765),
	(5425,1250,3793),
	(5418,1250,3812),
	(5419,1250,3813),
	(5428,1250,3814),
	(5421,1250,3815),
	(5427,1250,3896),
	(5417,1250,3907),
	(5429,1250,3931),
	(5448,1252,3718),
	(5449,1252,3719),
	(5450,1252,3720),
	(5451,1252,3721),
	(5452,1252,3722),
	(5453,1252,3723),
	(5456,1252,3731),
	(5459,1252,3739),
	(5444,1252,3744),
	(5447,1252,3750),
	(5460,1252,3765),
	(5458,1252,3795),
	(5446,1252,3812),
	(5462,1252,3813),
	(5455,1252,3814),
	(5454,1252,3815),
	(5445,1252,3907),
	(5457,1252,3925),
	(5461,1252,3931),
	(5464,1253,3718),
	(5465,1253,3719),
	(5466,1253,3720),
	(5467,1253,3721),
	(5472,1253,3731),
	(5474,1253,3739),
	(5473,1253,3795),
	(5468,1253,3851),
	(5469,1253,3885),
	(5470,1253,3886),
	(5463,1253,3941),
	(5471,1253,4147),
	(5480,1254,3721),
	(5486,1254,3741),
	(5487,1254,3742),
	(5476,1254,3744),
	(5479,1254,3745),
	(5477,1254,3746),
	(5475,1254,3776),
	(5483,1254,3790),
	(5484,1254,3793),
	(5485,1254,4137),
	(5481,1254,4138),
	(5478,1254,4161),
	(5482,1254,4162),
	(5490,1255,3729),
	(5488,1255,3813),
	(5489,1255,3814),
	(5491,1255,4020),
	(5492,1255,4149),
	(5493,1255,4150),
	(5494,1255,4151),
	(5502,1256,3721),
	(5505,1256,3741),
	(5506,1256,3742),
	(5495,1256,3744),
	(5496,1256,3745),
	(5497,1256,3746),
	(5498,1256,3812),
	(5499,1256,3813),
	(5500,1256,3814),
	(5501,1256,3815),
	(5503,1256,3819),
	(5504,1256,3931),
	(5524,1258,3721),
	(5521,1258,3744),
	(5523,1258,3750),
	(5522,1258,3777),
	(5528,1258,3793),
	(5525,1258,3851),
	(5526,1258,3885),
	(5527,1258,3983),
	(5545,1260,3814),
	(5546,1260,3815),
	(5547,1260,4141),
	(5548,1260,4142),
	(5549,1260,4143),
	(5550,1260,4144),
	(5543,1260,4164),
	(5544,1260,4165),
	(5551,1260,4166),
	(5554,1261,3814),
	(5555,1261,3815),
	(5556,1261,4141),
	(5557,1261,4142),
	(5558,1261,4143),
	(5559,1261,4144),
	(5552,1261,4164),
	(5553,1261,4165),
	(5589,1263,3729),
	(5588,1263,3735),
	(5584,1263,3737),
	(5592,1263,3741),
	(5593,1263,3742),
	(5577,1263,3744),
	(5583,1263,3745),
	(5578,1263,3746),
	(5591,1263,3775),
	(5586,1263,3789),
	(5576,1263,3808),
	(5579,1263,3811),
	(5590,1263,3812),
	(5594,1263,3813),
	(5587,1263,3814),
	(5585,1263,3819),
	(5580,1263,3844),
	(5581,1263,3845),
	(5582,1263,3846),
	(5616,1265,3788),
	(5619,1265,3789),
	(5621,1265,3790),
	(5624,1265,3791),
	(5613,1265,3814),
	(5614,1265,3815),
	(5623,1265,3834),
	(5625,1265,3997),
	(5620,1265,4140),
	(5617,1265,4141),
	(5618,1265,4142),
	(5622,1265,4151),
	(5615,1265,4169),
	(5627,1266,3716),
	(5628,1266,3717),
	(5629,1266,3718),
	(5630,1266,3719),
	(5631,1266,3720),
	(5632,1266,3721),
	(5633,1266,3722),
	(5626,1266,3723),
	(5635,1266,3724),
	(5636,1266,3725),
	(5637,1266,3726),
	(5639,1266,3775),
	(5638,1266,4170),
	(5634,1266,4171),
	(5642,1267,3726),
	(5640,1267,4172),
	(5641,1267,4173),
	(5643,1268,3716),
	(5644,1268,3717),
	(5645,1268,3718),
	(5646,1268,3719),
	(5647,1268,3720),
	(5648,1268,3721),
	(5649,1268,3722),
	(5650,1268,3723),
	(5653,1268,3748),
	(5656,1268,3749),
	(5651,1268,3750),
	(5652,1268,3795),
	(5654,1268,3962),
	(5655,1268,4156),
	(5659,1269,3718),
	(5660,1269,3719),
	(5661,1269,3720),
	(5662,1269,3721),
	(5663,1269,3722),
	(5664,1269,3723),
	(5667,1269,3731),
	(5669,1269,3739),
	(5657,1269,3748),
	(5658,1269,3749),
	(5668,1269,3795),
	(5665,1269,4174),
	(5666,1269,4175),
	(5673,1270,3717),
	(5674,1270,3718),
	(5675,1270,3719),
	(5676,1270,3720),
	(5677,1270,3721),
	(5678,1270,3723),
	(5683,1270,3739),
	(5670,1270,3744),
	(5672,1270,3748),
	(5684,1270,3749),
	(5680,1270,3750),
	(5682,1270,3765),
	(5681,1270,3795),
	(5671,1270,3851),
	(5679,1270,3885),
	(5689,1271,3726),
	(5690,1271,3727),
	(5685,1271,3728),
	(5686,1271,3729),
	(5694,1271,3990),
	(5695,1271,3991),
	(5696,1271,3992),
	(5687,1271,4172),
	(5688,1271,4173),
	(5691,1271,4176),
	(5692,1271,4177),
	(5693,1271,4178),
	(5697,1272,3716),
	(5698,1272,3717),
	(5699,1272,3718),
	(5700,1272,3719),
	(5701,1272,3720),
	(5702,1272,3721),
	(5703,1272,3722),
	(5704,1272,3723),
	(5705,1272,3724),
	(5706,1272,3725),
	(5707,1272,3726),
	(5710,1272,3775),
	(5709,1272,4172),
	(5708,1272,4173),
	(5711,1273,3716),
	(5712,1273,3717),
	(5713,1273,3718),
	(5714,1273,3719),
	(5715,1273,3720),
	(5716,1273,3721),
	(5717,1273,3722),
	(5718,1273,3723),
	(5719,1273,3724),
	(5720,1273,3725),
	(5721,1273,3726),
	(5722,1273,3727),
	(5723,1273,3795),
	(5724,1273,4154),
	(5725,1273,4155),
	(5728,1274,3726),
	(5729,1274,3727),
	(5726,1274,3969),
	(5727,1274,3970),
	(5732,1275,3718),
	(5733,1275,3719),
	(5734,1275,3720),
	(5735,1275,3721),
	(5736,1275,3722),
	(5737,1275,3723),
	(5738,1275,3724),
	(5739,1275,3725),
	(5740,1275,3726),
	(5741,1275,3727),
	(5743,1275,3731),
	(5744,1275,3739),
	(5745,1275,3775),
	(5742,1275,3794),
	(5730,1275,3969),
	(5731,1275,3970),
	(5755,1276,3726),
	(5756,1276,3727),
	(5757,1276,3728),
	(5758,1276,3729),
	(5746,1276,3971),
	(5747,1276,3972),
	(5748,1276,3973),
	(5749,1276,3974),
	(5750,1276,3975),
	(5751,1276,3976),
	(5752,1276,3977),
	(5753,1276,4172),
	(5754,1276,4173),
	(5764,1277,3825),
	(5765,1277,3826),
	(5759,1277,3937),
	(5760,1277,3944),
	(5761,1277,3945),
	(5762,1277,4015),
	(5763,1277,4016),
	(5772,1277,4028),
	(5766,1277,4179),
	(5767,1277,4180),
	(5768,1277,4181),
	(5769,1277,4182),
	(5770,1277,4183),
	(5771,1277,4184),
	(5773,1278,3937),
	(5775,1278,3944),
	(5776,1278,3945),
	(5777,1278,4015),
	(5778,1278,4016),
	(5779,1278,4017),
	(5780,1278,4018),
	(5774,1278,4132),
	(5781,1278,4185),
	(5782,1278,4186),
	(5783,1279,3825),
	(5784,1279,3944),
	(5785,1279,3945),
	(5786,1279,4015),
	(5787,1279,4016),
	(5788,1279,4017),
	(5789,1279,4018),
	(5790,1279,4185),
	(5791,1279,4187),
	(5792,1279,4188),
	(5793,1279,4189),
	(5794,1279,4190),
	(5803,1280,3739),
	(5807,1280,3775),
	(5804,1280,3932),
	(5805,1280,3933),
	(5806,1280,3934),
	(5796,1280,3935),
	(5795,1280,3936),
	(5797,1280,3944),
	(5798,1280,3945),
	(5799,1280,4015),
	(5800,1280,4016),
	(5801,1280,4017),
	(5802,1280,4018),
	(5810,1281,3739),
	(5817,1281,3775),
	(5818,1281,3932),
	(5819,1281,3933),
	(5820,1281,3934),
	(5809,1281,3935),
	(5808,1281,3936),
	(5811,1281,3944),
	(5812,1281,3945),
	(5816,1281,3958),
	(5813,1281,4015),
	(5814,1281,4016),
	(5815,1281,4017),
	(5821,1281,4191),
	(5830,1282,3739),
	(5834,1282,3775),
	(5831,1282,3932),
	(5832,1282,3933),
	(5833,1282,3934),
	(5823,1282,3935),
	(5822,1282,3936),
	(5824,1282,3944),
	(5825,1282,3945),
	(5829,1282,3958),
	(5826,1282,4015),
	(5827,1282,4016),
	(5828,1282,4017),
	(5843,1283,3739),
	(5847,1283,3775),
	(5844,1283,3932),
	(5845,1283,3933),
	(5846,1283,3934),
	(5836,1283,3935),
	(5835,1283,3936),
	(5837,1283,3944),
	(5838,1283,3945),
	(5842,1283,3958),
	(5839,1283,4015),
	(5840,1283,4016),
	(5841,1283,4017),
	(5856,1284,3739),
	(5860,1284,3775),
	(5857,1284,3932),
	(5858,1284,3933),
	(5859,1284,3934),
	(5849,1284,3935),
	(5848,1284,3936),
	(5850,1284,3944),
	(5851,1284,3945),
	(5852,1284,4015),
	(5853,1284,4016),
	(5854,1284,4017),
	(5855,1284,4018),
	(5861,1285,3716),
	(5862,1285,3717),
	(5863,1285,3718),
	(5864,1285,3719),
	(5865,1285,3720),
	(5866,1285,3721),
	(5867,1285,3722),
	(5871,1285,3795),
	(5874,1285,3901),
	(5875,1285,3902),
	(5868,1285,3951),
	(5872,1285,3961),
	(5873,1285,3987),
	(5869,1285,4017),
	(5870,1285,4018),
	(5884,1286,4018),
	(5885,1286,4185),
	(5876,1286,4192),
	(5877,1286,4193),
	(5878,1286,4194),
	(5879,1286,4195),
	(5880,1286,4196),
	(5881,1286,4197),
	(5882,1286,4198),
	(5883,1286,4199),
	(5888,1287,3721),
	(5889,1287,3722),
	(5895,1287,3901),
	(5891,1287,3956),
	(5894,1287,3961),
	(5890,1287,3987),
	(5886,1287,4039),
	(5887,1287,4200),
	(5893,1287,4201),
	(5892,1287,4202),
	(5896,1288,3946),
	(5900,1288,4018),
	(5901,1288,4184),
	(5897,1288,4203),
	(5898,1288,4204),
	(5899,1288,4205),
	(5902,1289,3721),
	(5903,1289,3722),
	(5911,1289,3901),
	(5912,1289,3902),
	(5904,1289,3951),
	(5908,1289,3961),
	(5907,1289,3987),
	(5905,1289,4017),
	(5906,1289,4018),
	(5909,1289,4185),
	(5910,1289,4186),
	(5914,1290,3721),
	(5915,1290,3722),
	(5913,1290,3793),
	(5924,1290,3901),
	(5916,1290,3950),
	(5920,1290,3956),
	(5921,1290,3957),
	(5922,1290,3958),
	(5923,1290,3961),
	(5919,1290,3987),
	(5917,1290,4017),
	(5918,1290,4018),
	(5929,1291,4018),
	(5935,1291,4185),
	(5925,1291,4192),
	(5926,1291,4193),
	(5927,1291,4194),
	(5928,1291,4195),
	(5930,1291,4206),
	(5931,1291,4207),
	(5932,1291,4208),
	(5933,1291,4209),
	(5934,1291,4210),
	(5939,1292,3722),
	(5943,1292,3734),
	(5944,1292,3735),
	(5938,1292,3737),
	(5936,1292,3808),
	(5946,1292,3901),
	(5947,1292,3902),
	(5945,1292,3961),
	(5942,1292,3987),
	(5940,1292,4017),
	(5941,1292,4018),
	(5937,1292,4038),
	(5978,1295,3718),
	(5979,1295,3719),
	(5980,1295,3720),
	(5981,1295,3721),
	(5982,1295,3722),
	(5985,1295,3731),
	(5990,1295,3739),
	(5984,1295,3795),
	(5992,1295,3901),
	(5983,1295,3951),
	(5986,1295,3956),
	(5987,1295,3957),
	(5988,1295,3958),
	(5989,1295,3961),
	(5991,1295,3987),
	(6018,1297,3802),
	(6011,1297,3825),
	(6012,1297,3826),
	(6013,1297,3827),
	(6019,1297,3899),
	(6009,1297,3950),
	(6014,1297,3956),
	(6015,1297,3959),
	(6016,1297,3960),
	(6010,1297,3961),
	(6008,1297,4038),
	(6017,1297,4212),
	(6024,1298,3721),
	(6023,1298,3793),
	(6031,1298,3901),
	(6032,1298,3902),
	(6025,1298,3951),
	(6029,1298,3961),
	(6028,1298,3987),
	(6022,1298,4003),
	(6026,1298,4017),
	(6027,1298,4018),
	(6030,1298,4185),
	(6020,1298,4192),
	(6021,1298,4193),
	(6035,1299,3716),
	(6036,1299,3717),
	(6037,1299,3718),
	(6038,1299,3719),
	(6039,1299,3720),
	(6040,1299,3721),
	(6041,1299,3722),
	(6045,1299,3795),
	(6050,1299,3901),
	(6051,1299,3902),
	(6042,1299,3951),
	(6047,1299,3961),
	(6049,1299,3987),
	(6043,1299,4017),
	(6044,1299,4018),
	(6048,1299,4185),
	(6033,1299,4192),
	(6034,1299,4193),
	(6046,1299,4213),
	(6052,1300,3721),
	(6053,1300,3722),
	(6059,1300,3901),
	(6060,1300,3902),
	(6054,1300,3951),
	(6058,1300,3961),
	(6057,1300,3987),
	(6055,1300,4017),
	(6056,1300,4018),
	(6063,1301,3716),
	(6064,1301,3717),
	(6065,1301,3718),
	(6066,1301,3719),
	(6067,1301,3720),
	(6068,1301,3721),
	(6069,1301,3722),
	(6073,1301,3795),
	(6077,1301,3901),
	(6078,1301,3902),
	(6070,1301,3951),
	(6074,1301,3961),
	(6076,1301,3987),
	(6071,1301,4017),
	(6072,1301,4018),
	(6075,1301,4185),
	(6061,1301,4192),
	(6062,1301,4193),
	(6125,1305,3722),
	(6126,1305,3735),
	(6127,1305,3737),
	(6130,1305,3774),
	(6121,1305,3808),
	(6122,1305,3842),
	(6134,1305,3901),
	(6135,1305,3902),
	(6133,1305,3961),
	(6124,1305,4008),
	(6128,1305,4017),
	(6129,1305,4018),
	(6123,1305,4038),
	(6132,1305,4185),
	(6131,1305,4214),
	(6136,1306,3716),
	(6137,1306,3717),
	(6138,1306,3718),
	(6139,1306,3719),
	(6140,1306,3720),
	(6141,1306,3721),
	(6142,1306,3722),
	(6145,1306,3795),
	(6151,1306,3901),
	(6152,1306,3902),
	(6146,1306,3961),
	(6150,1306,3987),
	(6143,1306,4017),
	(6144,1306,4018),
	(6147,1306,4038),
	(6148,1306,4185),
	(6149,1306,4187),
	(6155,1307,3721),
	(6156,1307,3722),
	(6154,1307,3793),
	(6163,1307,3901),
	(6164,1307,3902),
	(6160,1307,3961),
	(6159,1307,3987),
	(6157,1307,4017),
	(6158,1307,4018),
	(6153,1307,4038),
	(6161,1307,4185),
	(6162,1307,4187),
	(6168,1308,3716),
	(6169,1308,3717),
	(6170,1308,3718),
	(6171,1308,3719),
	(6172,1308,3720),
	(6173,1308,3721),
	(6174,1308,3722),
	(6178,1308,3795),
	(6183,1308,3901),
	(6184,1308,3902),
	(6175,1308,3961),
	(6182,1308,3987),
	(6176,1308,4017),
	(6177,1308,4018),
	(6180,1308,4038),
	(6181,1308,4185),
	(6165,1308,4192),
	(6166,1308,4193),
	(6167,1308,4194),
	(6179,1308,4215),
	(6186,1309,3729),
	(6187,1309,3990),
	(6188,1309,3991),
	(6189,1309,3992),
	(6185,1309,4176),
	(6190,1309,4216),
	(6194,1310,3729),
	(6192,1310,3971),
	(6193,1310,3972),
	(6195,1310,4217),
	(6196,1310,4218),
	(6197,1310,4219),
	(6198,1310,4220),
	(6199,1310,4221),
	(6200,1310,4222),
	(6201,1310,4223),
	(6191,1310,4224),
	(6205,1311,3729),
	(6203,1311,3971),
	(6204,1311,3972),
	(6206,1311,4217),
	(6207,1311,4218),
	(6208,1311,4219),
	(6209,1311,4220),
	(6210,1311,4221),
	(6202,1311,4225),
	(6212,1312,3729),
	(6214,1312,3990),
	(6215,1312,3991),
	(6211,1312,3992),
	(6213,1312,4176),
	(6222,1313,3729),
	(6217,1313,3971),
	(6218,1313,3972),
	(6219,1313,3973),
	(6225,1313,4221),
	(6226,1313,4222),
	(6216,1313,4226),
	(6223,1313,4227),
	(6224,1313,4228),
	(6227,1313,4229),
	(6220,1313,4230),
	(6221,1313,4231),
	(6229,1314,3716),
	(6230,1314,3717),
	(6231,1314,3718),
	(6232,1314,3719),
	(6233,1314,3720),
	(6234,1314,3721),
	(6235,1314,3722),
	(6228,1314,3723),
	(6237,1314,3724),
	(6238,1314,3725),
	(6239,1314,3726),
	(6244,1314,3775),
	(6242,1314,3964),
	(6240,1314,4232),
	(6241,1314,4233),
	(6243,1314,4234),
	(6236,1314,4235),
	(6245,1315,3729),
	(6246,1315,3962),
	(6247,1315,3963),
	(6249,1315,3964),
	(6248,1315,4236),
	(6250,1316,3712),
	(6251,1316,3713),
	(6252,1316,3714),
	(6253,1316,3715),
	(6254,1316,3766),
	(6255,1316,3767),
	(6256,1316,3768),
	(6257,1316,3769),
	(6258,1316,3770),
	(6259,1316,3771),
	(6260,1316,3772),
	(6261,1316,3773),
	(6262,1316,3775),
	(6269,1317,3709),
	(6267,1317,3711),
	(6264,1317,3713),
	(6268,1317,3714),
	(6272,1317,3715),
	(6271,1317,3730),
	(6276,1317,3739),
	(6274,1317,3766),
	(6265,1317,3778),
	(6266,1317,3779),
	(6273,1317,3796),
	(6270,1317,3825),
	(6275,1317,3826),
	(6277,1317,3932),
	(6278,1317,3933),
	(6279,1317,3934),
	(6280,1317,3935),
	(6263,1317,3936),
	(6284,1318,3709),
	(6291,1318,3710),
	(6292,1318,3711),
	(6281,1318,3714),
	(6282,1318,3715),
	(6289,1318,3775),
	(6285,1318,3779),
	(6286,1318,3796),
	(6287,1318,3797),
	(6288,1318,3798),
	(6290,1318,4061),
	(6283,1318,4237),
	(6300,1319,3709),
	(6299,1319,3711),
	(6293,1319,3713),
	(6294,1319,3730),
	(6297,1319,3795),
	(6298,1319,3796),
	(6296,1319,3922),
	(6301,1319,4083),
	(6295,1319,4238),
	(6317,1320,3709),
	(6316,1320,3711),
	(6303,1320,3714),
	(6304,1320,3715),
	(6307,1320,3730),
	(6306,1320,3775),
	(6315,1320,3779),
	(6313,1320,3796),
	(6314,1320,3797),
	(6305,1320,3798),
	(6318,1320,4061),
	(6319,1320,4062),
	(6320,1320,4063),
	(6302,1320,4064),
	(6308,1320,4239),
	(6309,1320,4240),
	(6310,1320,4241),
	(6311,1320,4242),
	(6312,1320,4243),
	(6324,1321,3711),
	(6321,1321,3713),
	(6322,1321,3714),
	(6323,1321,3715),
	(6330,1321,3775),
	(6325,1321,3796),
	(6326,1321,4121),
	(6327,1321,4122),
	(6328,1321,4123),
	(6329,1321,4124),
	(6335,1322,3709),
	(6331,1322,3710),
	(6334,1322,3711),
	(6336,1322,3779),
	(6332,1322,3843),
	(6333,1322,4061),
	(6344,1322,4062),
	(6342,1322,4063),
	(6343,1322,4093),
	(6345,1322,4095),
	(6337,1322,4244),
	(6338,1322,4245),
	(6339,1322,4246),
	(6340,1322,4247),
	(6341,1322,4248),
	(6357,1323,3709),
	(6358,1323,3710),
	(6359,1323,3711),
	(6346,1323,3779),
	(6353,1323,3796),
	(6354,1323,3797),
	(6355,1323,3798),
	(6352,1323,4061),
	(6348,1323,4062),
	(6350,1323,4077),
	(6351,1323,4078),
	(6349,1323,4105),
	(6356,1323,4123),
	(6347,1323,4134),
	(6387,1325,3711),
	(6379,1325,3713),
	(6377,1325,3714),
	(6378,1325,3715),
	(6383,1325,3739),
	(6381,1325,3796),
	(6384,1325,3932),
	(6385,1325,3933),
	(6386,1325,3934),
	(6380,1325,3935),
	(6375,1325,3936),
	(6376,1325,3937),
	(6382,1325,4249),
	(6399,1326,3709),
	(6396,1326,3710),
	(6398,1326,3711),
	(6389,1326,3779),
	(6397,1326,3843),
	(6390,1326,4061),
	(6400,1326,4062),
	(6401,1326,4063),
	(6388,1326,4064),
	(6391,1326,4239),
	(6392,1326,4240),
	(6393,1326,4241),
	(6394,1326,4242),
	(6395,1326,4243),
	(6405,1327,3711),
	(6402,1327,3713),
	(6403,1327,3714),
	(6404,1327,3715),
	(6411,1327,3775),
	(6406,1327,3796),
	(6407,1327,4121),
	(6408,1327,4122),
	(6409,1327,4123),
	(6410,1327,4124),
	(6417,1328,3709),
	(6418,1328,3710),
	(6416,1328,3711),
	(6412,1328,3713),
	(6419,1328,3775),
	(6415,1328,3796),
	(6414,1328,4083),
	(6413,1328,4238),
	(6428,1329,3709),
	(6429,1329,3710),
	(6430,1329,3711),
	(6420,1329,3766),
	(6424,1329,3767),
	(6425,1329,3768),
	(6426,1329,3769),
	(6427,1329,3770),
	(6421,1329,3796),
	(6422,1329,3797),
	(6423,1329,3798),
	(6435,1330,3709),
	(6433,1330,3710),
	(6434,1330,3711),
	(6432,1330,3779),
	(6436,1330,3796),
	(6437,1330,3797),
	(6438,1330,3798),
	(6441,1330,4061),
	(6442,1330,4062),
	(6443,1330,4063),
	(6431,1330,4064),
	(6439,1330,4250),
	(6440,1330,4251),
	(6454,1331,3711),
	(6444,1331,3713),
	(6445,1331,3714),
	(6446,1331,3715),
	(6448,1331,3795),
	(6449,1331,3796),
	(6453,1331,4092),
	(6450,1331,4121),
	(6451,1331,4122),
	(6452,1331,4123),
	(6447,1331,4134),
	(6456,1332,3785),
	(6457,1332,3798),
	(6455,1332,3872),
	(6459,1332,4089),
	(6460,1332,4091),
	(6458,1332,4248),
	(6461,1332,4252),
	(6462,1332,4253),
	(6463,1332,4254),
	(6470,1333,4098),
	(6471,1333,4099),
	(6468,1333,4100),
	(6474,1333,4101),
	(6467,1333,4163),
	(6472,1333,4248),
	(6473,1333,4255),
	(6464,1333,4256),
	(6465,1333,4257),
	(6466,1333,4258),
	(6469,1333,4259),
	(6476,1334,3714),
	(6477,1334,3715),
	(6490,1334,3741),
	(6481,1334,3785),
	(6484,1334,3795),
	(6485,1334,3798),
	(6475,1334,3872),
	(6482,1334,3938),
	(6487,1334,4089),
	(6488,1334,4091),
	(6486,1334,4248),
	(6489,1334,4252),
	(6483,1334,4253),
	(6491,1334,4254),
	(6478,1334,4260),
	(6479,1334,4261),
	(6480,1334,4262),
	(6494,1335,3714),
	(6495,1335,3715),
	(6499,1335,3775),
	(6498,1335,3785),
	(6500,1335,3798),
	(6492,1335,3872),
	(6502,1335,4089),
	(6503,1335,4091),
	(6501,1335,4248),
	(6504,1335,4252),
	(6505,1335,4253),
	(6506,1335,4254),
	(6507,1335,4255),
	(6493,1335,4256),
	(6496,1335,4263),
	(6497,1335,4264),
	(6509,1336,3714),
	(6510,1336,3715),
	(6514,1336,3775),
	(6511,1336,3785),
	(6512,1336,3798),
	(6508,1336,3872),
	(6513,1336,4089),
	(6533,1338,3714),
	(6534,1338,3715),
	(6542,1338,3775),
	(6536,1338,3785),
	(6543,1338,3798),
	(6531,1338,3872),
	(6535,1338,3944),
	(6547,1338,3963),
	(6546,1338,4089),
	(6541,1338,4091),
	(6545,1338,4248),
	(6548,1338,4252),
	(6549,1338,4253),
	(6550,1338,4254),
	(6551,1338,4255),
	(6532,1338,4256),
	(6544,1338,4265),
	(6537,1338,4266),
	(6538,1338,4267),
	(6539,1338,4268),
	(6540,1338,4269),
	(6554,1339,3714),
	(6555,1339,3715),
	(6560,1339,3775),
	(6558,1339,3785),
	(6561,1339,3798),
	(6552,1339,3872),
	(6563,1339,4089),
	(6564,1339,4091),
	(6562,1339,4248),
	(6565,1339,4252),
	(6566,1339,4253),
	(6567,1339,4254),
	(6568,1339,4255),
	(6553,1339,4256),
	(6556,1339,4263),
	(6557,1339,4264),
	(6559,1339,4270),
	(6570,1340,3714),
	(6571,1340,3715),
	(6573,1340,3775),
	(6572,1340,3785),
	(6574,1340,3798),
	(6569,1340,3872),
	(6576,1340,4089),
	(6577,1340,4091),
	(6575,1340,4248),
	(6578,1340,4252),
	(6579,1340,4253),
	(6580,1340,4254),
	(6581,1340,4255),
	(6583,1341,3785),
	(6586,1341,3798),
	(6582,1341,3872),
	(6588,1341,4089),
	(6589,1341,4091),
	(6587,1341,4248),
	(6590,1341,4252),
	(6591,1341,4253),
	(6592,1341,4254),
	(6593,1341,4255),
	(6584,1341,4271),
	(6585,1341,4272),
	(6596,1342,3714),
	(6597,1342,3715),
	(6601,1342,3775),
	(6600,1342,3785),
	(6602,1342,3798),
	(6594,1342,3872),
	(6604,1342,4089),
	(6605,1342,4091),
	(6603,1342,4248),
	(6606,1342,4252),
	(6607,1342,4253),
	(6608,1342,4254),
	(6609,1342,4255),
	(6595,1342,4256),
	(6598,1342,4263),
	(6599,1342,4264),
	(6631,1344,4098),
	(6633,1344,4099),
	(6629,1344,4163),
	(6634,1344,4248),
	(6635,1344,4251),
	(6636,1344,4255),
	(6626,1344,4256),
	(6627,1344,4257),
	(6628,1344,4258),
	(6630,1344,4259),
	(6632,1344,4273),
	(6638,1345,3714),
	(6639,1345,3715),
	(6653,1345,3741),
	(6655,1345,3775),
	(6643,1345,3785),
	(6648,1345,3798),
	(6637,1345,3872),
	(6644,1345,3938),
	(6650,1345,4089),
	(6651,1345,4091),
	(6647,1345,4116),
	(6649,1345,4248),
	(6652,1345,4252),
	(6645,1345,4253),
	(6654,1345,4254),
	(6640,1345,4260),
	(6641,1345,4261),
	(6642,1345,4262),
	(6646,1345,4274),
	(6659,1346,3785),
	(6664,1346,3798),
	(6656,1346,3872),
	(6666,1346,4089),
	(6667,1346,4091),
	(6657,1346,4098),
	(6665,1346,4248),
	(6668,1346,4252),
	(6669,1346,4253),
	(6670,1346,4254),
	(6658,1346,4259),
	(6660,1346,4268),
	(6661,1346,4269),
	(6662,1346,4275),
	(6663,1346,4276),
	(6671,1347,4098),
	(6677,1347,4248),
	(6672,1347,4259),
	(6673,1347,4268),
	(6674,1347,4269),
	(6675,1347,4275),
	(6676,1347,4276),
	(6681,1348,3785),
	(6680,1348,3798),
	(6678,1348,3872),
	(6683,1348,4089),
	(6690,1348,4091),
	(6682,1348,4248),
	(6691,1348,4252),
	(6692,1348,4253),
	(6693,1348,4254),
	(6679,1348,4260),
	(6684,1348,4277),
	(6685,1348,4278),
	(6686,1348,4279),
	(6687,1348,4280),
	(6688,1348,4281),
	(6689,1348,4282),
	(6696,1349,3714),
	(6697,1349,3715),
	(6701,1349,3775),
	(6700,1349,3785),
	(6702,1349,3798),
	(6694,1349,3872),
	(6704,1349,4089),
	(6705,1349,4091),
	(6703,1349,4248),
	(6706,1349,4252),
	(6707,1349,4253),
	(6708,1349,4254),
	(6709,1349,4255),
	(6695,1349,4256),
	(6698,1349,4263),
	(6699,1349,4264),
	(6713,1350,3781),
	(6716,1350,3785),
	(6719,1350,3798),
	(6710,1350,3872),
	(6721,1350,4089),
	(6712,1350,4091),
	(6720,1350,4248),
	(6718,1350,4252),
	(6717,1350,4253),
	(6725,1350,4254),
	(6726,1350,4255),
	(6711,1350,4256),
	(6714,1350,4263),
	(6715,1350,4264),
	(6722,1350,4283),
	(6723,1350,4284),
	(6724,1350,4285),
	(6730,1351,3781),
	(6733,1351,3785),
	(6736,1351,3798),
	(6727,1351,3872),
	(6738,1351,4089),
	(6729,1351,4091),
	(6737,1351,4248),
	(6735,1351,4252),
	(6734,1351,4253),
	(6742,1351,4254),
	(6743,1351,4255),
	(6728,1351,4256),
	(6731,1351,4263),
	(6732,1351,4264),
	(6739,1351,4283),
	(6740,1351,4284),
	(6741,1351,4285),
	(6745,1352,3714),
	(6746,1352,3715),
	(6756,1352,3775),
	(6747,1352,3785),
	(6749,1352,3798),
	(6744,1352,3872),
	(6748,1352,4078),
	(6752,1352,4089),
	(6753,1352,4091),
	(6754,1352,4092),
	(6755,1352,4093),
	(6750,1352,4247),
	(6751,1352,4248),
	(6763,1353,4098),
	(6765,1353,4248),
	(6766,1353,4255),
	(6757,1353,4256),
	(6758,1353,4257),
	(6759,1353,4258),
	(6760,1353,4259),
	(6761,1353,4263),
	(6762,1353,4268),
	(6764,1353,4269),
	(6770,1354,3784),
	(6775,1354,3798),
	(6768,1354,3876),
	(6777,1354,3933),
	(6778,1354,3934),
	(6779,1354,3935),
	(6767,1354,3936),
	(6774,1354,3944),
	(6771,1354,3945),
	(6772,1354,4015),
	(6773,1354,4016),
	(6776,1354,4028),
	(6769,1354,4069),
	(6783,1355,3784),
	(6787,1355,3796),
	(6788,1355,3797),
	(6782,1355,3798),
	(6790,1355,3802),
	(6786,1355,3826),
	(6781,1355,3876),
	(6791,1355,3899),
	(6785,1355,3921),
	(6792,1355,3933),
	(6793,1355,3934),
	(6794,1355,3935),
	(6780,1355,3936),
	(6784,1355,4069),
	(6789,1355,4118),
	(6796,1356,3726),
	(6795,1356,4172),
	(6797,1356,4286),
	(6804,1357,3722),
	(6805,1357,3723),
	(6803,1357,3724),
	(6807,1357,3725),
	(6808,1357,3726),
	(6810,1357,3735),
	(6811,1357,3737),
	(6809,1357,3795),
	(6798,1357,3808),
	(6799,1357,3844),
	(6800,1357,3845),
	(6801,1357,3846),
	(6802,1357,3847),
	(6812,1357,4063),
	(6806,1357,4172),
	(6813,1357,4286),
	(6814,1357,4287),
	(6817,1358,3718),
	(6818,1358,3719),
	(6819,1358,3720),
	(6820,1358,3721),
	(6821,1358,3722),
	(6822,1358,3723),
	(6823,1358,3724),
	(6824,1358,3725),
	(6825,1358,3726),
	(6827,1358,3731),
	(6828,1358,3739),
	(6829,1358,3775),
	(6826,1358,4172),
	(6815,1358,4288),
	(6816,1358,4289),
	(6831,1359,3718),
	(6832,1359,3719),
	(6833,1359,3720),
	(6834,1359,3721),
	(6835,1359,3722),
	(6836,1359,3723),
	(6837,1359,3724),
	(6838,1359,3725),
	(6839,1359,3726),
	(6842,1359,3731),
	(6844,1359,3739),
	(6841,1359,3794),
	(6843,1359,3795),
	(6840,1359,4172),
	(6830,1359,4290),
	(6845,1360,3716),
	(6846,1360,3717),
	(6847,1360,3718),
	(6848,1360,3719),
	(6849,1360,3720),
	(6850,1360,3721),
	(6851,1360,3722),
	(6852,1360,3723),
	(6853,1360,3724),
	(6854,1360,3725),
	(6855,1360,3726),
	(6858,1360,3775),
	(6856,1360,4172),
	(6857,1360,4286),
	(6859,1361,3716),
	(6860,1361,3717),
	(6861,1361,3718),
	(6862,1361,3719),
	(6863,1361,3720),
	(6864,1361,3721),
	(6865,1361,3722),
	(6866,1361,3723),
	(6867,1361,3724),
	(6868,1361,3725),
	(6869,1361,3726),
	(6872,1361,3775),
	(6870,1361,4172),
	(6871,1361,4286);
INSERT INTO `appmodels_route_stages` (`id`, `route_id`, `stage_id`) VALUES
	(6874,1362,3716),
	(6875,1362,3717),
	(6876,1362,3718),
	(6877,1362,3719),
	(6878,1362,3720),
	(6879,1362,3721),
	(6880,1362,3722),
	(6881,1362,3723),
	(6882,1362,3724),
	(6883,1362,3725),
	(6884,1362,3726),
	(6887,1362,3775),
	(6889,1362,4063),
	(6885,1362,4172),
	(6888,1362,4286),
	(6886,1362,4287),
	(6873,1362,4291),
	(6896,1363,3722),
	(6897,1363,3723),
	(6895,1363,3724),
	(6899,1363,3725),
	(6900,1363,3726),
	(6902,1363,3735),
	(6903,1363,3737),
	(6904,1363,3775),
	(6890,1363,3808),
	(6891,1363,3844),
	(6892,1363,3845),
	(6893,1363,3846),
	(6894,1363,3847),
	(6898,1363,4172),
	(6901,1363,4173),
	(6908,1364,3721),
	(6909,1364,3722),
	(6910,1364,3723),
	(6911,1364,3724),
	(6912,1364,3725),
	(6913,1364,3726),
	(6915,1364,3793),
	(6916,1364,4063),
	(6914,1364,4172),
	(6917,1364,4286),
	(6918,1364,4287),
	(6905,1364,4292),
	(6906,1364,4293),
	(6907,1364,4294),
	(6924,1365,3739),
	(6929,1365,3775),
	(6919,1365,3853),
	(6920,1365,3860),
	(6921,1365,3864),
	(6922,1365,3865),
	(6923,1365,3866),
	(6925,1365,3867),
	(6926,1365,4007),
	(6927,1365,4008),
	(6928,1365,4009),
	(6940,1365,4050),
	(6941,1365,4051),
	(6930,1365,4295),
	(6931,1365,4296),
	(6932,1365,4297),
	(6933,1365,4298),
	(6934,1365,4299),
	(6935,1365,4300),
	(6936,1365,4301),
	(6937,1365,4302),
	(6938,1365,4303),
	(6939,1365,4304),
	(6947,1366,3739),
	(6952,1366,3775),
	(6942,1366,3853),
	(6943,1366,3860),
	(6944,1366,3864),
	(6945,1366,3865),
	(6946,1366,3866),
	(6948,1366,3867),
	(6949,1366,4007),
	(6950,1366,4008),
	(6951,1366,4009),
	(6961,1366,4050),
	(6964,1366,4051),
	(6953,1366,4295),
	(6954,1366,4296),
	(6955,1366,4297),
	(6956,1366,4298),
	(6957,1366,4299),
	(6958,1366,4303),
	(6959,1366,4304),
	(6960,1366,4305),
	(6963,1366,4306),
	(6962,1366,4307),
	(6974,1367,4049),
	(6965,1367,4296),
	(6966,1367,4297),
	(6967,1367,4298),
	(6968,1367,4299),
	(6969,1367,4300),
	(6970,1367,4301),
	(6971,1367,4302),
	(6972,1367,4303),
	(6973,1367,4304),
	(6976,1368,3739),
	(6986,1368,3795),
	(6982,1368,3853),
	(6991,1368,3860),
	(6990,1368,3864),
	(6981,1368,3865),
	(6992,1368,3866),
	(6993,1368,3867),
	(6977,1368,4007),
	(6978,1368,4008),
	(6979,1368,4009),
	(6985,1368,4050),
	(6995,1368,4051),
	(6980,1368,4295),
	(6994,1368,4296),
	(6989,1368,4297),
	(6975,1368,4299),
	(6983,1368,4302),
	(6984,1368,4305),
	(6987,1368,4308),
	(6988,1368,4309),
	(6999,1369,4049),
	(6996,1369,4296),
	(6997,1369,4297),
	(6998,1369,4300),
	(7000,1369,4308),
	(7001,1369,4310),
	(7013,1370,3825),
	(7019,1370,3826),
	(7002,1370,3856),
	(7016,1370,3860),
	(7017,1370,3861),
	(7005,1370,4008),
	(7006,1370,4009),
	(7010,1370,4050),
	(7021,1370,4051),
	(7003,1370,4132),
	(7004,1370,4295),
	(7020,1370,4296),
	(7018,1370,4297),
	(7007,1370,4298),
	(7008,1370,4299),
	(7009,1370,4300),
	(7011,1370,4303),
	(7012,1370,4304),
	(7014,1370,4306),
	(7015,1370,4307),
	(7022,1371,4049),
	(7027,1371,4248),
	(7025,1371,4277),
	(7023,1371,4296),
	(7026,1371,4311),
	(7024,1371,4312),
	(7028,1371,4313),
	(7029,1371,4314),
	(7030,1371,4315),
	(7031,1371,4316),
	(7032,1371,4317),
	(7042,1372,3825),
	(7048,1372,3826),
	(7041,1372,3856),
	(7045,1372,3860),
	(7046,1372,3861),
	(7035,1372,4008),
	(7036,1372,4009),
	(7043,1372,4050),
	(7044,1372,4051),
	(7033,1372,4132),
	(7040,1372,4274),
	(7034,1372,4295),
	(7049,1372,4296),
	(7047,1372,4297),
	(7037,1372,4298),
	(7038,1372,4299),
	(7039,1372,4300),
	(7050,1372,4318),
	(7053,1373,3739),
	(7070,1373,3775),
	(7059,1373,3853),
	(7063,1373,3860),
	(7065,1373,3864),
	(7066,1373,3865),
	(7067,1373,3866),
	(7068,1373,3867),
	(7054,1373,4007),
	(7055,1373,4008),
	(7056,1373,4009),
	(7051,1373,4050),
	(7062,1373,4051),
	(7058,1373,4295),
	(7069,1373,4296),
	(7064,1373,4297),
	(7057,1373,4298),
	(7052,1373,4299),
	(7060,1373,4305),
	(7061,1373,4306),
	(7071,1373,4319),
	(7082,1374,3860),
	(7077,1374,4008),
	(7078,1374,4009),
	(7080,1374,4050),
	(7081,1374,4051),
	(7076,1374,4295),
	(7079,1374,4296),
	(7083,1374,4297),
	(7072,1374,4320),
	(7073,1374,4321),
	(7074,1374,4322),
	(7075,1374,4323),
	(7089,1375,4009),
	(7093,1375,4018),
	(7094,1375,4050),
	(7095,1375,4051),
	(7098,1375,4248),
	(7099,1375,4253),
	(7096,1375,4254),
	(7100,1375,4295),
	(7084,1375,4324),
	(7085,1375,4325),
	(7086,1375,4326),
	(7087,1375,4327),
	(7088,1375,4328),
	(7097,1375,4329),
	(7090,1375,4330),
	(7091,1375,4331),
	(7092,1375,4332),
	(7142,1378,4009),
	(7139,1378,4049),
	(7140,1378,4050),
	(7141,1378,4051),
	(7143,1378,4248),
	(7144,1378,4253),
	(7145,1378,4254),
	(7135,1378,4329),
	(7136,1378,4330),
	(7137,1378,4331),
	(7138,1378,4332),
	(7154,1379,3825),
	(7155,1379,3826),
	(7153,1379,3856),
	(7156,1379,3860),
	(7147,1379,4008),
	(7158,1379,4009),
	(7157,1379,4053),
	(7146,1379,4132),
	(7148,1379,4329),
	(7149,1379,4330),
	(7150,1379,4331),
	(7151,1379,4332),
	(7152,1379,4333),
	(7175,1381,3860),
	(7170,1381,4008),
	(7176,1381,4009),
	(7177,1381,4248),
	(7178,1381,4253),
	(7179,1381,4254),
	(7171,1381,4329),
	(7172,1381,4330),
	(7173,1381,4331),
	(7174,1381,4332),
	(7203,1383,3825),
	(7204,1383,3826),
	(7202,1383,3856),
	(7205,1383,3860),
	(7198,1383,4008),
	(7207,1383,4009),
	(7206,1383,4053),
	(7197,1383,4132),
	(7199,1383,4329),
	(7200,1383,4330),
	(7201,1383,4334),
	(7210,1384,3739),
	(7225,1384,3775),
	(7213,1384,3785),
	(7214,1384,3852),
	(7222,1384,3870),
	(7211,1384,3871),
	(7208,1384,3872),
	(7226,1384,4062),
	(7227,1384,4063),
	(7209,1384,4064),
	(7215,1384,4077),
	(7216,1384,4078),
	(7224,1384,4123),
	(7212,1384,4134),
	(7217,1384,4239),
	(7218,1384,4240),
	(7219,1384,4241),
	(7220,1384,4242),
	(7221,1384,4243),
	(7223,1384,4335),
	(7255,1386,3739),
	(7258,1386,3775),
	(7250,1386,3785),
	(7251,1386,3852),
	(7257,1386,3870),
	(7248,1386,3872),
	(7252,1386,4077),
	(7253,1386,4078),
	(7254,1386,4089),
	(7256,1386,4124),
	(7249,1386,4134),
	(7271,1387,3711),
	(7259,1387,3714),
	(7260,1387,3715),
	(7270,1387,3775),
	(7264,1387,3796),
	(7265,1387,3797),
	(7266,1387,3798),
	(7267,1387,4121),
	(7268,1387,4122),
	(7269,1387,4123),
	(7261,1387,4133),
	(7262,1387,4134),
	(7263,1387,4336),
	(7272,1388,3872),
	(7285,1388,4062),
	(7286,1388,4063),
	(7273,1388,4064),
	(7276,1388,4071),
	(7277,1388,4077),
	(7278,1388,4078),
	(7274,1388,4123),
	(7275,1388,4134),
	(7279,1388,4239),
	(7280,1388,4240),
	(7281,1388,4241),
	(7282,1388,4242),
	(7283,1388,4243),
	(7284,1388,4335),
	(7287,1389,3936),
	(7290,1389,4049),
	(7288,1389,4086),
	(7291,1389,4087),
	(7289,1389,4198),
	(7292,1389,4337),
	(7293,1389,4338),
	(7294,1389,4339),
	(7295,1389,4340),
	(7296,1389,4341),
	(7297,1389,4342),
	(7298,1389,4343),
	(7299,1389,4344),
	(7300,1389,4345),
	(7301,1389,4346),
	(7302,1389,4347),
	(7303,1389,4348),
	(7304,1389,4349),
	(7311,1390,3741),
	(7306,1390,3938),
	(7309,1390,4049),
	(7317,1390,4086),
	(7318,1390,4087),
	(7315,1390,4116),
	(7322,1390,4198),
	(7321,1390,4248),
	(7307,1390,4261),
	(7308,1390,4262),
	(7310,1390,4274),
	(7319,1390,4280),
	(7312,1390,4337),
	(7313,1390,4338),
	(7314,1390,4339),
	(7320,1390,4340),
	(7316,1390,4341),
	(7305,1390,4342),
	(7323,1390,4350),
	(7324,1390,4351),
	(7336,1391,3860),
	(7330,1391,4008),
	(7331,1391,4009),
	(7333,1391,4018),
	(7334,1391,4050),
	(7335,1391,4051),
	(7332,1391,4295),
	(7326,1391,4324),
	(7327,1391,4325),
	(7328,1391,4326),
	(7329,1391,4327),
	(7325,1391,4352),
	(7344,1392,4049),
	(7348,1392,4086),
	(7349,1392,4087),
	(7342,1392,4198),
	(7350,1392,4292),
	(7346,1392,4337),
	(7347,1392,4339),
	(7337,1392,4353),
	(7338,1392,4354),
	(7339,1392,4355),
	(7340,1392,4356),
	(7341,1392,4357),
	(7345,1392,4358),
	(7343,1392,4359),
	(7354,1393,4049),
	(7359,1393,4086),
	(7360,1393,4087),
	(7353,1393,4198),
	(7361,1393,4292),
	(7356,1393,4337),
	(7357,1393,4338),
	(7358,1393,4339),
	(7351,1393,4355),
	(7352,1393,4356),
	(7355,1393,4360),
	(7373,1394,3860),
	(7366,1394,4008),
	(7367,1394,4009),
	(7369,1394,4018),
	(7371,1394,4050),
	(7372,1394,4051),
	(7368,1394,4295),
	(7374,1394,4296),
	(7362,1394,4324),
	(7363,1394,4325),
	(7364,1394,4326),
	(7365,1394,4327),
	(7370,1394,4328),
	(7377,1395,3721),
	(7378,1395,3722),
	(7384,1395,3901),
	(7385,1395,3902),
	(7382,1395,3961),
	(7381,1395,3987),
	(7379,1395,4017),
	(7380,1395,4018),
	(7376,1395,4038),
	(7383,1395,4185),
	(7375,1395,4192),
	(7394,1396,3860),
	(7388,1396,4008),
	(7389,1396,4009),
	(7390,1396,4050),
	(7397,1396,4051),
	(7395,1396,4086),
	(7396,1396,4087),
	(7386,1396,4198),
	(7387,1396,4295),
	(7391,1396,4337),
	(7392,1396,4338),
	(7393,1396,4339),
	(7419,1398,3726),
	(7420,1398,3727),
	(7421,1398,3728),
	(7415,1398,3729),
	(7424,1398,3958),
	(7411,1398,3971),
	(7412,1398,3972),
	(7413,1398,3973),
	(7414,1398,3974),
	(7422,1398,4017),
	(7423,1398,4018),
	(7425,1398,4063),
	(7418,1398,4172),
	(7426,1398,4286),
	(7427,1398,4287),
	(7416,1398,4361),
	(7417,1398,4362),
	(7432,1399,3726),
	(7433,1399,3727),
	(7434,1399,3728),
	(7428,1399,3729),
	(7437,1399,3958),
	(7435,1399,4017),
	(7436,1399,4018),
	(7438,1399,4063),
	(7431,1399,4172),
	(7439,1399,4286),
	(7440,1399,4287),
	(7429,1399,4361),
	(7430,1399,4362),
	(7445,1400,3726),
	(7446,1400,3727),
	(7447,1400,3728),
	(7441,1400,3729),
	(7450,1400,3958),
	(7448,1400,4017),
	(7449,1400,4018),
	(7451,1400,4063),
	(7444,1400,4172),
	(7452,1400,4286),
	(7453,1400,4287),
	(7442,1400,4361),
	(7443,1400,4362),
	(7457,1401,3726),
	(7458,1401,3727),
	(7454,1401,3969),
	(7455,1401,3970),
	(7459,1401,4063),
	(7456,1401,4172),
	(7460,1401,4286),
	(7461,1401,4287),
	(7468,1402,3723),
	(7469,1402,3724),
	(7470,1402,3725),
	(7479,1402,3726),
	(7472,1402,3727),
	(7474,1402,3816),
	(7473,1402,3856),
	(7477,1402,3860),
	(7465,1402,3943),
	(7471,1402,3982),
	(7466,1402,4008),
	(7467,1402,4009),
	(7463,1402,4049),
	(7475,1402,4050),
	(7476,1402,4051),
	(7478,1402,4053),
	(7464,1402,4132),
	(7462,1402,4160),
	(7490,1403,3741),
	(7491,1403,3742),
	(7492,1403,3743),
	(7486,1403,3794),
	(7483,1403,3816),
	(7487,1403,3827),
	(7485,1403,3856),
	(7488,1403,3860),
	(7489,1403,3861),
	(7484,1403,3982),
	(7481,1403,4003),
	(7482,1403,4132),
	(7480,1403,4160),
	(7505,1404,3741),
	(7506,1404,3742),
	(7507,1404,3743),
	(7501,1404,3752),
	(7504,1404,3764),
	(7494,1404,3777),
	(7498,1404,3816),
	(7500,1404,3856),
	(7502,1404,3860),
	(7503,1404,3861),
	(7497,1404,3943),
	(7499,1404,3982),
	(7495,1404,4003),
	(7496,1404,4132),
	(7493,1404,4160),
	(7515,1405,3738),
	(7516,1405,3808),
	(7511,1405,3809),
	(7512,1405,3816),
	(7514,1405,3827),
	(7509,1405,3937),
	(7513,1405,3982),
	(7510,1405,4003),
	(7508,1405,4160),
	(7527,1406,3722),
	(7526,1406,3738),
	(7524,1406,3741),
	(7528,1406,3742),
	(7520,1406,3753),
	(7521,1406,3754),
	(7517,1406,3776),
	(7519,1406,3816),
	(7525,1406,3827),
	(7518,1406,3937),
	(7523,1406,3982),
	(7522,1406,4363),
	(7536,1407,3723),
	(7537,1407,3724),
	(7538,1407,3725),
	(7545,1407,3726),
	(7540,1407,3727),
	(7541,1407,3728),
	(7542,1407,3729),
	(7546,1407,3802),
	(7547,1407,3803),
	(7534,1407,3816),
	(7544,1407,3971),
	(7530,1407,3972),
	(7531,1407,3973),
	(7532,1407,3974),
	(7533,1407,3975),
	(7543,1407,3976),
	(7535,1407,3977),
	(7539,1407,3982),
	(7529,1407,4003),
	(7568,1409,3816),
	(7571,1409,3827),
	(7567,1409,3856),
	(7570,1409,3982),
	(7569,1409,4003),
	(7563,1409,4072),
	(7561,1409,4131),
	(7562,1409,4132),
	(7560,1409,4160),
	(7572,1409,4248),
	(7573,1409,4253),
	(7574,1409,4254),
	(7564,1409,4364),
	(7565,1409,4365),
	(7566,1409,4366),
	(7578,1410,3724),
	(7579,1410,3725),
	(7593,1410,3726),
	(7594,1410,3727),
	(7595,1410,3728),
	(7583,1410,3729),
	(7597,1410,3816),
	(7582,1410,3856),
	(7584,1410,3860),
	(7585,1410,3867),
	(7596,1410,3943),
	(7575,1410,3971),
	(7576,1410,3972),
	(7577,1410,3974),
	(7580,1410,3982),
	(7581,1410,3983),
	(7587,1410,4008),
	(7588,1410,4009),
	(7590,1410,4049),
	(7591,1410,4050),
	(7592,1410,4051),
	(7586,1410,4132),
	(7589,1410,4160),
	(7618,1412,3793),
	(7620,1412,3827),
	(7617,1412,3856),
	(7621,1412,3860),
	(7622,1412,3861),
	(7625,1412,3908),
	(7612,1412,3909),
	(7614,1412,4008),
	(7615,1412,4009),
	(7616,1412,4047),
	(7613,1412,4049),
	(7619,1412,4050),
	(7626,1412,4051),
	(7623,1412,4086),
	(7624,1412,4087),
	(7611,1412,4132),
	(7675,1415,3723),
	(7676,1415,3724),
	(7677,1415,3725),
	(7683,1415,3726),
	(7682,1415,3727),
	(7680,1415,3728),
	(7681,1415,3729),
	(7684,1415,3803),
	(7685,1415,3804),
	(7686,1415,3805),
	(7688,1415,3816),
	(7689,1415,3825),
	(7690,1415,3826),
	(7687,1415,3937),
	(7668,1415,3971),
	(7669,1415,3972),
	(7670,1415,3973),
	(7671,1415,3974),
	(7672,1415,3975),
	(7673,1415,3976),
	(7674,1415,3977),
	(7678,1415,3982),
	(7679,1415,4367),
	(7699,1416,3816),
	(7701,1416,3827),
	(7698,1416,3856),
	(7702,1416,3860),
	(7705,1416,3867),
	(7697,1416,3982),
	(7692,1416,4003),
	(7695,1416,4008),
	(7696,1416,4009),
	(7694,1416,4049),
	(7700,1416,4050),
	(7706,1416,4051),
	(7703,1416,4086),
	(7704,1416,4087),
	(7693,1416,4132),
	(7691,1416,4160),
	(7760,1420,3723),
	(7761,1420,3724),
	(7762,1420,3725),
	(7772,1420,3726),
	(7764,1420,3727),
	(7766,1420,3816),
	(7765,1420,3856),
	(7769,1420,3860),
	(7771,1420,3867),
	(7757,1420,3943),
	(7754,1420,3969),
	(7755,1420,3970),
	(7763,1420,3982),
	(7758,1420,4008),
	(7759,1420,4009),
	(7770,1420,4049),
	(7767,1420,4050),
	(7768,1420,4051),
	(7756,1420,4132),
	(7753,1420,4160),
	(7800,1423,3724),
	(7801,1423,3725),
	(7815,1423,3726),
	(7816,1423,3727),
	(7817,1423,3728),
	(7805,1423,3729),
	(7819,1423,3816),
	(7804,1423,3856),
	(7806,1423,3860),
	(7807,1423,3867),
	(7818,1423,3943),
	(7797,1423,3971),
	(7798,1423,3972),
	(7799,1423,3974),
	(7802,1423,3982),
	(7803,1423,3983),
	(7809,1423,4008),
	(7810,1423,4009),
	(7812,1423,4049),
	(7813,1423,4050),
	(7814,1423,4051),
	(7808,1423,4132),
	(7811,1423,4160),
	(7823,1424,3724),
	(7824,1424,3725),
	(7838,1424,3726),
	(7839,1424,3727),
	(7840,1424,3728),
	(7828,1424,3729),
	(7842,1424,3816),
	(7827,1424,3856),
	(7829,1424,3860),
	(7830,1424,3867),
	(7841,1424,3943),
	(7820,1424,3971),
	(7821,1424,3972),
	(7822,1424,3974),
	(7825,1424,3982),
	(7826,1424,3983),
	(7832,1424,4008),
	(7833,1424,4009),
	(7835,1424,4049),
	(7836,1424,4050),
	(7837,1424,4051),
	(7831,1424,4132),
	(7834,1424,4160),
	(7860,1425,3741),
	(7859,1425,3742),
	(7862,1425,3743),
	(7849,1425,3794),
	(7852,1425,3816),
	(7854,1425,3827),
	(7851,1425,3856),
	(7855,1425,3860),
	(7856,1425,3861),
	(7850,1425,3982),
	(7844,1425,4003),
	(7847,1425,4008),
	(7848,1425,4009),
	(7846,1425,4049),
	(7853,1425,4050),
	(7861,1425,4051),
	(7857,1425,4086),
	(7858,1425,4087),
	(7845,1425,4132),
	(7843,1425,4160),
	(7917,1429,3723),
	(7918,1429,3724),
	(7919,1429,3725),
	(7925,1429,3726),
	(7927,1429,3727),
	(7922,1429,3728),
	(7923,1429,3729),
	(7915,1429,3816),
	(7924,1429,3827),
	(7921,1429,3855),
	(7913,1429,3856),
	(7926,1429,3865),
	(7920,1429,3982),
	(7916,1429,4042),
	(7914,1429,4132),
	(7912,1429,4160),
	(7940,1430,3738),
	(7934,1430,3741),
	(7942,1430,3742),
	(7943,1430,3743),
	(7937,1430,3794),
	(7931,1430,3816),
	(7938,1430,3827),
	(7935,1430,3856),
	(7936,1430,3857),
	(7932,1430,3858),
	(7941,1430,3930),
	(7933,1430,3982),
	(7929,1430,4003),
	(7939,1430,4118),
	(7930,1430,4132),
	(7928,1430,4160),
	(7950,1431,3724),
	(7951,1431,3725),
	(7957,1431,3726),
	(7960,1431,3727),
	(7954,1431,3728),
	(7958,1431,3729),
	(7955,1431,3816),
	(7945,1431,3856),
	(7956,1431,3860),
	(7959,1431,3867),
	(7947,1431,3943),
	(7952,1431,3982),
	(7953,1431,3983),
	(7948,1431,4008),
	(7949,1431,4009),
	(7946,1431,4132),
	(7944,1431,4160),
	(7966,1432,3723),
	(7967,1432,3724),
	(7968,1432,3725),
	(7975,1432,3726),
	(7971,1432,3816),
	(7976,1432,3827),
	(7970,1432,3856),
	(7974,1432,3860),
	(7977,1432,3867),
	(7969,1432,3982),
	(7964,1432,4008),
	(7965,1432,4009),
	(7963,1432,4049),
	(7972,1432,4050),
	(7973,1432,4051),
	(7962,1432,4132),
	(7961,1432,4160),
	(8068,1439,3856),
	(8072,1439,3860),
	(8073,1439,3867),
	(8064,1439,3937),
	(8066,1439,4008),
	(8067,1439,4009),
	(8069,1439,4049),
	(8070,1439,4050),
	(8071,1439,4051),
	(8065,1439,4132),
	(8085,1440,3803),
	(8086,1440,3804),
	(8087,1440,3805),
	(8080,1440,3856),
	(8084,1440,3860),
	(8075,1440,3867),
	(8077,1440,3943),
	(8078,1440,4008),
	(8079,1440,4009),
	(8081,1440,4049),
	(8082,1440,4050),
	(8083,1440,4051),
	(8076,1440,4132),
	(8074,1440,4160),
	(8092,1441,3856),
	(8096,1441,3860),
	(8097,1441,3861),
	(8088,1441,3937),
	(8090,1441,4008),
	(8091,1441,4009),
	(8093,1441,4049),
	(8094,1441,4050),
	(8095,1441,4051),
	(8089,1441,4132),
	(8102,1442,3723),
	(8103,1442,3724),
	(8104,1442,3725),
	(8111,1442,3726),
	(8106,1442,3727),
	(8107,1442,3728),
	(8108,1442,3729),
	(8101,1442,3816),
	(8100,1442,3825),
	(8109,1442,3826),
	(8110,1442,3827),
	(8105,1442,3982),
	(8099,1442,4003),
	(8098,1442,4160),
	(8115,1443,3722),
	(8114,1443,3816),
	(8118,1443,3827),
	(8117,1443,3856),
	(8116,1443,3982),
	(8119,1443,4055),
	(8120,1443,4056),
	(8113,1443,4132),
	(8112,1443,4160),
	(8129,1444,3856),
	(8133,1444,3860),
	(8122,1444,3937),
	(8126,1444,4008),
	(8127,1444,4009),
	(8121,1444,4050),
	(8137,1444,4051),
	(8134,1444,4053),
	(8135,1444,4086),
	(8136,1444,4087),
	(8123,1444,4132),
	(8124,1444,4198),
	(8131,1444,4210),
	(8125,1444,4295),
	(8130,1444,4337),
	(8128,1444,4370),
	(8132,1444,4371),
	(8155,1445,3722),
	(8148,1445,3741),
	(8156,1445,3742),
	(8144,1445,3753),
	(8145,1445,3754),
	(8154,1445,3776),
	(8149,1445,3794),
	(8143,1445,3816),
	(8146,1445,3821),
	(8150,1445,3822),
	(8157,1445,3829),
	(8151,1445,3830),
	(8152,1445,3831),
	(8153,1445,3832),
	(8139,1445,3937),
	(8142,1445,3943),
	(8147,1445,3982),
	(8140,1445,4005),
	(8141,1445,4006),
	(8138,1445,4160),
	(8160,1446,3816),
	(8166,1446,3825),
	(8167,1446,3826),
	(8168,1446,3827),
	(8165,1446,3856),
	(8169,1446,3860),
	(8173,1446,3862),
	(8174,1446,3867),
	(8159,1446,4003),
	(8162,1446,4008),
	(8163,1446,4009),
	(8161,1446,4049),
	(8164,1446,4050),
	(8175,1446,4051),
	(8170,1446,4086),
	(8171,1446,4087),
	(8158,1446,4160),
	(8172,1446,4372),
	(8179,1447,3722),
	(8186,1447,3741),
	(8187,1447,3742),
	(8188,1447,3743),
	(8185,1447,3744),
	(8178,1447,3752),
	(8183,1447,3764),
	(8184,1447,3765),
	(8181,1447,3816),
	(8182,1447,3827),
	(8177,1447,3937),
	(8180,1447,3982),
	(8176,1447,4160),
	(8202,1449,3739),
	(8216,1449,3775),
	(8207,1449,3854),
	(8210,1449,3860),
	(8212,1449,3866),
	(8213,1449,3867),
	(8214,1449,3932),
	(8215,1449,3933),
	(8204,1449,4008),
	(8205,1449,4009),
	(8208,1449,4050),
	(8209,1449,4051),
	(8206,1449,4108),
	(8203,1449,4295),
	(8201,1449,4352),
	(8211,1449,4373),
	(8217,1450,3739),
	(8223,1450,3795),
	(8221,1450,3854),
	(8224,1450,3860),
	(8226,1450,3866),
	(8227,1450,3867),
	(8228,1450,3932),
	(8229,1450,3933),
	(8218,1450,4008),
	(8219,1450,4009),
	(8220,1450,4108),
	(8222,1450,4113),
	(8225,1450,4374),
	(8234,1451,3739),
	(8237,1451,3775),
	(8231,1451,3854),
	(8233,1451,3866),
	(8235,1451,3932),
	(8236,1451,3933),
	(8230,1451,4108),
	(8232,1451,4375),
	(8238,1452,3739),
	(8255,1452,3775),
	(8244,1452,3854),
	(8248,1452,3860),
	(8251,1452,3866),
	(8252,1452,3867),
	(8253,1452,3932),
	(8254,1452,3933),
	(8241,1452,4008),
	(8242,1452,4009),
	(8246,1452,4050),
	(8247,1452,4051),
	(8249,1452,4086),
	(8250,1452,4087),
	(8243,1452,4108),
	(8239,1452,4198),
	(8240,1452,4295),
	(8245,1452,4337),
	(8256,1453,3739),
	(8268,1453,3775),
	(8261,1453,3854),
	(8264,1453,3866),
	(8265,1453,3867),
	(8266,1453,3932),
	(8267,1453,3933),
	(8257,1453,4008),
	(8258,1453,4009),
	(8259,1453,4108),
	(8260,1453,4109),
	(8262,1453,4110),
	(8263,1453,4329),
	(8294,1455,3860),
	(8289,1455,4008),
	(8290,1455,4009),
	(8292,1455,4050),
	(8293,1455,4051),
	(8295,1455,4086),
	(8296,1455,4087),
	(8287,1455,4198),
	(8288,1455,4295),
	(8291,1455,4337),
	(8299,1456,3721),
	(8300,1456,3722),
	(8301,1456,3723),
	(8302,1456,3724),
	(8303,1456,3725),
	(8304,1456,3726),
	(8305,1456,3727),
	(8297,1456,3728),
	(8298,1456,3729),
	(8312,1456,3793),
	(8308,1456,3990),
	(8309,1456,3991),
	(8310,1456,3992),
	(8306,1456,4176),
	(8307,1456,4177),
	(8313,1456,4376),
	(8311,1456,4377),
	(8314,1457,3729),
	(8316,1457,3990),
	(8317,1457,3991),
	(8315,1457,4178),
	(8318,1457,4377),
	(8319,1457,4378),
	(8320,1457,4379),
	(8321,1457,4380),
	(8322,1457,4381),
	(8325,1458,3721),
	(8330,1458,3901),
	(8326,1458,3950),
	(8328,1458,3956),
	(8329,1458,3961),
	(8327,1458,3987),
	(8323,1458,4003),
	(8324,1458,4039),
	(8332,1458,4287),
	(8331,1458,4382),
	(8333,1459,3716),
	(8334,1459,3717),
	(8335,1459,3718),
	(8336,1459,3719),
	(8337,1459,3720),
	(8338,1459,3721),
	(8339,1459,3722),
	(8345,1459,3775),
	(8346,1459,3901),
	(8341,1459,3951),
	(8343,1459,3956),
	(8344,1459,3961),
	(8342,1459,3987),
	(8340,1459,4039),
	(8348,1459,4287),
	(8347,1459,4382),
	(8350,1460,3718),
	(8351,1460,3719),
	(8352,1460,3720),
	(8353,1460,3721),
	(8354,1460,3722),
	(8355,1460,3731),
	(8356,1460,3739),
	(8368,1460,3775),
	(8359,1460,3901),
	(8364,1460,3951),
	(8366,1460,3956),
	(8367,1460,3961),
	(8369,1460,3966),
	(8370,1460,3967),
	(8349,1460,3968),
	(8365,1460,3987),
	(8363,1460,4039),
	(8360,1460,4287),
	(8361,1460,4292),
	(8362,1460,4293),
	(8357,1460,4382),
	(8358,1460,4383),
	(8375,1461,3802),
	(8373,1461,3827),
	(8376,1461,3899),
	(8377,1461,3900),
	(8378,1461,3901),
	(8371,1461,3937),
	(8374,1461,3956),
	(8372,1461,4039),
	(8380,1461,4287),
	(8379,1461,4382),
	(8416,1463,3717),
	(8401,1463,3718),
	(8398,1463,3739),
	(8407,1463,3795),
	(8411,1463,3802),
	(8405,1463,3884),
	(8412,1463,3899),
	(8413,1463,3900),
	(8414,1463,3901),
	(8399,1463,3908),
	(8409,1463,3909),
	(8404,1463,3947),
	(8403,1463,3948),
	(8408,1463,3956),
	(8402,1463,4039),
	(8406,1463,4287),
	(8410,1463,4292),
	(8400,1463,4293),
	(8415,1463,4382),
	(8397,1463,4384),
	(8418,1464,3718),
	(8419,1464,3719),
	(8420,1464,3720),
	(8421,1464,3721),
	(8422,1464,3722),
	(8423,1464,3731),
	(8424,1464,3739),
	(8434,1464,3795),
	(8429,1464,3901),
	(8435,1464,3951),
	(8437,1464,3956),
	(8438,1464,3961),
	(8439,1464,3966),
	(8440,1464,3967),
	(8417,1464,3968),
	(8436,1464,3987),
	(8433,1464,4039),
	(8430,1464,4287),
	(8431,1464,4292),
	(8432,1464,4293),
	(8425,1464,4382),
	(8426,1464,4383),
	(8427,1464,4385),
	(8428,1464,4386),
	(8445,1465,3721),
	(8446,1465,3722),
	(8448,1465,3793),
	(8452,1465,3901),
	(8447,1465,3951),
	(8450,1465,3956),
	(8451,1465,3961),
	(8449,1465,3987),
	(8444,1465,4039),
	(8454,1465,4287),
	(8442,1465,4292),
	(8443,1465,4293),
	(8453,1465,4382),
	(8441,1465,4384),
	(8456,1466,3716),
	(8457,1466,3717),
	(8458,1466,3718),
	(8459,1466,3719),
	(8460,1466,3720),
	(8461,1466,3721),
	(8462,1466,3722),
	(8465,1466,3795),
	(8469,1466,3901),
	(8464,1466,3951),
	(8466,1466,3956),
	(8467,1466,3961),
	(8468,1466,3987),
	(8463,1466,4039),
	(8470,1466,4382),
	(8455,1466,4387),
	(8477,1467,3901),
	(8478,1467,3902),
	(8474,1467,3956),
	(8473,1467,4039),
	(8479,1467,4287),
	(8476,1467,4292),
	(8472,1467,4293),
	(8475,1467,4382),
	(8471,1467,4388),
	(8523,1470,3721),
	(8525,1470,3722),
	(8516,1470,3817),
	(8522,1470,3862),
	(8519,1470,3901),
	(8518,1470,3951),
	(8521,1470,3956),
	(8524,1470,3961),
	(8520,1470,3987),
	(8515,1470,4039),
	(8517,1470,4234),
	(8527,1470,4287),
	(8513,1470,4291),
	(8526,1470,4382),
	(8514,1470,4389),
	(8532,1471,3802),
	(8533,1471,3901),
	(8534,1471,3902),
	(8530,1471,3956),
	(8529,1471,4039),
	(8535,1471,4287),
	(8528,1471,4291),
	(8531,1471,4382),
	(8543,1472,3901),
	(8541,1472,3956),
	(8545,1472,3967),
	(8536,1472,3968),
	(8540,1472,4039),
	(8542,1472,4287),
	(8537,1472,4292),
	(8538,1472,4293),
	(8544,1472,4382),
	(8539,1472,4390),
	(8555,1473,3901),
	(8556,1473,3902),
	(8553,1473,3956),
	(8548,1473,4039),
	(8557,1473,4287),
	(8546,1473,4292),
	(8547,1473,4293),
	(8554,1473,4309),
	(8552,1473,4382),
	(8551,1473,4391),
	(8549,1473,4392),
	(8550,1473,4393),
	(8564,1474,3709),
	(8571,1474,3711),
	(8558,1474,3712),
	(8559,1474,3713),
	(8560,1474,3714),
	(8561,1474,3715),
	(8565,1474,3730),
	(8572,1474,3739),
	(8573,1474,3932),
	(8574,1474,3933),
	(8575,1474,3934),
	(8576,1474,3935),
	(8563,1474,3936),
	(8562,1474,3944),
	(8570,1474,3945),
	(8566,1474,4015),
	(8567,1474,4016),
	(8568,1474,4017),
	(8569,1474,4018),
	(8622,1477,3709),
	(8623,1477,3710),
	(8621,1477,3711),
	(8617,1477,3714),
	(8618,1477,3715),
	(8624,1477,3739),
	(8619,1477,3780),
	(8625,1477,3932),
	(8626,1477,3933),
	(8627,1477,3934),
	(8628,1477,3935),
	(8615,1477,3936),
	(8616,1477,3937),
	(8620,1477,4037),
	(8674,1480,3798),
	(8673,1480,3860),
	(8675,1480,3863),
	(8676,1480,3864),
	(8677,1480,3865),
	(8678,1480,3866),
	(8679,1480,3867),
	(8667,1480,3878),
	(8668,1480,4008),
	(8669,1480,4009),
	(8670,1480,4049),
	(8671,1480,4050),
	(8672,1480,4051),
	(8684,1481,3723),
	(8685,1481,3724),
	(8686,1481,3725),
	(8694,1481,3726),
	(8688,1481,3727),
	(8689,1481,3728),
	(8690,1481,3729),
	(8703,1481,3816),
	(8704,1481,3827),
	(8702,1481,3856),
	(8680,1481,3971),
	(8681,1481,3972),
	(8682,1481,3973),
	(8683,1481,3974),
	(8687,1481,3982),
	(8695,1481,4131),
	(8696,1481,4132),
	(8699,1481,4160),
	(8691,1481,4248),
	(8692,1481,4252),
	(8693,1481,4253),
	(8698,1481,4254),
	(8700,1481,4365),
	(8701,1481,4366),
	(8697,1481,4394),
	(8750,1483,3825),
	(8751,1483,3826),
	(8734,1483,3856),
	(8749,1483,3944),
	(8741,1483,4131),
	(8742,1483,4132),
	(8735,1483,4248),
	(8736,1483,4252),
	(8737,1483,4253),
	(8738,1483,4254),
	(8739,1483,4255),
	(8740,1483,4256),
	(8743,1483,4265),
	(8744,1483,4266),
	(8730,1483,4267),
	(8746,1483,4268),
	(8732,1483,4365),
	(8733,1483,4366),
	(8752,1483,4394),
	(8745,1483,4395),
	(8731,1483,4396),
	(8747,1483,4397),
	(8748,1483,4398),
	(8759,1484,3825),
	(8760,1484,3826),
	(8758,1484,3856),
	(8753,1484,4131),
	(8754,1484,4132),
	(8761,1484,4248),
	(8762,1484,4252),
	(8763,1484,4253),
	(8764,1484,4254),
	(8756,1484,4365),
	(8757,1484,4366),
	(8755,1484,4394),
	(8766,1485,3714),
	(8767,1485,3715),
	(8773,1485,3775),
	(8771,1485,3798),
	(8765,1485,3873),
	(8772,1485,4061),
	(8770,1485,4085),
	(8768,1485,4399),
	(8769,1485,4400),
	(8775,1486,3714),
	(8776,1486,3715),
	(8782,1486,3775),
	(8780,1486,3798),
	(8774,1486,3873),
	(8781,1486,4061),
	(8779,1486,4085),
	(8777,1486,4399),
	(8778,1486,4400),
	(8784,1487,3714),
	(8785,1487,3715),
	(8791,1487,3775),
	(8789,1487,3798),
	(8783,1487,3873),
	(8790,1487,4061),
	(8788,1487,4085),
	(8786,1487,4104),
	(8787,1487,4130),
	(8803,1488,3729),
	(8792,1488,3971),
	(8793,1488,3972),
	(8794,1488,3973),
	(8795,1488,3974),
	(8796,1488,3975),
	(8797,1488,3976),
	(8798,1488,3977),
	(8799,1488,4401),
	(8800,1488,4402),
	(8801,1488,4403),
	(8802,1488,4404),
	(8817,1489,3741),
	(8818,1489,3742),
	(8808,1489,3753),
	(8809,1489,3754),
	(8804,1489,3776),
	(8812,1489,3794),
	(8810,1489,3821),
	(8811,1489,3822),
	(8813,1489,3829),
	(8814,1489,3830),
	(8815,1489,3831),
	(8816,1489,3832),
	(8805,1489,4003),
	(8806,1489,4005),
	(8807,1489,4006),
	(8819,1490,3714),
	(8824,1490,3715),
	(8825,1490,3735),
	(8826,1490,3736),
	(8828,1490,3738),
	(8832,1490,3740),
	(8833,1490,3755),
	(8834,1490,3756),
	(8835,1490,3757),
	(8836,1490,3758),
	(8837,1490,3759),
	(8838,1490,3760),
	(8839,1490,3761),
	(8840,1490,3762),
	(8841,1490,3763),
	(8842,1490,3796),
	(8843,1490,3797),
	(8844,1490,3798),
	(8820,1490,3843),
	(8821,1490,3845),
	(8822,1490,3846),
	(8823,1490,3847),
	(8827,1490,3993),
	(8831,1490,3994),
	(8829,1490,3995),
	(8830,1490,3996),
	(8845,1490,4059),
	(8846,1491,3739),
	(8859,1491,3775),
	(8850,1491,3853),
	(8854,1491,3860),
	(8855,1491,3864),
	(8856,1491,3865),
	(8857,1491,3866),
	(8858,1491,3867),
	(8847,1491,4007),
	(8848,1491,4008),
	(8849,1491,4009),
	(8851,1491,4049),
	(8852,1491,4050),
	(8853,1491,4051),
	(8860,1492,3715),
	(8861,1492,3739),
	(8865,1492,3853),
	(8868,1492,3860),
	(8870,1492,3864),
	(8871,1492,3865),
	(8872,1492,3866),
	(8873,1492,3867),
	(8862,1492,4007),
	(8863,1492,4008),
	(8864,1492,4009),
	(8866,1492,4050),
	(8867,1492,4051),
	(8869,1492,4405),
	(8911,1495,3825),
	(8912,1495,3826),
	(8910,1495,3856),
	(8902,1495,3872),
	(8907,1495,4077),
	(8908,1495,4078),
	(8914,1495,4091),
	(8915,1495,4124),
	(8903,1495,4131),
	(8904,1495,4132),
	(8905,1495,4134),
	(8909,1495,4365),
	(8913,1495,4366),
	(8906,1495,4394),
	(8925,1496,3856),
	(8916,1496,3872),
	(8917,1496,3873),
	(8918,1496,3874),
	(8921,1496,3937),
	(8926,1496,4091),
	(8919,1496,4131),
	(8920,1496,4132),
	(8923,1496,4365),
	(8924,1496,4366),
	(8922,1496,4394),
	(8940,1497,3766),
	(8929,1497,3778),
	(8930,1497,3779),
	(8936,1497,3856),
	(8941,1497,3864),
	(8927,1497,3872),
	(8928,1497,3937),
	(8943,1497,4062),
	(8935,1497,4078),
	(8937,1497,4081),
	(8942,1497,4091),
	(8944,1497,4123),
	(8938,1497,4131),
	(8931,1497,4132),
	(8932,1497,4134),
	(8934,1497,4365),
	(8939,1497,4366),
	(8933,1497,4394),
	(8964,1498,3825),
	(8965,1498,3826),
	(8961,1498,3856),
	(8953,1498,3872),
	(8958,1498,4062),
	(8959,1498,4063),
	(8960,1498,4064),
	(8962,1498,4077),
	(8963,1498,4078),
	(8966,1498,4091),
	(8952,1498,4123),
	(8954,1498,4131),
	(8955,1498,4132),
	(8956,1498,4134),
	(8947,1498,4239),
	(8948,1498,4240),
	(8949,1498,4241),
	(8950,1498,4242),
	(8951,1498,4243),
	(8945,1498,4365),
	(8946,1498,4366),
	(8957,1498,4394),
	(8980,1499,3767),
	(8978,1499,3856),
	(8983,1499,3872),
	(8973,1499,3937),
	(8982,1499,4062),
	(8969,1499,4063),
	(8967,1499,4064),
	(8968,1499,4065),
	(8975,1499,4077),
	(8976,1499,4078),
	(8981,1499,4091),
	(8979,1499,4123),
	(8970,1499,4131),
	(8971,1499,4132),
	(8972,1499,4134),
	(8977,1499,4365),
	(8974,1499,4394),
	(8996,1500,3709),
	(8997,1500,3710),
	(8998,1500,3711),
	(8985,1500,3784),
	(8993,1500,3796),
	(8994,1500,3797),
	(8995,1500,3798),
	(8986,1500,3853),
	(8987,1500,3854),
	(8988,1500,3855),
	(8989,1500,3856),
	(8990,1500,3857),
	(8991,1500,3858),
	(8992,1500,3859),
	(8984,1500,3876),
	(9011,1501,3709),
	(9012,1501,3711),
	(9007,1501,3730),
	(9002,1501,3766),
	(9000,1501,3778),
	(9001,1501,3779),
	(9003,1501,3785),
	(9004,1501,3786),
	(9008,1501,3796),
	(9009,1501,3797),
	(9010,1501,3798),
	(8999,1501,3873),
	(9005,1501,4399),
	(9006,1501,4400),
	(9023,1502,3709),
	(9024,1502,3711),
	(9017,1502,3730),
	(9021,1502,3785),
	(9018,1502,3796),
	(9019,1502,3797),
	(9020,1502,3798),
	(9013,1502,3872),
	(9014,1502,3881),
	(9015,1502,3883),
	(9016,1502,3884),
	(9022,1502,4089),
	(9025,1503,3880),
	(9029,1503,4071),
	(9028,1503,4072),
	(9026,1503,4073),
	(9027,1503,4074),
	(9037,1504,3739),
	(9038,1504,3775),
	(9034,1504,3852),
	(9030,1504,3878),
	(9032,1504,3880),
	(9036,1504,4023),
	(9031,1504,4071),
	(9033,1504,4074),
	(9035,1504,4080),
	(9044,1505,3792),
	(9045,1505,3793),
	(9043,1505,3855),
	(9039,1505,3856),
	(9046,1505,3860),
	(9047,1505,3861),
	(9051,1505,3893),
	(9048,1505,3894),
	(9049,1505,3896),
	(9040,1505,3928),
	(9050,1505,3929),
	(9041,1505,4008),
	(9042,1505,4009),
	(9052,1506,3792),
	(9053,1506,3793),
	(9061,1506,3855),
	(9055,1506,3856),
	(9056,1506,3857),
	(9057,1506,3858),
	(9058,1506,3894),
	(9059,1506,3928),
	(9060,1506,3929),
	(9054,1506,4079),
	(9062,1507,3792),
	(9066,1507,3793),
	(9064,1507,3855),
	(9065,1507,3856),
	(9067,1507,3859),
	(9068,1507,3894),
	(9070,1507,3928),
	(9071,1507,3929),
	(9063,1507,4406),
	(9069,1507,4407),
	(9086,1509,3792),
	(9091,1509,3793),
	(9089,1509,3855),
	(9090,1509,3856),
	(9093,1509,3860),
	(9099,1509,3861),
	(9094,1509,3893),
	(9095,1509,3894),
	(9097,1509,3896),
	(9087,1509,3928),
	(9096,1509,3929),
	(9088,1509,4008),
	(9092,1509,4024),
	(9098,1509,4025),
	(9085,1509,4032),
	(9115,1510,3792),
	(9107,1510,3793),
	(9105,1510,3855),
	(9106,1510,3856),
	(9110,1510,3860),
	(9111,1510,3861),
	(9112,1510,3894),
	(9113,1510,3896),
	(9101,1510,3928),
	(9114,1510,3929),
	(9108,1510,3954),
	(9103,1510,4008),
	(9104,1510,4009),
	(9109,1510,4051),
	(9100,1510,4112),
	(9102,1510,4113),
	(9128,1511,3739),
	(9132,1511,3775),
	(9122,1511,3932),
	(9118,1511,3933),
	(9131,1511,3934),
	(9117,1511,3935),
	(9116,1511,3936),
	(9120,1511,3944),
	(9121,1511,3945),
	(9123,1511,4015),
	(9124,1511,4016),
	(9129,1511,4028),
	(9125,1511,4049),
	(9126,1511,4179),
	(9127,1511,4180),
	(9119,1511,4327),
	(9130,1511,4328),
	(9142,1512,3735),
	(9140,1512,3737),
	(9151,1512,3741),
	(9152,1512,3742),
	(9149,1512,3744),
	(9150,1512,3745),
	(9135,1512,3746),
	(9134,1512,3776),
	(9143,1512,3795),
	(9133,1512,3808),
	(9148,1512,3812),
	(9137,1512,3813),
	(9136,1512,3844),
	(9153,1512,3845),
	(9138,1512,3846),
	(9139,1512,3847),
	(9146,1512,3927),
	(9144,1512,4020),
	(9145,1512,4149),
	(9147,1512,4151),
	(9141,1512,4169),
	(9160,1513,3722),
	(9161,1513,3723),
	(9162,1513,3724),
	(9163,1513,3725),
	(9164,1513,3726),
	(9165,1513,3727),
	(9167,1513,3733),
	(9168,1513,3734),
	(9169,1513,3735),
	(9170,1513,3737),
	(9166,1513,3795),
	(9154,1513,3808),
	(9157,1513,3844),
	(9158,1513,3846),
	(9159,1513,3847),
	(9155,1513,3969),
	(9156,1513,3970),
	(9181,1514,3739),
	(9185,1514,3775),
	(9182,1514,3932),
	(9183,1514,3933),
	(9184,1514,3934),
	(9173,1514,3935),
	(9171,1514,3936),
	(9174,1514,3944),
	(9175,1514,3945),
	(9176,1514,4015),
	(9177,1514,4016),
	(9178,1514,4017),
	(9179,1514,4018),
	(9180,1514,4185),
	(9172,1514,4192),
	(9203,1516,3721),
	(9204,1516,3722),
	(9202,1516,3793),
	(9209,1516,3901),
	(9210,1516,3902),
	(9207,1516,3958),
	(9208,1516,3961),
	(9206,1516,3987),
	(9205,1516,4017),
	(9201,1516,4038),
	(9211,1516,4191),
	(9219,1517,3721),
	(9220,1517,3722),
	(9229,1517,3793),
	(9221,1517,3794),
	(9230,1517,3901),
	(9231,1517,3902),
	(9223,1517,3951),
	(9227,1517,3961),
	(9226,1517,3987),
	(9224,1517,4017),
	(9225,1517,4018),
	(9228,1517,4185),
	(9212,1517,4192),
	(9213,1517,4193),
	(9214,1517,4194),
	(9215,1517,4195),
	(9216,1517,4197),
	(9217,1517,4198),
	(9218,1517,4199),
	(9222,1517,4206),
	(9233,1518,3718),
	(9234,1518,3719),
	(9235,1518,3720),
	(9236,1518,3721),
	(9237,1518,3722),
	(9232,1518,3723),
	(9239,1518,3724),
	(9240,1518,3725),
	(9241,1518,3726),
	(9244,1518,3731),
	(9247,1518,3739),
	(9243,1518,3794),
	(9245,1518,3795),
	(9242,1518,4232),
	(9246,1518,4233),
	(9248,1518,4234),
	(9238,1518,4235),
	(9254,1519,3709),
	(9260,1519,3711),
	(9253,1519,3730),
	(9252,1519,3784),
	(9257,1519,3796),
	(9258,1519,3797),
	(9259,1519,3798),
	(9255,1519,3825),
	(9256,1519,3826),
	(9250,1519,3876),
	(9261,1519,3933),
	(9262,1519,3934),
	(9263,1519,3935),
	(9249,1519,3936),
	(9251,1519,4069),
	(9269,1520,3709),
	(9277,1520,3711),
	(9273,1520,3730),
	(9267,1520,3784),
	(9274,1520,3796),
	(9275,1520,3797),
	(9276,1520,3798),
	(9265,1520,3876),
	(9279,1520,3933),
	(9280,1520,3934),
	(9281,1520,3935),
	(9264,1520,3936),
	(9272,1520,3944),
	(9268,1520,3945),
	(9270,1520,4015),
	(9271,1520,4016),
	(9278,1520,4028),
	(9266,1520,4069),
	(9287,1521,3709),
	(9292,1521,3711),
	(9288,1521,3730),
	(9286,1521,3784),
	(9289,1521,3796),
	(9290,1521,3797),
	(9291,1521,3798),
	(9284,1521,3876),
	(9293,1521,3933),
	(9294,1521,3934),
	(9295,1521,3935),
	(9282,1521,3936),
	(9283,1521,3937),
	(9285,1521,4069),
	(9300,1522,3784),
	(9301,1522,3796),
	(9302,1522,3797),
	(9299,1522,3798),
	(9298,1522,3876),
	(9305,1522,3933),
	(9306,1522,3934),
	(9307,1522,3935),
	(9296,1522,3936),
	(9297,1522,3937),
	(9304,1522,4069),
	(9303,1522,4118),
	(9314,1523,3709),
	(9313,1523,3711),
	(9315,1523,3730),
	(9311,1523,3766),
	(9319,1523,3767),
	(9320,1523,3768),
	(9321,1523,3769),
	(9322,1523,3770),
	(9312,1523,3784),
	(9316,1523,3796),
	(9317,1523,3797),
	(9318,1523,3798),
	(9310,1523,3876),
	(9324,1523,3933),
	(9325,1523,3934),
	(9326,1523,3935),
	(9308,1523,3936),
	(9309,1523,3937),
	(9323,1523,4069),
	(9377,1527,3784),
	(9379,1527,3796),
	(9380,1527,3797),
	(9381,1527,3798),
	(9375,1527,3843),
	(9376,1527,3876),
	(9382,1527,3933),
	(9383,1527,3934),
	(9384,1527,3935),
	(9373,1527,3936),
	(9374,1527,3937),
	(9378,1527,4075),
	(9391,1528,3709),
	(9390,1528,3711),
	(9392,1528,3730),
	(9388,1528,3766),
	(9396,1528,3767),
	(9397,1528,3768),
	(9398,1528,3769),
	(9399,1528,3770),
	(9389,1528,3784),
	(9393,1528,3796),
	(9394,1528,3797),
	(9395,1528,3798),
	(9387,1528,3876),
	(9401,1528,3933),
	(9402,1528,3934),
	(9403,1528,3935),
	(9385,1528,3936),
	(9386,1528,3937),
	(9400,1528,4069),
	(9404,1529,3872),
	(9408,1529,4071),
	(9405,1529,4076),
	(9406,1529,4077),
	(9407,1529,4078),
	(9411,1530,3726),
	(9412,1530,3727),
	(9413,1530,3728),
	(9414,1530,3729),
	(9419,1530,3901),
	(9417,1530,3902),
	(9416,1530,3956),
	(9409,1530,4039),
	(9421,1530,4063),
	(9410,1530,4172),
	(9420,1530,4286),
	(9418,1530,4287),
	(9415,1530,4382),
	(9422,1531,3723),
	(9423,1531,3724),
	(9438,1531,3725),
	(9429,1531,3726),
	(9426,1531,3727),
	(9440,1531,3728),
	(9428,1531,3729),
	(9437,1531,3786),
	(9441,1531,3816),
	(9442,1531,3827),
	(9427,1531,3856),
	(9430,1531,3872),
	(9431,1531,3873),
	(9432,1531,3874),
	(9425,1531,3982),
	(9443,1531,4089),
	(9444,1531,4091),
	(9433,1531,4131),
	(9434,1531,4132),
	(9436,1531,4160),
	(9424,1531,4365),
	(9439,1531,4366),
	(9435,1531,4394),
	(9449,1532,3723),
	(9450,1532,3724),
	(9451,1532,3725),
	(9462,1532,3726),
	(9453,1532,3727),
	(9463,1532,3728),
	(9455,1532,3729),
	(9464,1532,3816),
	(9467,1532,3827),
	(9454,1532,3856),
	(9456,1532,3860),
	(9457,1532,3861),
	(9445,1532,3971),
	(9446,1532,3972),
	(9447,1532,3973),
	(9448,1532,3974),
	(9452,1532,3982),
	(9459,1532,4008),
	(9460,1532,4009),
	(9458,1532,4132),
	(9461,1532,4160),
	(9465,1532,4329),
	(9466,1532,4330),
	(9468,1533,3723),
	(9469,1533,3724),
	(9470,1533,3725),
	(9484,1533,3726),
	(9472,1533,3727),
	(9485,1533,3728),
	(9474,1533,3729),
	(9486,1533,3816),
	(9487,1533,3827),
	(9473,1533,3856),
	(9475,1533,3860),
	(9476,1533,3861),
	(9471,1533,3982),
	(9478,1533,4008),
	(9479,1533,4009),
	(9481,1533,4049),
	(9482,1533,4050),
	(9483,1533,4051),
	(9488,1533,4086),
	(9489,1533,4087),
	(9477,1533,4132),
	(9480,1533,4160),
	(9496,1534,3723),
	(9497,1534,3724),
	(9498,1534,3725),
	(9505,1534,3726),
	(9506,1534,3727),
	(9501,1534,3728),
	(9502,1534,3729),
	(9492,1534,3816),
	(9493,1534,3825),
	(9503,1534,3826),
	(9504,1534,3827),
	(9494,1534,3944),
	(9495,1534,3945),
	(9499,1534,3982),
	(9500,1534,4015),
	(9491,1534,4016),
	(9507,1534,4028),
	(9490,1534,4160),
	(9515,1535,3723),
	(9516,1535,3724),
	(9519,1535,3725),
	(9526,1535,3726),
	(9525,1535,3727),
	(9520,1535,3728),
	(9521,1535,3729),
	(9512,1535,3816),
	(9522,1535,3827),
	(9509,1535,3856),
	(9513,1535,3881),
	(9523,1535,3982),
	(9524,1535,4073),
	(9514,1535,4074),
	(9510,1535,4131),
	(9511,1535,4132),
	(9508,1535,4160),
	(9517,1535,4365),
	(9518,1535,4366),
	(9527,1536,3723),
	(9528,1536,3724),
	(9544,1536,3725),
	(9537,1536,3726),
	(9531,1536,3727),
	(9546,1536,3728),
	(9533,1536,3729),
	(9547,1536,3816),
	(9548,1536,3827),
	(9532,1536,3856),
	(9538,1536,3872),
	(9539,1536,3874),
	(9530,1536,3982),
	(9549,1536,4091),
	(9534,1536,4117),
	(9535,1536,4118),
	(9536,1536,4125),
	(9540,1536,4131),
	(9541,1536,4132),
	(9543,1536,4160),
	(9529,1536,4365),
	(9545,1536,4366),
	(9542,1536,4394),
	(9557,1537,3723),
	(9558,1537,3724),
	(9559,1537,3725),
	(9570,1537,3726),
	(9561,1537,3727),
	(9571,1537,3728),
	(9563,1537,3729),
	(9572,1537,3816),
	(9573,1537,3827),
	(9562,1537,3856),
	(9564,1537,3860),
	(9565,1537,3867),
	(9550,1537,3971),
	(9551,1537,3972),
	(9552,1537,3973),
	(9553,1537,3974),
	(9554,1537,3975),
	(9555,1537,3976),
	(9556,1537,3977),
	(9560,1537,3982),
	(9567,1537,4008),
	(9568,1537,4009),
	(9566,1537,4132),
	(9569,1537,4160),
	(9577,1538,3816),
	(9583,1538,3827),
	(9582,1538,3856),
	(9578,1538,3881),
	(9584,1538,3982),
	(9586,1538,4003),
	(9585,1538,4022),
	(9579,1538,4074),
	(9575,1538,4131),
	(9576,1538,4132),
	(9574,1538,4160),
	(9580,1538,4365),
	(9581,1538,4366),
	(9604,1539,3723),
	(9596,1539,3724),
	(9599,1539,3725),
	(9606,1539,3726),
	(9605,1539,3727),
	(9600,1539,3728),
	(9601,1539,3729),
	(9592,1539,3816),
	(9602,1539,3827),
	(9588,1539,3856),
	(9595,1539,3883),
	(9591,1539,3884),
	(9603,1539,3982),
	(9593,1539,4073),
	(9594,1539,4074),
	(9589,1539,4131),
	(9590,1539,4132),
	(9587,1539,4160),
	(9597,1539,4365),
	(9598,1539,4366),
	(9640,1541,3738),
	(9641,1541,3741),
	(9642,1541,3742),
	(9643,1541,3743),
	(9639,1541,3753),
	(9629,1541,3816),
	(9632,1541,3820),
	(9637,1541,3827),
	(9635,1541,3856),
	(9630,1541,3881),
	(9638,1541,3982),
	(9626,1541,4003),
	(9636,1541,4073),
	(9631,1541,4074),
	(9627,1541,4131),
	(9628,1541,4132),
	(9625,1541,4160),
	(9633,1541,4365),
	(9634,1541,4366),
	(9665,1543,3723),
	(9666,1543,3724),
	(9678,1543,3725),
	(9672,1543,3726),
	(9669,1543,3727),
	(9680,1543,3728),
	(9671,1543,3729),
	(9681,1543,3816),
	(9683,1543,3827),
	(9670,1543,3856),
	(9673,1543,3872),
	(9662,1543,3972),
	(9663,1543,3974),
	(9668,1543,3982),
	(9682,1543,4078),
	(9684,1543,4091),
	(9664,1543,4105),
	(9674,1543,4131),
	(9675,1543,4132),
	(9677,1543,4160),
	(9667,1543,4365),
	(9679,1543,4366),
	(9676,1543,4394),
	(9690,1544,3816),
	(9698,1544,3827),
	(9696,1544,3856),
	(9685,1544,3872),
	(9691,1544,3881),
	(9694,1544,3982),
	(9702,1544,4003),
	(9700,1544,4022),
	(9692,1544,4074),
	(9693,1544,4077),
	(9699,1544,4078),
	(9701,1544,4124),
	(9687,1544,4131),
	(9688,1544,4132),
	(9689,1544,4134),
	(9686,1544,4160),
	(9695,1544,4365),
	(9697,1544,4366),
	(9763,1547,3741),
	(9764,1547,3742),
	(9765,1547,3743),
	(9755,1547,3794),
	(9759,1547,3816),
	(9752,1547,3825),
	(9760,1547,3826),
	(9761,1547,3827),
	(9753,1547,3944),
	(9754,1547,3945),
	(9756,1547,3982),
	(9751,1547,4003),
	(9757,1547,4015),
	(9758,1547,4016),
	(9762,1547,4028),
	(9750,1547,4160),
	(9769,1548,3816),
	(9773,1548,3827),
	(9774,1548,3982),
	(9777,1548,4003),
	(9775,1548,4023),
	(9770,1548,4073),
	(9767,1548,4131),
	(9768,1548,4132),
	(9766,1548,4160),
	(9771,1548,4365),
	(9772,1548,4366),
	(9776,1548,4408),
	(9790,1549,3738),
	(9791,1549,3741),
	(9792,1549,3742),
	(9783,1549,3753),
	(9784,1549,3754),
	(9779,1549,3776),
	(9787,1549,3794),
	(9782,1549,3816),
	(9788,1549,3827),
	(9786,1549,3856),
	(9780,1549,3875),
	(9785,1549,3982),
	(9789,1549,4003),
	(9781,1549,4132),
	(9778,1549,4160),
	(9801,1550,3709),
	(9802,1550,3710),
	(9803,1550,3711),
	(9793,1550,3717),
	(9800,1550,3739),
	(9794,1550,3784),
	(9796,1550,3796),
	(9797,1550,3797),
	(9798,1550,3798),
	(9795,1550,3890),
	(9799,1550,4058),
	(9806,1551,3731),
	(9808,1551,3739),
	(9807,1551,3798),
	(9804,1551,3914),
	(9805,1551,3986),
	(9809,1551,4083),
	(9811,1552,3731),
	(9812,1552,3739),
	(9813,1552,3798),
	(9810,1552,3914),
	(9814,1552,4083),
	(9820,1553,3731),
	(9824,1553,3739),
	(9823,1553,3796),
	(9821,1553,3797),
	(9822,1553,3798),
	(9815,1553,3843),
	(9816,1553,3845),
	(9817,1553,3911),
	(9818,1553,3914),
	(9819,1553,4083),
	(9825,1553,4084),
	(9826,1554,3715),
	(9839,1554,3739),
	(9827,1554,3782),
	(9828,1554,3846),
	(9832,1554,3852),
	(9836,1554,3870),
	(9829,1554,3880),
	(9835,1554,4067),
	(9834,1554,4072),
	(9830,1554,4073),
	(9831,1554,4074),
	(9833,1554,4080),
	(9838,1554,4248),
	(9840,1554,4253),
	(9841,1554,4254),
	(9837,1554,4364),
	(9851,1555,3739),
	(9854,1555,3775),
	(9846,1555,3852),
	(9848,1555,3870),
	(9842,1555,3879),
	(9843,1555,3880),
	(9849,1555,4022),
	(9847,1555,4072),
	(9845,1555,4074),
	(9850,1555,4248),
	(9852,1555,4253),
	(9853,1555,4254),
	(9844,1555,4364),
	(9877,1557,3739),
	(9880,1557,3775),
	(9872,1557,3852),
	(9874,1557,3870),
	(9868,1557,3879),
	(9869,1557,3880),
	(9875,1557,4022),
	(9873,1557,4072),
	(9871,1557,4074),
	(9876,1557,4248),
	(9878,1557,4253),
	(9879,1557,4254),
	(9870,1557,4364),
	(9885,1558,3798),
	(9884,1558,3860),
	(9886,1558,3863),
	(9887,1558,3864),
	(9888,1558,3865),
	(9889,1558,3866),
	(9881,1558,3867),
	(9891,1558,3870),
	(9882,1558,4008),
	(9883,1558,4009),
	(9890,1558,4329),
	(9897,1559,3798),
	(9896,1559,3860),
	(9898,1559,3863),
	(9899,1559,3864),
	(9900,1559,3865),
	(9901,1559,3866),
	(9902,1559,3867),
	(9903,1559,3870),
	(9892,1559,4008),
	(9893,1559,4009),
	(9894,1559,4010),
	(9895,1559,4011),
	(9908,1560,3798),
	(9907,1560,3860),
	(9909,1560,3863),
	(9910,1560,3864),
	(9911,1560,3865),
	(9912,1560,3866),
	(9904,1560,3867),
	(9914,1560,3870),
	(9905,1560,4008),
	(9906,1560,4009),
	(9913,1560,4329),
	(9920,1561,3798),
	(9919,1561,3860),
	(9918,1561,3863),
	(9922,1561,3864),
	(9923,1561,3865),
	(9924,1561,3866),
	(9925,1561,3867),
	(9926,1561,3870),
	(9915,1561,4008),
	(9916,1561,4009),
	(9921,1561,4329),
	(9917,1561,4330),
	(9948,1563,3934),
	(9949,1563,3935),
	(9938,1563,3936),
	(9941,1563,3944),
	(9942,1563,3945),
	(9943,1563,4015),
	(9944,1563,4016),
	(9945,1563,4017),
	(9946,1563,4018),
	(9947,1563,4185),
	(9939,1563,4192),
	(9940,1563,4193),
	(9950,1564,3717),
	(9951,1564,3718),
	(9952,1564,3719),
	(9953,1564,3720),
	(9954,1564,3721),
	(9955,1564,3722),
	(9961,1564,3739),
	(9959,1564,3795),
	(9963,1564,3901),
	(9964,1564,3902),
	(9956,1564,3951),
	(9960,1564,3961),
	(9962,1564,3987),
	(9957,1564,4017),
	(9958,1564,4018),
	(10015,1568,3709),
	(10016,1568,3710),
	(10014,1568,3711),
	(10010,1568,3713),
	(10017,1568,3775),
	(10013,1568,3796),
	(10012,1568,4083),
	(10011,1568,4238),
	(10023,1569,3709),
	(10024,1569,3710),
	(10022,1569,3711),
	(10018,1569,3713),
	(10025,1569,3775),
	(10021,1569,3796),
	(10020,1569,4083),
	(10019,1569,4238),
	(10033,1570,3872),
	(10035,1570,4009),
	(10036,1570,4049),
	(10037,1570,4050),
	(10038,1570,4051),
	(10039,1570,4062),
	(10040,1570,4063),
	(10041,1570,4064),
	(10046,1570,4077),
	(10047,1570,4078),
	(10049,1570,4086),
	(10050,1570,4087),
	(10051,1570,4091),
	(10031,1570,4123),
	(10034,1570,4134),
	(10026,1570,4239),
	(10027,1570,4240),
	(10028,1570,4241),
	(10029,1570,4242),
	(10030,1570,4243),
	(10032,1570,4252),
	(10042,1570,4329),
	(10043,1570,4330),
	(10044,1570,4331),
	(10045,1570,4332),
	(10048,1570,4335),
	(10060,1571,3726),
	(10061,1571,3727),
	(10062,1571,3728),
	(10065,1571,3729),
	(10064,1571,3958),
	(10063,1571,4017),
	(10052,1571,4049),
	(10069,1571,4063),
	(10059,1571,4172),
	(10068,1571,4286),
	(10067,1571,4287),
	(10053,1571,4324),
	(10054,1571,4325),
	(10055,1571,4326),
	(10056,1571,4327),
	(10057,1571,4328),
	(10058,1571,4361),
	(10066,1571,4409),
	(10083,1572,3741),
	(10084,1572,3742),
	(10085,1572,3743),
	(10071,1572,3744),
	(10082,1572,3745),
	(10072,1572,3746),
	(10076,1572,3816),
	(10078,1572,3856),
	(10079,1572,3860),
	(10080,1572,3861),
	(10081,1572,3926),
	(10075,1572,3943),
	(10077,1572,3982),
	(10073,1572,4003),
	(10074,1572,4132),
	(10070,1572,4160),
	(10103,1573,3738),
	(10104,1573,3741),
	(10105,1573,3742),
	(10106,1573,3743),
	(10102,1573,3753),
	(10093,1573,3754),
	(10094,1573,3794),
	(10097,1573,3816),
	(10089,1573,3827),
	(10096,1573,3856),
	(10100,1573,3860),
	(10101,1573,3861),
	(10095,1573,3982),
	(10087,1573,4003),
	(10091,1573,4008),
	(10092,1573,4009),
	(10090,1573,4049),
	(10098,1573,4050),
	(10099,1573,4051),
	(10088,1573,4132),
	(10086,1573,4160),
	(10117,1574,3729),
	(10107,1574,3971),
	(10108,1574,3972),
	(10109,1574,3973),
	(10110,1574,3974),
	(10111,1574,3975),
	(10112,1574,3976),
	(10113,1574,3977),
	(10114,1574,4223),
	(10115,1574,4401),
	(10116,1574,4402),
	(10118,1574,4410),
	(10119,1574,4411),
	(10120,1574,4412),
	(10121,1574,4413),
	(10122,1574,4414),
	(10123,1574,4415),
	(10130,1575,3721),
	(10131,1575,3722),
	(10132,1575,3723),
	(10133,1575,3724),
	(10134,1575,3725),
	(10135,1575,3726),
	(10136,1575,3727),
	(10137,1575,3728),
	(10138,1575,3729),
	(10148,1575,3793),
	(10149,1575,3794),
	(10124,1575,3971),
	(10125,1575,3972),
	(10126,1575,3973),
	(10127,1575,3974),
	(10128,1575,3975),
	(10129,1575,3976),
	(10141,1575,3977),
	(10150,1575,4223),
	(10139,1575,4401),
	(10140,1575,4402),
	(10142,1575,4410),
	(10143,1575,4411),
	(10144,1575,4412),
	(10145,1575,4413),
	(10146,1575,4414),
	(10147,1575,4415),
	(10188,1577,3728),
	(10191,1577,3729),
	(10178,1577,3969),
	(10179,1577,3970),
	(10180,1577,3971),
	(10181,1577,3972),
	(10182,1577,3973),
	(10183,1577,3974),
	(10184,1577,3975),
	(10185,1577,3976),
	(10186,1577,3977),
	(10187,1577,4223),
	(10189,1577,4401),
	(10190,1577,4402),
	(10192,1577,4410),
	(10193,1577,4411),
	(10194,1577,4412),
	(10195,1577,4413),
	(10196,1577,4414),
	(10197,1577,4415),
	(10211,1578,4018),
	(10213,1578,4116),
	(10215,1578,4185),
	(10198,1578,4192),
	(10199,1578,4193),
	(10201,1578,4195),
	(10214,1578,4215),
	(10210,1578,4416),
	(10205,1578,4417),
	(10200,1578,4418),
	(10212,1578,4419),
	(10202,1578,4420),
	(10203,1578,4421),
	(10204,1578,4422),
	(10209,1578,4423),
	(10206,1578,4424),
	(10207,1578,4425),
	(10208,1578,4426),
	(10216,1579,3718),
	(10217,1579,3719),
	(10218,1579,3720),
	(10219,1579,3721),
	(10220,1579,3722),
	(10221,1579,3731),
	(10222,1579,3739),
	(10227,1579,3775),
	(10235,1579,3794),
	(10225,1579,3901),
	(10226,1579,3902),
	(10239,1579,3951),
	(10241,1579,3961),
	(10240,1579,3987),
	(10223,1579,4017),
	(10224,1579,4018),
	(10237,1579,4187),
	(10228,1579,4427),
	(10229,1579,4428),
	(10230,1579,4429),
	(10231,1579,4430),
	(10232,1579,4431),
	(10233,1579,4432),
	(10234,1579,4433),
	(10238,1579,4434),
	(10236,1579,4435),
	(10245,1580,3741),
	(10258,1580,3938),
	(10243,1580,4116),
	(10244,1580,4248),
	(10246,1580,4260),
	(10247,1580,4261),
	(10248,1580,4262),
	(10249,1580,4274),
	(10259,1580,4342),
	(10260,1580,4343),
	(10261,1580,4344),
	(10262,1580,4350),
	(10263,1580,4351),
	(10242,1580,4358),
	(10250,1580,4423),
	(10251,1580,4436),
	(10252,1580,4437),
	(10253,1580,4438),
	(10254,1580,4439),
	(10255,1580,4440),
	(10256,1580,4441),
	(10257,1580,4442),
	(10268,1581,3723),
	(10269,1581,3724),
	(10270,1581,3725),
	(10276,1581,3726),
	(10272,1581,3727),
	(10281,1581,3728),
	(10266,1581,3729),
	(10267,1581,3816),
	(10275,1581,3827),
	(10265,1581,3937),
	(10271,1581,3982),
	(10277,1581,3990),
	(10278,1581,3991),
	(10279,1581,3992),
	(10264,1581,4160),
	(10273,1581,4176),
	(10274,1581,4177),
	(10282,1581,4376),
	(10280,1581,4377),
	(10283,1582,4248),
	(10284,1582,4255),
	(10285,1582,4256),
	(10287,1582,4263),
	(10288,1582,4264),
	(10286,1582,4386),
	(10289,1582,4443),
	(10290,1582,4444),
	(10291,1582,4445),
	(10292,1582,4446),
	(10293,1582,4447),
	(10294,1582,4448),
	(10295,1582,4449),
	(10296,1582,4450),
	(10297,1582,4451),
	(10298,1582,4452),
	(10299,1582,4453),
	(10300,1582,4454),
	(10301,1582,4455),
	(10302,1582,4456),
	(10303,1582,4457),
	(10304,1582,4458),
	(10305,1582,4459),
	(10308,1583,3856),
	(10321,1583,3937),
	(10315,1583,4131),
	(10316,1583,4132),
	(10309,1583,4248),
	(10310,1583,4252),
	(10311,1583,4253),
	(10312,1583,4254),
	(10313,1583,4255),
	(10314,1583,4256),
	(10317,1583,4263),
	(10318,1583,4264),
	(10306,1583,4365),
	(10307,1583,4366),
	(10319,1583,4394),
	(10320,1583,4443),
	(10322,1583,4460),
	(10323,1583,4461),
	(10324,1583,4462),
	(10325,1583,4463),
	(10326,1583,4464),
	(10327,1583,4465),
	(10328,1583,4466),
	(10329,1583,4467),
	(10330,1583,4468),
	(10331,1583,4469),
	(10332,1583,4470),
	(10333,1583,4471),
	(10336,1584,3856),
	(10350,1584,3937),
	(10348,1584,4049),
	(10343,1584,4131),
	(10344,1584,4132),
	(10337,1584,4248),
	(10338,1584,4252),
	(10339,1584,4253),
	(10340,1584,4254),
	(10341,1584,4255),
	(10342,1584,4256),
	(10345,1584,4263),
	(10346,1584,4264),
	(10334,1584,4365),
	(10335,1584,4366),
	(10347,1584,4394),
	(10349,1584,4443),
	(10351,1584,4464),
	(10352,1584,4466),
	(10353,1584,4467),
	(10354,1584,4468),
	(10355,1584,4469),
	(10356,1584,4470),
	(10357,1584,4471),
	(10358,1585,3712),
	(10365,1585,3729),
	(10382,1585,3838),
	(10361,1585,3971),
	(10362,1585,3972),
	(10363,1585,3973),
	(10364,1585,3974),
	(10370,1585,4000),
	(10380,1585,4220),
	(10381,1585,4221),
	(10375,1585,4222),
	(10371,1585,4387),
	(10376,1585,4472),
	(10377,1585,4473),
	(10378,1585,4474),
	(10379,1585,4475),
	(10373,1585,4476),
	(10374,1585,4477),
	(10372,1585,4478),
	(10383,1585,4479),
	(10366,1585,4480),
	(10359,1585,4481),
	(10360,1585,4482),
	(10367,1585,4483),
	(10368,1585,4484),
	(10369,1585,4485),
	(10384,1586,3712),
	(10392,1586,3726),
	(10393,1586,3727),
	(10394,1586,3728),
	(10395,1586,3729),
	(10405,1586,3838),
	(10385,1586,3971),
	(10386,1586,3972),
	(10387,1586,3973),
	(10388,1586,3974),
	(10396,1586,3996),
	(10397,1586,4000),
	(10403,1586,4220),
	(10404,1586,4221),
	(10400,1586,4222),
	(10389,1586,4231),
	(10401,1586,4473),
	(10402,1586,4474),
	(10398,1586,4486),
	(10399,1586,4487),
	(10390,1586,4488),
	(10391,1586,4489),
	(10412,1587,3721),
	(10413,1587,3722),
	(10414,1587,3723),
	(10415,1587,3724),
	(10416,1587,3725),
	(10417,1587,3726),
	(10418,1587,3727),
	(10419,1587,3728),
	(10420,1587,3729),
	(10410,1587,3793),
	(10406,1587,3971),
	(10407,1587,3972),
	(10408,1587,3973),
	(10409,1587,3974),
	(10422,1587,3975),
	(10411,1587,3976),
	(10423,1587,3977),
	(10425,1587,4401),
	(10421,1587,4403),
	(10424,1587,4404),
	(10429,1588,3718),
	(10430,1588,3719),
	(10431,1588,3720),
	(10432,1588,3721),
	(10433,1588,3722),
	(10434,1588,3724),
	(10435,1588,3725),
	(10436,1588,3726),
	(10452,1588,3727),
	(10438,1588,3728),
	(10439,1588,3729),
	(10440,1588,3731),
	(10441,1588,3739),
	(10450,1588,3794),
	(10451,1588,3795),
	(10426,1588,3971),
	(10427,1588,3972),
	(10428,1588,3973),
	(10442,1588,3974),
	(10444,1588,3975),
	(10445,1588,3976),
	(10448,1588,3977),
	(10437,1588,3983),
	(10443,1588,4401),
	(10446,1588,4402),
	(10447,1588,4404),
	(10449,1588,4490),
	(10453,1589,3721),
	(10454,1589,3737),
	(10455,1589,3740),
	(10456,1589,3754),
	(10458,1589,3793),
	(10459,1589,3808),
	(10462,1589,3821),
	(10463,1589,3822),
	(10465,1589,3829),
	(10466,1589,3830),
	(10467,1589,3831),
	(10468,1589,3832),
	(10469,1589,3833),
	(10470,1589,3834),
	(10460,1589,3835),
	(10461,1589,3836),
	(10464,1589,3837),
	(10457,1589,3838),
	(10471,1589,4475),
	(10472,1589,4476),
	(10473,1589,4477),
	(10474,1589,4478),
	(10479,1590,3735),
	(10480,1590,3736),
	(10482,1590,3775),
	(10486,1590,3820),
	(10487,1590,3821),
	(10488,1590,3822),
	(10489,1590,3829),
	(10490,1590,3830),
	(10491,1590,3831),
	(10492,1590,3832),
	(10493,1590,3833),
	(10494,1590,3834),
	(10495,1590,3835),
	(10496,1590,3836),
	(10497,1590,3837),
	(10483,1590,3838),
	(10475,1590,3844),
	(10476,1590,3845),
	(10477,1590,3846),
	(10478,1590,3847),
	(10481,1590,4004),
	(10484,1590,4475),
	(10485,1590,4476),
	(10498,1590,4478),
	(10499,1591,3731),
	(10500,1591,3732),
	(10501,1591,3733),
	(10502,1591,3734),
	(10503,1591,3735),
	(10504,1591,3736),
	(10505,1591,3739),
	(10506,1591,3740),
	(10511,1591,3821),
	(10512,1591,3822),
	(10514,1591,3829),
	(10515,1591,3830),
	(10516,1591,3831),
	(10517,1591,3832),
	(10518,1591,3833),
	(10519,1591,3834),
	(10509,1591,3835),
	(10510,1591,3836),
	(10513,1591,3837),
	(10507,1591,3838),
	(10508,1591,3930),
	(10520,1591,4475),
	(10521,1591,4476),
	(10522,1591,4477),
	(10523,1591,4478),
	(10554,1593,3737),
	(10555,1593,3740),
	(10559,1593,3820),
	(10560,1593,3821),
	(10561,1593,3822),
	(10563,1593,3829),
	(10564,1593,3830),
	(10565,1593,3831),
	(10566,1593,3832),
	(10567,1593,3833),
	(10568,1593,3834),
	(10557,1593,3835),
	(10570,1593,3836),
	(10571,1593,3837),
	(10572,1593,3838),
	(10569,1593,4475),
	(10558,1593,4476),
	(10562,1593,4477),
	(10556,1593,4478),
	(10548,1593,4491),
	(10549,1593,4492),
	(10550,1593,4493),
	(10551,1593,4494),
	(10552,1593,4495),
	(10553,1593,4496),
	(10582,1594,3738),
	(10586,1594,3820),
	(10587,1594,3821),
	(10588,1594,3822),
	(10590,1594,3829),
	(10591,1594,3830),
	(10592,1594,3831),
	(10593,1594,3832),
	(10594,1594,3833),
	(10595,1594,3834),
	(10596,1594,3835),
	(10597,1594,3836),
	(10589,1594,3837),
	(10599,1594,3838),
	(10584,1594,4475),
	(10585,1594,4476),
	(10598,1594,4477),
	(10583,1594,4478),
	(10573,1594,4497),
	(10574,1594,4498),
	(10575,1594,4499),
	(10576,1594,4500),
	(10577,1594,4501),
	(10578,1594,4502),
	(10579,1594,4503),
	(10580,1594,4504),
	(10581,1594,4505),
	(10607,1595,3738),
	(10612,1595,3820),
	(10613,1595,3821),
	(10614,1595,3822),
	(10616,1595,3829),
	(10617,1595,3830),
	(10618,1595,3831),
	(10619,1595,3832),
	(10620,1595,3833),
	(10621,1595,3834),
	(10622,1595,3835),
	(10623,1595,3836),
	(10615,1595,3837),
	(10625,1595,3838),
	(10610,1595,4475),
	(10611,1595,4476),
	(10624,1595,4477),
	(10609,1595,4478),
	(10600,1595,4497),
	(10601,1595,4498),
	(10602,1595,4499),
	(10603,1595,4500),
	(10604,1595,4501),
	(10605,1595,4502),
	(10606,1595,4503),
	(10608,1595,4506),
	(10644,1596,3802),
	(10627,1596,3856),
	(10632,1596,3899),
	(10633,1596,3900),
	(10634,1596,3901),
	(10635,1596,3902),
	(10630,1596,4017),
	(10631,1596,4018),
	(10645,1596,4187),
	(10626,1596,4231),
	(10646,1596,4344),
	(10636,1596,4427),
	(10637,1596,4428),
	(10638,1596,4429),
	(10639,1596,4431),
	(10640,1596,4432),
	(10641,1596,4433),
	(10642,1596,4434),
	(10643,1596,4435),
	(10647,1596,4478),
	(10628,1596,4507),
	(10629,1596,4508),
	(10691,1598,3709),
	(10692,1598,3710),
	(10693,1598,3711),
	(10670,1598,3714),
	(10671,1598,3715),
	(10682,1598,3775),
	(10683,1598,3779),
	(10684,1598,3796),
	(10685,1598,3797),
	(10686,1598,3798),
	(10687,1598,4061),
	(10688,1598,4062),
	(10689,1598,4063),
	(10672,1598,4239),
	(10673,1598,4240),
	(10674,1598,4241),
	(10675,1598,4242),
	(10690,1598,4335),
	(10676,1598,4509),
	(10677,1598,4510),
	(10678,1598,4511),
	(10679,1598,4512),
	(10680,1598,4513),
	(10681,1598,4514),
	(10696,1599,3856),
	(10709,1599,3883),
	(10716,1599,3937),
	(10710,1599,4131),
	(10711,1599,4132),
	(10697,1599,4248),
	(10698,1599,4252),
	(10699,1599,4253),
	(10700,1599,4254),
	(10701,1599,4255),
	(10702,1599,4256),
	(10706,1599,4263),
	(10707,1599,4264),
	(10694,1599,4365),
	(10695,1599,4366),
	(10708,1599,4394),
	(10712,1599,4443),
	(10713,1599,4444),
	(10714,1599,4445),
	(10715,1599,4446),
	(10703,1599,4515),
	(10704,1599,4516),
	(10705,1599,4517),
	(10731,1600,4018),
	(10734,1600,4185),
	(10717,1600,4192),
	(10718,1600,4193),
	(10720,1600,4195),
	(10733,1600,4215),
	(10729,1600,4416),
	(10724,1600,4417),
	(10719,1600,4418),
	(10732,1600,4419),
	(10721,1600,4420),
	(10722,1600,4421),
	(10723,1600,4422),
	(10728,1600,4423),
	(10725,1600,4518),
	(10735,1600,4519),
	(10730,1600,4520),
	(10726,1600,4521),
	(10727,1600,4522),
	(10750,1601,3785),
	(10751,1601,3798),
	(10742,1601,3872),
	(10746,1601,3883),
	(10758,1601,4089),
	(10759,1601,4091),
	(10737,1601,4248),
	(10738,1601,4252),
	(10739,1601,4253),
	(10740,1601,4254),
	(10741,1601,4255),
	(10749,1601,4256),
	(10744,1601,4263),
	(10745,1601,4264),
	(10752,1601,4443),
	(10753,1601,4444),
	(10754,1601,4445),
	(10755,1601,4446),
	(10756,1601,4447),
	(10757,1601,4464),
	(10743,1601,4515),
	(10736,1601,4523),
	(10747,1601,4524),
	(10748,1601,4525),
	(10760,1602,3722),
	(10762,1602,3737),
	(10763,1602,3738),
	(10764,1602,3740),
	(10779,1602,3808),
	(10767,1602,3901),
	(10768,1602,3902),
	(10780,1602,3951),
	(10781,1602,3961),
	(10761,1602,3987),
	(10765,1602,4017),
	(10766,1602,4018),
	(10778,1602,4187),
	(10769,1602,4427),
	(10770,1602,4428),
	(10771,1602,4429),
	(10772,1602,4430),
	(10773,1602,4431),
	(10774,1602,4432),
	(10775,1602,4433),
	(10776,1602,4434),
	(10777,1602,4435),
	(10785,1603,3743),
	(10786,1603,3744),
	(10787,1603,3745),
	(10788,1603,3746),
	(10802,1603,3787),
	(10803,1603,3788),
	(10797,1603,4150),
	(10798,1603,4165),
	(10799,1603,4166),
	(10800,1603,4167),
	(10801,1603,4168),
	(10804,1603,4196),
	(10783,1603,4376),
	(10782,1603,4501),
	(10784,1603,4506),
	(10789,1603,4526),
	(10790,1603,4527),
	(10791,1603,4528),
	(10792,1603,4529),
	(10793,1603,4530),
	(10794,1603,4531),
	(10795,1603,4532),
	(10796,1603,4533),
	(10811,1604,3787),
	(10806,1604,3812),
	(10807,1604,3813),
	(10808,1604,3814),
	(10809,1604,3815),
	(10820,1604,3838),
	(10805,1604,4000),
	(10818,1604,4166),
	(10817,1604,4167),
	(10810,1604,4168),
	(10812,1604,4367),
	(10816,1604,4473),
	(10819,1604,4474),
	(10813,1604,4534),
	(10814,1604,4535),
	(10815,1604,4536),
	(10821,1605,3739),
	(10826,1605,3775),
	(10837,1605,3932),
	(10838,1605,3933),
	(10839,1605,3934),
	(10840,1605,3935),
	(10841,1605,3936),
	(10842,1605,3944),
	(10843,1605,3945),
	(10822,1605,4015),
	(10823,1605,4016),
	(10824,1605,4017),
	(10825,1605,4018),
	(10836,1605,4187),
	(10827,1605,4427),
	(10828,1605,4428),
	(10829,1605,4429),
	(10830,1605,4430),
	(10831,1605,4431),
	(10832,1605,4432),
	(10833,1605,4433),
	(10834,1605,4434),
	(10835,1605,4435),
	(10845,1606,3721),
	(10846,1606,3722),
	(10858,1606,3793),
	(10861,1606,3901),
	(10855,1606,3902),
	(10850,1606,3951),
	(10857,1606,3961),
	(10854,1606,3987),
	(10852,1606,4017),
	(10863,1606,4018),
	(10859,1606,4187),
	(10847,1606,4427),
	(10848,1606,4428),
	(10849,1606,4429),
	(10860,1606,4431),
	(10851,1606,4432),
	(10844,1606,4433),
	(10853,1606,4434),
	(10856,1606,4435),
	(10862,1606,4478),
	(10910,1609,3712),
	(10920,1609,3729),
	(10921,1609,3838),
	(10912,1609,3971),
	(10913,1609,3972),
	(10914,1609,3973),
	(10915,1609,3974),
	(10911,1609,4000),
	(10917,1609,4220),
	(10919,1609,4221),
	(10918,1609,4222),
	(10916,1609,4231),
	(10922,1609,4473),
	(10923,1609,4474),
	(10924,1609,4475),
	(10925,1609,4476),
	(10926,1609,4477),
	(10927,1609,4478),
	(10934,1610,3729),
	(10930,1610,3971),
	(10931,1610,3972),
	(10932,1610,3973),
	(10933,1610,3974),
	(10935,1610,4220),
	(10948,1610,4222),
	(10943,1610,4376),
	(10929,1610,4472),
	(10947,1610,4478),
	(10941,1610,4498),
	(10938,1610,4526),
	(10939,1610,4527),
	(10940,1610,4529),
	(10937,1610,4530),
	(10944,1610,4539),
	(10945,1610,4540),
	(10946,1610,4541),
	(10942,1610,4542),
	(10936,1610,4543),
	(10928,1610,4544),
	(10995,1613,3785),
	(11002,1613,3798),
	(10992,1613,3872),
	(11010,1613,4089),
	(11011,1613,4091),
	(10986,1613,4234),
	(10987,1613,4248),
	(10988,1613,4252),
	(10989,1613,4253),
	(10990,1613,4254),
	(10991,1613,4255),
	(10996,1613,4256),
	(10993,1613,4263),
	(10994,1613,4264),
	(11003,1613,4443),
	(11004,1613,4444),
	(11005,1613,4445),
	(11006,1613,4446),
	(11007,1613,4447),
	(11008,1613,4448),
	(11009,1613,4449),
	(10997,1613,4550),
	(10998,1613,4551),
	(10999,1613,4552),
	(11000,1613,4553),
	(11001,1613,4554),
	(11012,1614,3714),
	(11013,1614,3715),
	(11021,1614,3775),
	(11025,1614,3785),
	(11026,1614,3798),
	(11018,1614,3872),
	(11034,1614,4089),
	(11035,1614,4091),
	(11014,1614,4248),
	(11015,1614,4252),
	(11016,1614,4253),
	(11017,1614,4254),
	(11022,1614,4256),
	(11019,1614,4263),
	(11020,1614,4264),
	(11033,1614,4339),
	(11027,1614,4443),
	(11028,1614,4444),
	(11029,1614,4445),
	(11030,1614,4446),
	(11031,1614,4447),
	(11032,1614,4448),
	(11023,1614,4551),
	(11024,1614,4552),
	(11066,1616,3785),
	(11072,1616,3798),
	(11060,1616,3872),
	(11079,1616,4063),
	(11069,1616,4077),
	(11074,1616,4089),
	(11062,1616,4091),
	(11073,1616,4248),
	(11071,1616,4252),
	(11070,1616,4253),
	(11078,1616,4254),
	(11063,1616,4255),
	(11061,1616,4256),
	(11064,1616,4263),
	(11065,1616,4264),
	(11075,1616,4443),
	(11076,1616,4444),
	(11077,1616,4445),
	(11067,1616,4555),
	(11068,1616,4556),
	(11085,1617,3872),
	(11105,1617,4063),
	(11106,1617,4091),
	(11080,1617,4248),
	(11081,1617,4252),
	(11082,1617,4253),
	(11083,1617,4254),
	(11084,1617,4255),
	(11089,1617,4256),
	(11087,1617,4263),
	(11088,1617,4264),
	(11102,1617,4315),
	(11086,1617,4443),
	(11103,1617,4444),
	(11104,1617,4445),
	(11090,1617,4555),
	(11091,1617,4556),
	(11092,1617,4557),
	(11093,1617,4558),
	(11094,1617,4559),
	(11095,1617,4560),
	(11096,1617,4561),
	(11097,1617,4562),
	(11098,1617,4563),
	(11099,1617,4564),
	(11100,1617,4565),
	(11101,1617,4566),
	(11123,1618,4063),
	(11120,1618,4091),
	(11116,1618,4248),
	(11108,1618,4255),
	(11107,1618,4256),
	(11110,1618,4263),
	(11111,1618,4264),
	(11114,1618,4335),
	(11115,1618,4383),
	(11119,1618,4443),
	(11121,1618,4444),
	(11122,1618,4445),
	(11109,1618,4507),
	(11112,1618,4555),
	(11113,1618,4556),
	(11117,1618,4567),
	(11118,1618,4568),
	(11124,1619,3860),
	(11133,1619,4008),
	(11125,1619,4248),
	(11126,1619,4253),
	(11127,1619,4254),
	(11128,1619,4255),
	(11129,1619,4256),
	(11131,1619,4263),
	(11132,1619,4264),
	(11138,1619,4329),
	(11139,1619,4330),
	(11140,1619,4331),
	(11141,1619,4332),
	(11136,1619,4443),
	(11142,1619,4464),
	(11143,1619,4465),
	(11144,1619,4466),
	(11145,1619,4467),
	(11146,1619,4468),
	(11147,1619,4469),
	(11148,1619,4470),
	(11149,1619,4471),
	(11134,1619,4569),
	(11135,1619,4570),
	(11130,1619,4571),
	(11137,1619,4572),
	(11162,1620,3860),
	(11155,1620,4008),
	(11156,1620,4009),
	(11154,1620,4049),
	(11157,1620,4050),
	(11169,1620,4051),
	(11152,1620,4086),
	(11165,1620,4087),
	(11153,1620,4198),
	(11159,1620,4337),
	(11160,1620,4338),
	(11161,1620,4339),
	(11167,1620,4340),
	(11163,1620,4341),
	(11164,1620,4342),
	(11158,1620,4464),
	(11168,1620,4573),
	(11166,1620,4574),
	(11170,1620,4575),
	(11150,1620,4576),
	(11151,1620,4577),
	(11171,1621,3856),
	(11173,1621,4018),
	(11182,1621,4049),
	(11185,1621,4187),
	(11186,1621,4324),
	(11187,1621,4325),
	(11188,1621,4326),
	(11191,1621,4327),
	(11190,1621,4328),
	(11176,1621,4427),
	(11177,1621,4428),
	(11178,1621,4429),
	(11179,1621,4430),
	(11180,1621,4431),
	(11181,1621,4432),
	(11189,1621,4433),
	(11183,1621,4434),
	(11184,1621,4435),
	(11192,1621,4472),
	(11172,1621,4508),
	(11174,1621,4537),
	(11175,1621,4538),
	(11193,1622,3712),
	(11198,1622,3726),
	(11199,1622,3727),
	(11200,1622,3728),
	(11201,1622,3729),
	(11205,1622,3838),
	(11194,1622,3971),
	(11195,1622,3972),
	(11196,1622,3973),
	(11197,1622,3974),
	(11202,1622,4000),
	(11207,1622,4063),
	(11206,1622,4172),
	(11209,1622,4220),
	(11210,1622,4221),
	(11217,1622,4222),
	(11203,1622,4286),
	(11204,1622,4287),
	(11212,1622,4473),
	(11213,1622,4474),
	(11214,1622,4475),
	(11215,1622,4476),
	(11216,1622,4477),
	(11211,1622,4478),
	(11208,1622,4578),
	(11220,1623,3726),
	(11221,1623,3727),
	(11222,1623,3728),
	(11223,1623,3729),
	(11242,1623,3958),
	(11224,1623,4017),
	(11225,1623,4018),
	(11238,1623,4063),
	(11236,1623,4172),
	(11237,1623,4185),
	(11239,1623,4192),
	(11240,1623,4193),
	(11241,1623,4195),
	(11243,1623,4215),
	(11226,1623,4286),
	(11227,1623,4287),
	(11218,1623,4361),
	(11219,1623,4362),
	(11228,1623,4416),
	(11229,1623,4417),
	(11230,1623,4418),
	(11231,1623,4419),
	(11232,1623,4420),
	(11233,1623,4421),
	(11234,1623,4422),
	(11235,1623,4423),
	(11270,1625,3737),
	(11271,1625,3740),
	(11278,1625,3821),
	(11279,1625,3822),
	(11281,1625,3829),
	(11282,1625,3830),
	(11283,1625,3831),
	(11284,1625,3832),
	(11285,1625,3833),
	(11286,1625,3834),
	(11276,1625,3835),
	(11277,1625,3836),
	(11289,1625,3837),
	(11290,1625,3838),
	(11274,1625,3930),
	(11272,1625,4387),
	(11287,1625,4475),
	(11288,1625,4476),
	(11280,1625,4477),
	(11273,1625,4478),
	(11291,1625,4479),
	(11268,1625,4484),
	(11269,1625,4485),
	(11275,1625,4579),
	(11293,1626,3722),
	(11295,1626,3741),
	(11296,1626,3742),
	(11297,1626,3753),
	(11298,1626,3754),
	(11299,1626,3776),
	(11300,1626,3794),
	(11302,1626,3816),
	(11303,1626,3821),
	(11304,1626,3822),
	(11305,1626,3827),
	(11306,1626,3829),
	(11307,1626,3830),
	(11308,1626,3831),
	(11309,1626,3832),
	(11310,1626,3833),
	(11311,1626,3834),
	(11312,1626,3835),
	(11313,1626,3836),
	(11314,1626,3837),
	(11315,1626,3838),
	(11301,1626,3937),
	(11294,1626,3982),
	(11292,1626,4160),
	(11345,1628,3739),
	(11349,1628,3775),
	(11341,1628,3854),
	(11343,1628,3860),
	(11344,1628,3866),
	(11346,1628,3867),
	(11354,1628,3932),
	(11355,1628,3933),
	(11364,1628,3961),
	(11347,1628,4008),
	(11348,1628,4009),
	(11351,1628,4049),
	(11352,1628,4050),
	(11353,1628,4051),
	(11362,1628,4086),
	(11363,1628,4087),
	(11340,1628,4108),
	(11365,1628,4198),
	(11360,1628,4208),
	(11361,1628,4337),
	(11342,1628,4371),
	(11350,1628,4423),
	(11356,1628,4580),
	(11357,1628,4581),
	(11358,1628,4582),
	(11359,1628,4583),
	(11378,1629,3860),
	(11381,1629,3961),
	(11371,1629,4008),
	(11372,1629,4009),
	(11366,1629,4049),
	(11376,1629,4050),
	(11383,1629,4051),
	(11379,1629,4086),
	(11380,1629,4087),
	(11369,1629,4198),
	(11374,1629,4208),
	(11375,1629,4337),
	(11377,1629,4371),
	(11370,1629,4423),
	(11367,1629,4580),
	(11368,1629,4581),
	(11382,1629,4582),
	(11373,1629,4583),
	(11396,1630,3958),
	(11385,1630,4017),
	(11399,1630,4018),
	(11398,1630,4187),
	(11384,1630,4287),
	(11386,1630,4361),
	(11397,1630,4409),
	(11387,1630,4427),
	(11388,1630,4428),
	(11389,1630,4429),
	(11390,1630,4430),
	(11391,1630,4431),
	(11392,1630,4432),
	(11393,1630,4433),
	(11394,1630,4434),
	(11395,1630,4435),
	(11400,1631,3729),
	(11401,1631,3990),
	(11402,1631,3991),
	(11403,1631,3992),
	(11405,1631,4176),
	(11406,1631,4177),
	(11407,1631,4376),
	(11404,1631,4377),
	(11408,1631,4584),
	(11409,1631,4585),
	(11410,1631,4586),
	(11411,1631,4587),
	(11412,1631,4588),
	(11413,1631,4589),
	(11414,1631,4590),
	(11415,1631,4591),
	(11416,1631,4592),
	(11417,1631,4593),
	(11418,1631,4594),
	(11419,1631,4595),
	(11420,1631,4596),
	(11421,1631,4597),
	(11422,1631,4598),
	(11423,1632,3718),
	(11424,1632,3719),
	(11425,1632,3720),
	(11426,1632,3721),
	(11427,1632,3722),
	(11428,1632,3723),
	(11429,1632,3724),
	(11430,1632,3725),
	(11431,1632,3726),
	(11432,1632,3727),
	(11433,1632,3728),
	(11434,1632,3729),
	(11435,1632,3731),
	(11440,1632,3739),
	(11441,1632,3775),
	(11436,1632,3990),
	(11437,1632,3991),
	(11438,1632,3992),
	(11442,1632,4176),
	(11443,1632,4177),
	(11444,1632,4376),
	(11439,1632,4377),
	(11450,1633,4049),
	(11448,1633,4086),
	(11459,1633,4087),
	(11449,1633,4198),
	(11454,1633,4337),
	(11455,1633,4339),
	(11456,1633,4340),
	(11457,1633,4341),
	(11458,1633,4342),
	(11460,1633,4443),
	(11447,1633,4515),
	(11452,1633,4524),
	(11453,1633,4525),
	(11461,1633,4573),
	(11462,1633,4574),
	(11463,1633,4575),
	(11445,1633,4576),
	(11446,1633,4577),
	(11451,1633,4599),
	(11464,1634,3721),
	(11465,1634,3722),
	(11466,1634,3723),
	(11467,1634,3724),
	(11468,1634,3725),
	(11469,1634,3726),
	(11470,1634,3727),
	(11471,1634,3728),
	(11472,1634,3729),
	(11480,1634,3793),
	(11473,1634,3990),
	(11474,1634,3991),
	(11475,1634,3992),
	(11477,1634,4176),
	(11478,1634,4177),
	(11479,1634,4376),
	(11476,1634,4377),
	(11481,1634,4584),
	(11482,1634,4585),
	(11483,1634,4586),
	(11484,1634,4587),
	(11485,1634,4588),
	(11486,1634,4589),
	(11487,1634,4600),
	(11488,1634,4601),
	(11489,1635,3721),
	(11490,1635,3722),
	(11502,1635,3793),
	(11494,1635,3901),
	(11495,1635,3902),
	(11508,1635,3951),
	(11509,1635,3961),
	(11491,1635,3987),
	(11492,1635,4017),
	(11493,1635,4018),
	(11506,1635,4187),
	(11496,1635,4427),
	(11497,1635,4428),
	(11498,1635,4429),
	(11499,1635,4430),
	(11500,1635,4431),
	(11501,1635,4432),
	(11507,1635,4433),
	(11503,1635,4434),
	(11504,1635,4435),
	(11505,1635,4601),
	(11510,1635,4602),
	(11511,1635,4603),
	(11512,1635,4604),
	(11513,1636,3729),
	(11525,1636,3990),
	(11526,1636,3991),
	(11523,1636,3992),
	(11521,1636,4176),
	(11522,1636,4177),
	(11533,1636,4376),
	(11531,1636,4377),
	(11524,1636,4435),
	(11514,1636,4584),
	(11515,1636,4585),
	(11516,1636,4586),
	(11517,1636,4587),
	(11518,1636,4588),
	(11519,1636,4589),
	(11527,1636,4600),
	(11528,1636,4601),
	(11529,1636,4602),
	(11530,1636,4603),
	(11532,1636,4604),
	(11520,1636,4605),
	(11539,1637,4421),
	(11540,1637,4422),
	(11541,1637,4423),
	(11542,1637,4435),
	(11544,1637,4606),
	(11543,1637,4607),
	(11534,1637,4608),
	(11535,1637,4609),
	(11536,1637,4610),
	(11537,1637,4611),
	(11538,1637,4612),
	(11545,1637,4613),
	(11570,1639,3735),
	(11571,1639,3736),
	(11573,1639,3738),
	(11575,1639,3740),
	(11576,1639,3745),
	(11579,1639,3755),
	(11580,1639,3756),
	(11581,1639,3757),
	(11582,1639,3758),
	(11583,1639,3759),
	(11584,1639,3760),
	(11585,1639,3761),
	(11586,1639,3762),
	(11587,1639,3763),
	(11588,1639,3775),
	(11590,1639,3838),
	(11567,1639,3845),
	(11577,1639,3846),
	(11569,1639,3847),
	(11572,1639,3993),
	(11574,1639,3995),
	(11578,1639,3996),
	(11589,1639,4059),
	(11591,1639,4475),
	(11592,1639,4476),
	(11593,1639,4477),
	(11594,1639,4478),
	(11568,1639,4486),
	(11602,1640,3737),
	(11604,1640,3738),
	(11606,1640,3740),
	(11596,1640,3755),
	(11610,1640,3756),
	(11611,1640,3757),
	(11612,1640,3758),
	(11613,1640,3759),
	(11614,1640,3760),
	(11615,1640,3761),
	(11616,1640,3762),
	(11617,1640,3763),
	(11603,1640,3993),
	(11607,1640,3994),
	(11605,1640,3995),
	(11608,1640,3996),
	(11597,1640,4485),
	(11599,1640,4487),
	(11595,1640,4488),
	(11601,1640,4489),
	(11598,1640,4614),
	(11609,1640,4615),
	(11600,1640,4616),
	(11618,1640,4617),
	(11624,1641,3722),
	(11626,1641,3737),
	(11631,1641,3738),
	(11633,1641,3740),
	(11634,1641,3755),
	(11635,1641,3756),
	(11636,1641,3757),
	(11637,1641,3758),
	(11638,1641,3759),
	(11639,1641,3760),
	(11632,1641,3761),
	(11641,1641,3762),
	(11642,1641,3763),
	(11644,1641,3808),
	(11647,1641,3816),
	(11648,1641,3827),
	(11645,1641,3937),
	(11625,1641,3982),
	(11627,1641,3993),
	(11628,1641,3994),
	(11629,1641,3995),
	(11630,1641,3996),
	(11643,1641,4160),
	(11619,1641,4485),
	(11621,1641,4487),
	(11622,1641,4488),
	(11623,1641,4489),
	(11620,1641,4614),
	(11646,1641,4615),
	(11640,1641,4616),
	(11656,1642,3738),
	(11660,1642,3743),
	(11662,1642,3753),
	(11649,1642,3755),
	(11664,1642,3756),
	(11665,1642,3757),
	(11666,1642,3758),
	(11667,1642,3759),
	(11668,1642,3760),
	(11661,1642,3761),
	(11670,1642,3762),
	(11671,1642,3763),
	(11655,1642,3993),
	(11659,1642,3994),
	(11657,1642,3995),
	(11658,1642,3996),
	(11650,1642,4485),
	(11652,1642,4487),
	(11653,1642,4488),
	(11654,1642,4489),
	(11651,1642,4614),
	(11663,1642,4615),
	(11669,1642,4616),
	(11672,1642,4617),
	(11674,1643,3721),
	(11675,1643,3722),
	(11694,1643,3793),
	(11695,1643,3794),
	(11697,1643,3901),
	(11689,1643,3902),
	(11685,1643,3951),
	(11698,1643,3961),
	(11684,1643,3987),
	(11686,1643,4017),
	(11687,1643,4018),
	(11696,1643,4187),
	(11690,1643,4427),
	(11691,1643,4428),
	(11692,1643,4429),
	(11693,1643,4430),
	(11673,1643,4611),
	(11688,1643,4618),
	(11676,1643,4619),
	(11677,1643,4620),
	(11678,1643,4621),
	(11679,1643,4622),
	(11680,1643,4623),
	(11681,1643,4624),
	(11682,1643,4625),
	(11683,1643,4626),
	(11722,1644,3937),
	(11723,1644,3944),
	(11724,1644,3945),
	(11713,1644,4015),
	(11714,1644,4016),
	(11715,1644,4017),
	(11716,1644,4018),
	(11712,1644,4132),
	(11721,1644,4187),
	(11717,1644,4427),
	(11718,1644,4428),
	(11719,1644,4429),
	(11720,1644,4430),
	(11699,1644,4611),
	(11700,1644,4618),
	(11701,1644,4619),
	(11702,1644,4620),
	(11703,1644,4621),
	(11704,1644,4622),
	(11705,1644,4623),
	(11706,1644,4624),
	(11707,1644,4625),
	(11708,1644,4626),
	(11709,1644,4627),
	(11710,1644,4628),
	(11711,1644,4629),
	(11735,1645,3785),
	(11736,1645,3798),
	(11731,1645,3872),
	(11746,1645,4091),
	(11726,1645,4248),
	(11727,1645,4252),
	(11728,1645,4253),
	(11729,1645,4254),
	(11730,1645,4255),
	(11734,1645,4256),
	(11732,1645,4263),
	(11733,1645,4264),
	(11737,1645,4443),
	(11738,1645,4464),
	(11739,1645,4465),
	(11740,1645,4466),
	(11741,1645,4467),
	(11742,1645,4468),
	(11743,1645,4469),
	(11744,1645,4470),
	(11745,1645,4471),
	(11725,1645,4630),
	(11769,1647,3714),
	(11770,1647,3715),
	(11779,1647,3775),
	(11781,1647,3785),
	(11782,1647,3798),
	(11776,1647,3872),
	(11792,1647,4089),
	(11793,1647,4091),
	(11771,1647,4248),
	(11772,1647,4252),
	(11773,1647,4253),
	(11774,1647,4254),
	(11775,1647,4255),
	(11780,1647,4256),
	(11777,1647,4263),
	(11778,1647,4264),
	(11784,1647,4443),
	(11785,1647,4465),
	(11786,1647,4466),
	(11787,1647,4467),
	(11788,1647,4468),
	(11789,1647,4469),
	(11790,1647,4470),
	(11791,1647,4471),
	(11783,1647,4569),
	(11816,1648,3709),
	(11817,1648,3710),
	(11805,1648,3779),
	(11794,1648,3843),
	(11811,1648,4061),
	(11812,1648,4062),
	(11813,1648,4063),
	(11814,1648,4064),
	(11795,1648,4239),
	(11796,1648,4240),
	(11797,1648,4241),
	(11798,1648,4242),
	(11810,1648,4315),
	(11815,1648,4335),
	(11800,1648,4510),
	(11801,1648,4511),
	(11802,1648,4512),
	(11803,1648,4513),
	(11804,1648,4514),
	(11806,1648,4563),
	(11807,1648,4564),
	(11808,1648,4565),
	(11809,1648,4566),
	(11799,1648,4631),
	(11845,1649,3709),
	(11825,1649,3779),
	(11840,1649,4061),
	(11841,1649,4062),
	(11842,1649,4063),
	(11843,1649,4064),
	(11818,1649,4239),
	(11819,1649,4240),
	(11820,1649,4241),
	(11821,1649,4242),
	(11839,1649,4315),
	(11844,1649,4335),
	(11824,1649,4383),
	(11823,1649,4507),
	(11826,1649,4556),
	(11827,1649,4557),
	(11828,1649,4558),
	(11829,1649,4559),
	(11830,1649,4560),
	(11831,1649,4561),
	(11832,1649,4562),
	(11833,1649,4563),
	(11834,1649,4564),
	(11835,1649,4565),
	(11836,1649,4566),
	(11837,1649,4567),
	(11838,1649,4568),
	(11822,1649,4632),
	(11847,1650,3937),
	(11854,1650,3944),
	(11855,1650,3945),
	(11858,1650,4015),
	(11859,1650,4016),
	(11860,1650,4017),
	(11861,1650,4018),
	(11850,1650,4132),
	(11864,1650,4185),
	(11846,1650,4192),
	(11853,1650,4193),
	(11849,1650,4195),
	(11865,1650,4215),
	(11863,1650,4416),
	(11857,1650,4417),
	(11848,1650,4418),
	(11862,1650,4419),
	(11866,1650,4420),
	(11851,1650,4421),
	(11852,1650,4422),
	(11856,1650,4423),
	(11867,1651,3721),
	(11868,1651,3722),
	(11882,1651,3793),
	(11872,1651,3901),
	(11873,1651,3902),
	(11887,1651,3951),
	(11889,1651,3961),
	(11869,1651,3987),
	(11870,1651,4017),
	(11871,1651,4018),
	(11883,1651,4185),
	(11884,1651,4192),
	(11885,1651,4193),
	(11886,1651,4195),
	(11888,1651,4215),
	(11874,1651,4416),
	(11875,1651,4417),
	(11876,1651,4418),
	(11877,1651,4419),
	(11878,1651,4420),
	(11879,1651,4421),
	(11880,1651,4422),
	(11881,1651,4423),
	(11941,1653,3721),
	(11921,1653,3737),
	(11926,1653,3738),
	(11925,1653,3740),
	(11930,1653,3755),
	(11931,1653,3756),
	(11932,1653,3757),
	(11933,1653,3758),
	(11934,1653,3759),
	(11935,1653,3760),
	(11928,1653,3761),
	(11937,1653,3762),
	(11938,1653,3763),
	(11940,1653,3793),
	(11942,1653,3808),
	(11922,1653,3993),
	(11920,1653,3994),
	(11924,1653,3995),
	(11929,1653,3996),
	(11915,1653,4485),
	(11917,1653,4487),
	(11918,1653,4488),
	(11939,1653,4489),
	(11916,1653,4614),
	(11943,1653,4615),
	(11936,1653,4616),
	(11919,1653,4617),
	(11914,1653,4633),
	(11923,1653,4634),
	(11927,1653,4635);
/*!40000 ALTER TABLE `appmodels_route_stages` ENABLE KEYS*/;
UNLOCK TABLES;


#
# Table structure for table 'appmodels_stage'
#

CREATE TABLE /*!32312 IF NOT EXISTS*/ `appmodels_stage` (
  `id` int(11) NOT NULL AUTO_INCREMENT,
  `display_name` varchar(255) NOT NULL,
  `latitude` double DEFAULT NULL,
  `longitude` double DEFAULT NULL,
  `mtc_name` varchar(255) NOT NULL,
  PRIMARY KEY (`id`)
) TYPE=InnoDB AUTO_INCREMENT=4636 /*!40100 DEFAULT CHARSET=latin1*/;



#
# Dumping data for table 'appmodels_stage'
#

TRUNCATE TABLE `appmodels_stage`;
LOCK TABLES `appmodels_stage` WRITE;
/*!40000 ALTER TABLE `appmodels_stage` DISABLE KEYS*/;
INSERT INTO `appmodels_stage` (`id`, `display_name`, `latitude`, `longitude`, `mtc_name`) VALUES
	(3709,'Thiruvetriyur B.S',NULL,NULL,'THIRUVETRIYUR B.S'),
	(3710,'Thiruvotriyur Temple',NULL,NULL,'THIRUVOTRIYUR TEMPLE'),
	(3711,'Thangal','13.1457255252009','80.2973127365112','THANGAL'),
	(3712,'Anna Nagar','13.1385792049361','80.2983856201172','ANNA NAGAR'),
	(3713,'Royapuram P.S','13.1144222670384','80.2925491333008','ROYAPURAM P.S'),
	(3714,'Clive Battery','13.1015905406979','80.2943515777588','CLIVE BATTERY'),
	(3715,'Parrys','13.088883546731','80.2904033660889','PARRYS'),
	(3716,'T.N.C.F',NULL,NULL,'T.N.C.F'),
	(3717,'Periyar Bridge','13.07312429213','80.2753829956055','PERIYAR BRIDGE'),
	(3718,'T.V.S','13.059328892902','80.2595043182373','T.V.S'),
	(3719,'D.M.S',NULL,NULL,'D.M.S'),
	(3720,'S.H.B',NULL,NULL,'S.H.B'),
	(3721,'Saidapet','13.0217847863025','80.2255582809448','SAIDAPET'),
	(3722,'Guindy R.S',NULL,NULL,'GUINDY R.S'),
	(3723,'St Thomas Mount Po',NULL,NULL,'ST THOMAS MOUNT PO'),
	(3724,'Menamabakkam Old Airport',NULL,NULL,'MENAMABAKKAM OLD AIRPORT'),
	(3725,'Thirusoolam National Airp',NULL,NULL,'THIRUSOOLAM NATIONAL AIRP'),
	(3726,'Pallavaram','12.9680926857748','80.148868560791','PALLAVARAM'),
	(3727,'Chrompet','12.9525348633235','80.1399421691895','CHROMPET'),
	(3728,'T.B.Sanatorium','12.938314498258','80.1289558410645','T.B.SANATORIUM'),
	(3729,'Tambaram','12.9251808526283','80.1155233383179','TAMBARAM'),
	(3730,'Thruvotriyur Temple',NULL,NULL,'THRUVOTRIYUR TEMPLE'),
	(3731,'P.Or & Sons','13.0712013433311','80.2736663818359','P.OR & SONS'),
	(3732,'Wesley H.S',NULL,NULL,'WESLEY H.S'),
	(3733,'Y.M.I.A','13.0448637983867','80.2666282653809','Y.M.I.A'),
	(3734,'Mandaveli','13.0266819394855','80.2657216787338','MANDAVELI'),
	(3735,'A.M.S.Hospital','13.0164746367495','80.25963306427','A.M.S.HOSPITAL'),
	(3736,'Adayar O.T.',NULL,NULL,'ADAYAR O.T.'),
	(3737,'Adayar B.S.',NULL,NULL,'ADAYAR B.S.'),
	(3738,'Thiruvanmiyur','12.9868799688651','80.258903503418','THIRUVANMIYUR'),
	(3739,'Central','13.0813593598317','80.2754688262939','CENTRAL'),
	(3740,'Adayar Depot',NULL,NULL,'ADAYAR DEPOT'),
	(3741,'Jn.Of Race Course Rd','13.0066066551534','80.2205371856689','JN.OF RACE COURSE RD'),
	(3742,'Gurunanak College','12.987580413285','80.2230262756348','GURUNANAK COLLEGE'),
	(3743,'Velachery','12.9752021195654','80.220365524292','VELACHERY'),
	(3744,'Madipakkam Rd. Jn.','12.9660486859567','80.1886625288171','MADIPAKKAM RD. JN.'),
	(3745,'Narayanapuram','12.938983710096','80.2052593231201','NARAYANAPURAM'),
	(3746,'Medavakkam Colony','12.9208307029961','80.1970195770264','MEDAVAKKAM COLONY'),
	(3747,'Medavakkam Koot Road','12.9206592049046','80.1841220859205','MEDAVAKKAM KOOT ROAD'),
	(3748,'Nanganallur','12.9804713334638','80.1828575134277','NANGANALLUR'),
	(3749,'Chidambaram Stores','12.9810567947805','80.1880931854248','CHIDAMBARAM STORES'),
	(3750,'Vanuvambedu','12.985573164295','80.1973628997803','VANUVAMBEDU'),
	(3751,'Madipakkam Koot Road','12.9689918312721','80.1899385452271','MADIPAKKAM KOOT ROAD'),
	(3752,'A.V.Construction','12.9647469995726','80.2116966247559','A.V.CONSTRUCTION'),
	(3753,'I.R.T. Rd.Jn.','12.9815586176687','80.2397632598877','I.R.T. RD.JN.'),
	(3754,'Srp Tools',NULL,NULL,'SRP TOOLS'),
	(3755,'Kottivakkam','12.9702673576819','80.2580451965332','KOTTIVAKKAM'),
	(3756,'Palavakkam','12.9568008145999','80.2548694610596','PALAVAKKAM'),
	(3757,'Neelankarai','12.9452574837319','80.2535820007324','NEELANKARAI'),
	(3758,'Vettuvankanni','12.9378125882011','80.2524662017822','VETTUVANKANNI'),
	(3759,'Chola Mandal','12.9282761052531','80.251350402832','CHOLA MANDAL'),
	(3760,'Injambakkam','12.9169824305429','80.2509212493896','INJAMBAKKAM'),
	(3761,'Panaiyur','12.8996644711643','80.2474021911621','PANAIYUR'),
	(3762,'Uthandi Village','12.8760699599465','80.2431106567383','UTHANDI VILLAGE'),
	(3763,'Kanathur','12.8570756012513','80.2413940429688','KANATHUR'),
	(3764,'Ponniamman Koil Rd. Jn.','12.9647522272424','80.1961512563867','PONNIAMMAN KOIL RD. JN.'),
	(3765,'Kilkattalai','12.9540927804694','80.1860132213915','KILKATTALAI'),
	(3766,'Ennore','13.2180546090867','80.3201007843018','ENNORE'),
	(3767,'Thazhankuppam','13.2273292339005','80.326623916626','THAZHANKUPPAM'),
	(3768,'Kothari','13.2174697110143','80.3263664245605','KOTHARI'),
	(3769,'Ashok Leyland Mark.Div.','13.2052700887902','80.3210878372192','ASHOK LEYLAND MARK.DIV.'),
	(3770,'I.C.I.',NULL,NULL,'I.C.I.'),
	(3771,'Corborundum Universal',NULL,NULL,'CORBORUNDUM UNIVERSAL'),
	(3772,'Builders Industry',NULL,NULL,'BUILDERS INDUSTRY'),
	(3773,'Burmah Shell Petrol Bunk',NULL,NULL,'BURMAH SHELL PETROL BUNK'),
	(3774,'Devanathan St / Mandaveli','13.0268021458701','80.2654266357422','DEVANATHAN ST / MANDAVELI'),
	(3775,'Broadway','13.0884237418986','80.2814769744873','BROADWAY'),
	(3776,'Vijaya Nagar','12.9749512018324','80.2202796936035','VIJAYA NAGAR'),
	(3777,'Madipakkam B.S',NULL,NULL,'MADIPAKKAM B.S'),
	(3778,'Ashok Layland',NULL,NULL,'ASHOK LAYLAND'),
	(3779,'Ernavoor Gate','13.1859667018384','80.3078269958496','ERNAVOOR GATE'),
	(3780,'Royapuram',NULL,NULL,'ROYAPURAM'),
	(3781,'Athur','13.2506395700431','80.141658782959','ATHUR'),
	(3782,'Anna Square','13.064261881771','80.2833652496338','ANNA SQUARE'),
	(3783,'Triplicane','13.0582419499048','80.2776145935059','TRIPLICANE'),
	(3784,'Regal','13.0927709532952','80.27512550354','REGAL'),
	(3785,'Vyasarpadi','13.1142550827248','80.2634525299072','VYASARPADI'),
	(3786,'Mahakavi Bharathi Nagar','13.1229485163014','80.2592468261719','MAHAKAVI BHARATHI NAGAR'),
	(3787,'Veerabadra Nagar',NULL,NULL,'VEERABADRA NAGAR'),
	(3788,'Jn.Of Mambakkam & O.Bakka','12.89489554713','80.1735877990723','JN.OF MAMBAKKAM & O.BAKKA'),
	(3789,'Chitlapakkam','12.8936405520158','80.1832866668701','CHITLAPAKKAM'),
	(3790,'Arasankazhani','12.8829310044754','80.1903247833252','ARASANKAZHANI'),
	(3791,'Ottiambakkam','12.8628493690286','80.1909255981445','OTTIAMBAKKAM'),
	(3792,'Pondy Bazaar','13.0402648916056','80.2402782440186','PONDY BAZAAR'),
	(3793,'T.Nagar',NULL,NULL,'T.NAGAR'),
	(3794,'Concorde','13.0073174974609','80.2036285400391','CONCORDE'),
	(3795,'High Court','13.0854976910476','80.284481048584','HIGH COURT'),
	(3796,'Tondaiayrpet',NULL,NULL,'TONDAIAYRPET'),
	(3797,'Theagaraya College','13.116616550619','80.2837944030762','THEAGARAYA COLLEGE'),
	(3798,'V. Nagar','13.1055613418397','80.2798891067505','V. NAGAR'),
	(3799,'Corpn. Play Ground',NULL,NULL,'CORPN. PLAY GROUND'),
	(3800,'C.I.T.Colony','13.0416863810137','80.2580451965332','C.I.T.COLONY'),
	(3801,'Luz','13.0369201784264','80.2675724029541','LUZ'),
	(3802,'Vadapalani B.S','13.0493371983799','80.2085638046265','VADAPALANI B.S'),
	(3803,'Jn.Of P.T.R Rd/Kamaraj Rd','13.0442784877274','80.2087783813477','Jn.OF P.T.R Rd/KAMARAJ Rd'),
	(3804,'Muthumariamman Koil','13.039177864782','80.2048301696777','MUTHUMARIAMMAN KOIL'),
	(3805,'Kalaignar Nagar','13.0357495181321','80.2041435241699','KALAIGNAR NAGAR'),
	(3806,'Govt. Girls H.Sc',NULL,NULL,'GOVT. GIRLS H.SC'),
	(3807,'Anjugam School','13.0419790395837','80.2254295349121','ANJUGAM SCHOOL'),
	(3808,'Eng.College','13.0085719200927','80.2314376831055','ENG.COLLEGE'),
	(3809,'Women\'S Polytechnic',NULL,NULL,'WOMEN\'S POLYTECHNIC'),
	(3810,'Taramani','12.9863258845667','80.240364074707','TARAMANI'),
	(3811,'Jn.Of.Vly-Tbm Rd&Mvkm-K.K;',NULL,NULL,'JN.OF.VLY-TBM RD&MVKM-K.K;'),
	(3812,'S.I.V.E.T',NULL,NULL,'S.I.V.E.T'),
	(3813,'Mahalakshmi Nagar','12.9229221305475','80.1477527618408','MAHALAKSHMI NAGAR'),
	(3814,'Convent','12.923089443995','80.1262092590332','CONVENT'),
	(3815,'Tambaram East','12.9235077271231','80.117883682251','TAMBARAM EAST'),
	(3816,'Jaffarkhan Pet',NULL,NULL,'JAFFARKHAN PET'),
	(3817,'Srinivasa Theater',NULL,NULL,'SRINIVASA THEATER'),
	(3818,'Besant Nagar','13.00033442887','80.2667570114136','BESANT NAGAR'),
	(3819,'Velachery Vijaya Nagar','12.9755366761488','80.2205801010132','VELACHERY VIJAYA NAGAR'),
	(3820,'Lattice Bridge Rd. Jn.','12.9823113501011','80.2523803710938','LATTICE BRIDGE RD. JN.'),
	(3821,'Kandanchavadi','12.9608157608127','80.2453422546387','KANDANCHAVADI'),
	(3822,'Thorappakkam Tea Shop','12.941158636167','80.2355575561523','THORAPPAKKAM TEA SHOP'),
	(3823,'Thorappakkam P.T.C Colony',NULL,NULL,'THORAPPAKKAM P.T.C COLONY'),
	(3824,'Kannagi Nagar S.C.Board',NULL,NULL,'KANNAGI NAGAR S.C.BOARD'),
	(3825,'Koymabedu Market','13.0694455943846','80.1957321166992','KOYMABEDU MARKET'),
	(3826,'Koyambedu P.S',NULL,NULL,'KOYAMBEDU P.S'),
	(3827,'M.M.D.A.Colony Rd.Jn.','13.0638542868492','80.2117824554443','M.M.D.A.COLONY RD.JN.'),
	(3828,'Adyar Gate','13.029268977051','80.247745513916','ADYAR GATE'),
	(3829,'Mootakaran Chavadi','12.9299491987992','80.2310943603516','MOOTAKARAN CHAVADI'),
	(3830,'Karapakkam','12.914054357443','80.229549407959','KARAPAKKAM'),
	(3831,'Sozhinganallur P.U.Office','12.9011704282904','80.2256870269775','SOZHINGANALLUR P.U.OFFICE'),
	(3832,'Kumaran Nagar','12.8780362541068','80.2267169952393','KUMARAN NAGAR'),
	(3833,'Chemman Cheri',NULL,NULL,'CHEMMAN CHERI'),
	(3834,'Navalur','12.8442724251527','80.2276611328125','NAVALUR'),
	(3835,'Church',NULL,NULL,'CHURCH'),
	(3836,'Palavasthic Chemicals',NULL,NULL,'PALAVASTHIC CHEMICALS'),
	(3837,'Hindustal Egg. College',NULL,NULL,'HINDUSTAL EGG. COLLEGE'),
	(3838,'Kelambakkam','12.781669740418','80.2182197570801','KELAMBAKKAM'),
	(3839,'Kotturpuram','13.0199450623325','80.2410507202148','KOTTURPURAM'),
	(3840,'Kottur Nsk Statue','13.0204468065882','80.2415657043457','KOTTUR NSK STATUE'),
	(3841,'Water Tank',NULL,NULL,'WATER TANK'),
	(3842,'Mylapore','13.0323211239868','80.2671432495117','MYLAPORE'),
	(3843,'Tollgate','13.1417762686749','80.2958106994629','TOLLGATE'),
	(3844,'Q.M.C','13.0433587110354','80.2791595458984','Q.M.C'),
	(3845,'Fore Shore Estate','13.0242098561167','80.2738380432129','FORE SHORE ESTATE'),
	(3846,'Secretariat','13.0796454851502','80.287914276123','SECRETARIAT'),
	(3847,'Chepauk','13.0575730595293','80.2819061279297','CHEPAUK'),
	(3848,'Avvai Home','13.0074011258338','80.2597618103027','AVVAI HOME'),
	(3849,'Indira Nagar','12.9923475646314','80.2560710906982','INDIRA NAGAR'),
	(3850,'Sathuma Nagar',NULL,NULL,'SATHUMA NAGAR'),
	(3851,'Guindy Race Cource Office','13.0030524130607','80.211353302002','GUINDY RACE COURCE OFFICE'),
	(3852,'Doveton','13.0870443222541','80.2588605880737','DOVETON'),
	(3853,'Kelleys',NULL,NULL,'KELLEYS'),
	(3854,'Kilpauk Garden','13.0837420438642','80.2335834503174','KILPAUK GARDEN'),
	(3855,'Anna Nagar Circle','13.0846616701387','80.2177906036377','ANNA NAGAR CIRCLE'),
	(3856,'Thirumangalam','13.0854140890843','80.1984786987305','THIRUMANGALAM'),
	(3857,'Fire Station',NULL,NULL,'FIRE STATION'),
	(3858,'Mogapair East',NULL,NULL,'MOGAPAIR EAST'),
	(3859,'Mogapair West','13.0828224141591','80.1703262329102','MOGAPAIR WEST'),
	(3860,'Ambathur Estate','13.0997096125381','80.1698970794678','AMBATHUR ESTATE'),
	(3861,'Mogaipair Road Jn.','13.0881729389011','80.1794242858887','MOGAIPAIR ROAD JN.'),
	(3862,'Saidapet West','13.0249624591628','80.2195072174072','SAIDAPET WEST'),
	(3863,'Dasamahan','13.0980376643332','80.2511787414551','DASAMAHAN'),
	(3864,'Sayani/Aynavaram',NULL,NULL,'SAYANI/AYNAVARAM'),
	(3865,'Kamabar Arangam',NULL,NULL,'KAMABAR ARANGAM'),
	(3866,'Nathamuni Talkies','13.1034714544868','80.2029418945312','NATHAMUNI TALKIES'),
	(3867,'Lucas Tvs','13.1018831282312','80.192985534668','LUCAS TVS'),
	(3868,'Korattur','13.1124996405706','80.1835441589355','KORATTUR'),
	(3869,'Padi Kuppam',NULL,NULL,'PADI KUPPAM'),
	(3870,'P1.Police Station',NULL,NULL,'P1.POLICE STATION'),
	(3871,'Perambur Market','13.1090723126395','80.2596759796143','PERAMBUR MARKET'),
	(3872,'Moolakadai','13.1293012156191','80.2413082122803','MOOLAKADAI'),
	(3873,'Sidco','13.1309729512954','80.251350402832','SIDCO'),
	(3874,'Kaviarasu Kannadasan Naga','13.1364895982903','80.2558135986328','KAVIARASU KANNADASAN NAGA'),
	(3875,'Anna Nagar West','13.0971180879817','80.198392868042','ANNA NAGAR WEST'),
	(3876,'Choolai P.O','13.0923529555324','80.2692031860352','CHOOLAI P.O'),
	(3877,'Athipet Jn','13.0890089479','80.1617431640625','ATHIPET JN'),
	(3878,'P1 P.S',NULL,NULL,'P1 P.S'),
	(3879,'Jamalaya','13.104558198125','80.2528953552246','JAMALAYA'),
	(3880,'Veenus','13.1140043060413','80.2350425720215','VEENUS'),
	(3881,'T.V.K.Nagar','13.1211931362151','80.2325534820557','T.V.K.NAGAR'),
	(3882,'Choolai Mill',NULL,NULL,'CHOOLAI MILL'),
	(3883,'Agaram','13.1125832333382','80.2312660217285','AGARAM'),
	(3884,'Periyar Nagar','13.1143386748958','80.2237129211426','PERIYAR NAGAR'),
	(3885,'Secretariat Colony','12.994459299797','80.2065467834473','SECRETARIAT COLONY'),
	(3886,'Adambakkam P.S',NULL,NULL,'ADAMBAKKAM P.S'),
	(3887,'Hindy Vidyalaya',NULL,NULL,'HINDY VIDYALAYA'),
	(3888,'A.G.S Office Colony','12.9829804436827','80.2102160453796','A.G.S OFFICE COLONY'),
	(3889,'Padavattamman School','12.9952747174801','80.2011394500732','PADAVATTAMMAN SCHOOL'),
	(3890,'Egmore','13.0775135756308','80.2613925933838','EGMORE'),
	(3891,'Maternity Hospital','13.0706997020495','80.2581310272217','MATERNITY HOSPITAL'),
	(3892,'D.P.I',NULL,NULL,'D.P.I'),
	(3893,'Uthamar Gandhisalai (Corp','13.0638438356885','80.2433681488037','UTHAMAR GANDHISALAI (CORP'),
	(3894,'Vidyodaya','13.0513857377104','80.2406215667725','VIDYODAYA'),
	(3895,'Krishnan Temple/Pondy Baz','13.0403464182972','80.2399234773475','KRISHNAN TEMPLE/PONDY BAZ'),
	(3896,'Sterling Road','13.065014362936','80.2399349212646','STERLING ROAD'),
	(3897,'R020',NULL,NULL,'R020'),
	(3898,'Anna Road P.O./Dams Road','13.0683168920377','80.2693319320679','ANNA ROAD P.O./DAMS ROAD'),
	(3899,'Virugambakkam','13.0466615296065','80.1923418045044','VIRUGAMBAKKAM'),
	(3900,'Valasaravakkam','13.0413937220975','80.1743173599243','VALASARAVAKKAM'),
	(3901,'Porur','13.034746090615','80.1561641693115','PORUR'),
	(3902,'Ayyappan Thangal','13.0390106294622','80.1337623596191','AYYAPPAN THANGAL'),
	(3903,'Kalaignar Nagar West','13.0444039115567','80.193886756897','KALAIGNAR NAGAR WEST'),
	(3904,'M.K.B.Nagar East','13.1229485163014','80.2655982971191','M.K.B.NAGAR EAST'),
	(3905,'Sun Theater',NULL,NULL,'SUN THEATER'),
	(3906,'Telegraph Office',NULL,NULL,'TELEGRAPH OFFICE'),
	(3907,'Vellaikal','12.9341318835901','80.181827545166','VELLAIKAL'),
	(3908,'Trustpuram','13.0533924536535','80.2229404449463','TRUSTPURAM'),
	(3909,'Bharathi Nagar(Periyar Pa','13.0541867742128','80.2288627624512','BHARATHI NAGAR(PERIYAR PA'),
	(3910,'F.C.I Old',NULL,NULL,'F.C.I OLD'),
	(3911,'Santhome P.O',NULL,NULL,'SANTHOME P.O'),
	(3912,'V.House Terminus','13.0507168287753','80.2792453765869','V.HOUSE TERMINUS'),
	(3913,'V.M.Street','13.0445293353224','80.2681732177734','V.M.STREET'),
	(3914,'V.House','13.050382373629','80.2805328369141','V.HOUSE'),
	(3915,'Saligraman',NULL,NULL,'SALIGRAMAN'),
	(3916,'Picture Post','13.0515529646613','80.2216529846191','PICTURE POST'),
	(3917,'Five Lamps',NULL,NULL,'FIVE LAMPS'),
	(3918,'South Boag & S.East Boag','13.0349969478757','80.2419090270996','SOUTH BOAG & S.EAST BOAG'),
	(3919,'Defence Quarters','13.0300633750812','80.2419948577881','DEFENCE QUARTERS'),
	(3920,'Cementry (Mandaveli)','13.0298961336025','80.2619075775146','CEMENTRY (MANDAVELI)'),
	(3921,'Chinmaya Nagar','13.06049944155','80.1959896087646','CHINMAYA NAGAR'),
	(3922,'Bharathiyar Nagar','13.0542285804873','80.2302360534668','BHARATHIYAR NAGAR'),
	(3923,'Triplicane O.T (Corpn. Sc',NULL,NULL,'TRIPLICANE O.T (CORPN. SC'),
	(3924,'N.G.O.Colony',NULL,NULL,'N.G.O.COLONY'),
	(3925,'St Thomas Mount R.S',NULL,NULL,'ST THOMAS MOUNT R.S'),
	(3926,'Medavakkam','12.9171497479693','80.1918697357178','MEDAVAKKAM'),
	(3927,'Medavakkam Jn.','12.9172334066405','80.1941871643066','MEDAVAKKAM JN.'),
	(3928,'Nungambakkam R.S','13.0655160157719','80.2340126037598','NUNGAMBAKKAM R.S'),
	(3929,'Hotel Arun','13.0730406859721','80.2207946777344','HOTEL ARUN'),
	(3930,'Lattice Bridge','12.9819768026348','80.2527236938477','LATTICE BRIDGE'),
	(3931,'Q.M Arts (Men)','12.9204124153841','80.1833724975586','Q.M ARTS (MEN)'),
	(3932,'Dasaprakash','13.0788930486006','80.2503204345703','DASAPRAKASH'),
	(3933,'Taylors Road','13.0767611325773','80.2381324768066','TAYLORS ROAD'),
	(3934,'Aminijikarai',NULL,NULL,'AMINIJIKARAI'),
	(3935,'Naduvankarai','13.0770537495931','80.2106666564941','NADUVANKARAI'),
	(3936,'Arumbakkam','13.0763849101897','80.2027273178101','ARUMBAKKAM'),
	(3937,'C.M.B.T.','13.0682959900937','80.2056484215427','C.M.B.T.'),
	(3938,'Dry Cattlle Form','13.203013927469','80.1296424865723','DRY CATTLLE FORM'),
	(3939,'Athipet I.C.F. Colony','13.0930217516125','80.1462078094482','ATHIPET I.C.F. COLONY'),
	(3940,'Maharani',NULL,NULL,'MAHARANI'),
	(3941,'Brindavan Colony','12.9820186210927','80.2046155929565','BRINDAVAN COLONY'),
	(3942,'Jn. Of R.Garden & Pevr H.',NULL,NULL,'JN. OF R.GARDEN & PEVR H.'),
	(3943,'M.M.D.A.Colony','13.0647635361358','80.211353302002','M.M.D.A.COLONY'),
	(3944,'Nerkundram','13.0716193769534','80.1856899261475','NERKUNDRAM'),
	(3945,'Maduravoyal','13.0615027645472','80.1644039154053','MADURAVOYAL'),
	(3946,'Chittukadu',NULL,NULL,'CHITTUKADU'),
	(3947,'Gemini P.H',NULL,NULL,'GEMINI P.H'),
	(3948,'Veterinary Hospital','13.0525145174333','80.241436958313','VETERINARY HOSPITAL'),
	(3949,'Pudur High School','13.0424088812307','80.2165438233715','PUDUR HIGH SCHOOL'),
	(3950,'Mogalivakkam Rd. Jn.','13.0294780294114','80.1686096191406','MOGALIVAKKAM RD. JN.'),
	(3951,'Mogalivakkam','13.0301469957782','80.1676654815674','MOGALIVAKKAM'),
	(3952,'Dasarathapuram',NULL,NULL,'DASARATHAPURAM'),
	(3953,'T.B.Institute','13.0722464260591','80.2518653869629','T.B.INSTITUTE'),
	(3954,'Sterling Rd/Meteorology D','13.0656205266511','80.2430033683777','STERLING Rd/METEOROLOGY D'),
	(3955,'Mahalingapuram',NULL,NULL,'MAHALINGAPURAM'),
	(3956,'Moulivakkam','13.0198614381911','80.1431179046631','MOULIVAKKAM'),
	(3957,'Paraniputhur','13.0211157973485','80.1249217987061','PARANIPUTHUR'),
	(3958,'Mangadu','13.0273038762366','80.110502243042','MANGADU'),
	(3959,'Alwar Thirunagar',NULL,NULL,'ALWAR THIRUNAGAR'),
	(3960,'Angalamman Koil','13.0318194037872','80.1833724975586','ANGALAMMAN KOIL'),
	(3961,'Ramapuram','13.0211157973485','80.1834583282471','RAMAPURAM'),
	(3962,'Pazavanthangal Road Jn.','12.993852961835','80.1850891113281','PAZAVANTHANGAL ROAD JN.'),
	(3963,'Kannadapalayam','12.9363905042214','80.1004600524902','KANNADAPALAYAM'),
	(3964,'Pazhanthandalam','12.958557361534','80.0789165496826','PAZHANTHANDALAM'),
	(3965,'Ettayapuram','12.9469304633696','80.0648403167725','ETTAYAPURAM'),
	(3966,'Somangalam Rd Jn/N.V.R.D.','12.9752857587534','80.0484466552734','SOMANGALAM RD JN/N.V.R.D.'),
	(3967,'Poonthandalam','12.9634087124973','80.0446701049805','POONTHANDALAM'),
	(3968,'Somangalam','12.9538732088441','80.0431251525879','SOMANGALAM'),
	(3969,'Hasthinapuram','12.940238477452','80.150671005249','HASTHINAPURAM'),
	(3970,'Kumaran Kundram','12.9422879172217','80.1417016983032','KUMARAN KUNDRAM'),
	(3971,'Irumbuliyur','12.9177353580792','80.1090431213379','IRUMBULIYUR'),
	(3972,'Perungulathur','12.9049352814381','80.0954818725586','PERUNGULATHUR'),
	(3973,'Vandaloor','12.8929712187152','80.0864696502686','VANDALOOR'),
	(3974,'Vandaloor Zoo','12.8793331630881','80.0804615020752','VANDALOOR ZOO'),
	(3975,'Oorapakkam School','12.8669495002578','80.0749683380127','OORAPAKKAM SCHOOL'),
	(3976,'Palakka Company','12.8555693791186','80.0687026977539','PALAKKA COMPANY'),
	(3977,'Guduvanchery','12.841845605795','80.0578022003174','GUDUVANCHERY'),
	(3978,'Naduveerapattu',NULL,NULL,'NADUVEERAPATTU'),
	(3979,'E.B.Station',NULL,NULL,'E.B.STATION'),
	(3980,'Jn.Of Mambakkam Rd & Atan',NULL,NULL,'JN.OF MAMBAKKAM RD & ATAN'),
	(3981,'Madambakkam',NULL,NULL,'MADAMBAKKAM'),
	(3982,'Cipet','13.0138404258536','80.2043581008911','CIPET'),
	(3983,'St Thomas Mount',NULL,NULL,'ST THOMAS MOUNT'),
	(3984,'Alandur Municipality',NULL,NULL,'ALANDUR MUNICIPALITY'),
	(3985,'Housing Board',NULL,NULL,'HOUSING BOARD'),
	(3986,'Korukkupet R.S',NULL,NULL,'KORUKKUPET R.S'),
	(3987,'Butt Road','13.0075683824948','80.1960754394531','BUTT ROAD'),
	(3988,'Ramapuram (L.N.P Koil)',NULL,NULL,'RAMAPURAM (L.N.P KOIL)'),
	(3989,'Velachery Hospital',NULL,NULL,'VELACHERY HOSPITAL'),
	(3990,'Tambaram Town Limit','12.9255154763839','80.1008033752441','TAMBARAM TOWN LIMIT'),
	(3991,'Perungalathur (Old)','12.9197431537477','80.0870704650879','PERUNGALATHUR (OLD)'),
	(3992,'Mudichur Village','12.9088674008771','80.0687026977539','MUDICHUR VILLAGE'),
	(3993,'Nature Care Hospital','12.8395861322252','80.2404499053955','NATURE CARE HOSPITAL'),
	(3994,'Muttukkadu','12.8201705597427','80.2412223815918','MUTTUKKADU'),
	(3995,'Muttukkadu Boat Yard','12.8059845288191','80.2428531646729','MUTTUKKADU BOAT YARD'),
	(3996,'Kovalam','12.7856874918037','80.2453422546387','KOVALAM'),
	(3997,'Thalambur','12.8483728597756','80.2070617675781','THALAMBUR'),
	(3998,'Sirucheri','12.8215096128367','80.2041435241699','SIRUCHERI'),
	(3999,'Sonalur / Pudur',NULL,NULL,'SONALUR / PUDUR'),
	(4000,'Pudupakkam','12.7994143265335','80.1976203918457','PUDUPAKKAM'),
	(4001,'Vandaloor Rd.Jn','12.7915465979655','80.2187347412109','VANDALOOR RD.JN'),
	(4002,'Sathankuppam',NULL,NULL,'SATHANKUPPAM'),
	(4003,'Guindy Tvk Estate','13.008906431723','80.2125978469849','GUINDY TVK ESTATE'),
	(4004,'Indira Nagar Water Tank',NULL,NULL,'INDIRA NAGAR WATER TANK'),
	(4005,'Nucleus Company',NULL,NULL,'NUCLEUS COMPANY'),
	(4006,'Chemmanchery S.C.B.','12.8616778906561','80.2266311645508','CHEMMANCHERY S.C.B.'),
	(4007,'Dharmaprakash/Petrol Bunk','13.078976652775','80.2540969848633','DHARMAPRAKASH/PETROL BUNK'),
	(4008,'Dunlop','13.1053105562943','80.1522159576416','DUNLOP'),
	(4009,'Amb Ot',NULL,NULL,'AMB OT'),
	(4010,'Oragadam O.T.',NULL,NULL,'ORAGADAM O.T.'),
	(4011,'Oragadam',NULL,NULL,'ORAGADAM'),
	(4012,'I021',NULL,NULL,'I021'),
	(4013,'M132',NULL,NULL,'M132'),
	(4014,'Ayanambakkam','13.0730406859721','80.1529026031494','AYANAMBAKKAM'),
	(4015,'Vaanagaram','13.0613355443307','80.1515293121338','VAANAGARAM'),
	(4016,'Velappanchavadi','13.0615027645472','80.1381397247314','VELAPPANCHAVADI'),
	(4017,'Kumunanchavadi',NULL,NULL,'KUMUNANCHAVADI'),
	(4018,'Poonamallee','13.0493058430542','80.1044318670756','POONAMALLEE'),
	(4019,'Villivakkam','13.1085707484495','80.2058601379395','VILLIVAKKAM'),
	(4020,'Srinivasa Nagar',NULL,NULL,'SRINIVASA NAGAR'),
	(4021,'Poombuhar',NULL,NULL,'POOMBUHAR'),
	(4022,'Kolathur/Nehru Rd Jn',NULL,NULL,'KOLATHUR/NEHRU RD JN'),
	(4023,'Peavallur Kumaran Nagar',NULL,NULL,'PEAVALLUR KUMARAN NAGAR'),
	(4024,'Ayyappa Nagar',NULL,NULL,'AYYAPPA NAGAR'),
	(4025,'2Nd Water Tank On Second',NULL,NULL,'2ND WATER TANK ON SECOND'),
	(4026,'Konimedu Rd. Jn.',NULL,NULL,'KONIMEDU RD. JN.'),
	(4027,'Koladi School',NULL,NULL,'KOLADI SCHOOL'),
	(4028,'Thiruverkadu','13.0694455943846','80.1239776611328','THIRUVERKADU'),
	(4029,'Mogapair',NULL,NULL,'MOGAPAIR'),
	(4030,'Vengatapuram',NULL,NULL,'VENGATAPURAM'),
	(4031,'Karakku',NULL,NULL,'KARAKKU'),
	(4032,'Ayapakkam',NULL,NULL,'AYAPAKKAM'),
	(4033,'Menambedu',NULL,NULL,'MENAMBEDU'),
	(4034,'Tamilnadu Housing Board C',NULL,NULL,'TAMILNADU HOUSING BOARD C'),
	(4035,'Defence Colony',NULL,NULL,'DEFENCE COLONY'),
	(4036,'Bharath Electronics',NULL,NULL,'BHARATH ELECTRONICS'),
	(4037,'N4 Police Station','13.1344835591775','80.2973556518555','N4 POLICE STATION'),
	(4038,'Mogalivakkam / Mari Ammn','13.0297288920108','80.1684379577637','MOGALIVAKKAM / MARI AMMN'),
	(4039,'Periyapanicheri','13.0102444737319','80.1210594177246','PERIYAPANICHERI'),
	(4040,'Koovoor',NULL,NULL,'KOOVOOR'),
	(4041,'Nandambakkam','13.0179380751502','80.1874923706055','NANDAMBAKKAM'),
	(4042,'Ayanavaram B.S',NULL,NULL,'AYANAVARAM B.S'),
	(4043,'Anna Poorna Hotel/Dams Rd','13.0684423036645','80.2696323394775','ANNA POORNA HOTEL/DAMS RD'),
	(4044,'Shanthi/Dams Rd.','13.068275088148','80.2690315246582','SHANTHI/DAMS RD.'),
	(4045,'Vellala Street',NULL,NULL,'VELLALA STREET'),
	(4046,'Besantnagar W.Tank',NULL,NULL,'BESANTNAGAR W.TANK'),
	(4047,'Vadapalani P.S',NULL,NULL,'VADAPALANI P.S'),
	(4048,'Royapetta Hospital','13.0537687110788','80.2656412124634','ROYAPETTA HOSPITAL'),
	(4049,'Avadi','13.1196885147349','80.1026916503906','AVADI'),
	(4050,'Polytechnic','13.1259577101364','80.1189994812012','POLYTECHNIC'),
	(4051,'Thirumullaivoayl',NULL,NULL,'THIRUMULLAIVOAYL'),
	(4052,'Postal Audit Office','13.0635930076992','80.2613925933838','POSTAL AUDIT OFFICE'),
	(4053,'Golden Flat','13.0890089479','80.170841217041','GOLDEN FLAT'),
	(4054,'U.S.I.S.','13.0505496012587','80.2522087097168','U.S.I.S.'),
	(4055,'Elango Nagar Officer Colo',NULL,NULL,'ELANGO NAGAR OFFICER COLO'),
	(4056,'Collector Nagar',NULL,NULL,'COLLECTOR NAGAR'),
	(4057,'Trustpuram/Bharathiyar Na',NULL,NULL,'TRUSTPURAM/BHARATHIYAR NA'),
	(4058,'Egmore North R.S.',NULL,NULL,'EGMORE NORTH R.S.'),
	(4059,'Q.M.Arts College','12.9207470455298','80.1835441589355','Q.M.ARTS COLLEGE'),
	(4060,'Central/Moore Market','13.0818609794362','80.2762842178345','CENTRAL/MOORE MARKET'),
	(4061,'Sathiyamoorthy Nagar','13.1784454891122','80.2963256835938','SATHIYAMOORTHY NAGAR'),
	(4062,'Jn.,Of Ponneri Rd,&Eranoo;',NULL,NULL,'JN.,OF PONNERI RD,&ERANOO;'),
	(4063,'Andakuppam',NULL,NULL,'ANDAKUPPAM'),
	(4064,'Echankuzhi','13.1799497501563','80.2693748474121','ECHANKUZHI'),
	(4065,'Manali New Town','13.202846803579','80.2693748474121','MANALI NEW TOWN'),
	(4066,'V.G.P.',NULL,NULL,'V.G.P.'),
	(4067,'Perambur R.S','13.108090081808','80.2452993392944','PERAMBUR R.S'),
	(4068,'Shivashanmugapuram',NULL,NULL,'SHIVASHANMUGAPURAM'),
	(4069,'Lady Mctm School/Millers','13.0846616701387','80.2498483657837','LADY MCTM SCHOOL/MILLERS'),
	(4070,'K.M.C','13.077806191754','80.2427673339844','K.M.C'),
	(4071,'Perambur B.S','13.1085707484495','80.247917175293','PERAMBUR B.S'),
	(4072,'Vinayagapuram','13.1389553322433','80.2065896987915','VINAYAGAPURAM'),
	(4073,'Kolathur',NULL,NULL,'KOLATHUR'),
	(4074,'S.R.P. Colony','13.1216946746618','80.2237129211426','S.R.P. COLONY'),
	(4075,'Millers Road',NULL,NULL,'MILLERS ROAD'),
	(4076,'Mathur M.M.D.A.',NULL,NULL,'MATHUR M.M.D.A.'),
	(4077,'Madhavaram Millk Colony','13.1518686867609','80.2420806884766','MADHAVARAM MILLK COLONY'),
	(4078,'Madhavaram Post Box','13.1428419473326','80.2362442016602','MADHAVARAM POST BOX'),
	(4079,'Sterling Rd./Metrolog. De','13.0659340590231','80.2432823181152','STERLING RD./METROLOG. DE'),
	(4080,'Ganesh Puram','13.109573875807','80.2595043182373','GANESH PURAM'),
	(4081,'M.M.C',NULL,NULL,'M.M.C'),
	(4082,'Saidapet Court','13.0155129439526','80.2256011962891','SAIDAPET COURT'),
	(4083,'Univercity Club','13.0946937338691','80.2860260009766','UNIVERCITY CLUB'),
	(4084,'Dr.Ambedhar Bridge',NULL,NULL,'DR.AMBEDHAR BRIDGE'),
	(4085,'M.K.B.Nagar','13.1231156947033','80.2591609954834','M.K.B.NAGAR'),
	(4086,'Pattabiram','13.1210259565054','80.064754486084','PATTABIRAM'),
	(4087,'Kavaraipalayam','13.1193541531553','80.0798606872559','KAVARAIPALAYAM'),
	(4088,'Corporation School/Office',NULL,NULL,'CORPORATION SCHOOL/OFFICE'),
	(4089,'Sarma Nagar','13.1215274952933','80.2529811859131','SARMA NAGAR'),
	(4090,'Tb Hospital',NULL,NULL,'TB HOSPITAL'),
	(4091,'Madhavaram','13.1376597802033','80.229549407959','MADHAVARAM'),
	(4092,'Mathur Rd. Jn.,',NULL,NULL,'MATHUR RD. JN.,'),
	(4093,'Vadaperumbakkam','13.1749355107153','80.2154731750488','VADAPERUMBAKKAM'),
	(4094,'Settimedu',NULL,NULL,'SETTIMEDU'),
	(4095,'Velangadupakkam',NULL,NULL,'VELANGADUPAKKAM'),
	(4096,'Sriungavoor',NULL,NULL,'SRIUNGAVOOR'),
	(4097,'Perungavoor',NULL,NULL,'PERUNGAVOOR'),
	(4098,'Arumandai Rd.Jn.','13.2283318749105','80.2177906036377','ARUMANDAI RD.JN.'),
	(4099,'Thirunillai Rd.Jn.','13.2340969806692','80.2281761169434','THIRUNILLAI RD.JN.'),
	(4100,'Periamullaivoyal','13.2477990033251','80.2307510375977','PERIAMULLAIVOYAL'),
	(4101,'Vazhuthunaimedu','13.2635887921477','80.2297210693359','VAZHUTHUNAIMEDU'),
	(4102,'Kodungaiyur O.T.','13.1385792049361','80.2434539794922','KODUNGAIYUR O.T.'),
	(4103,'Chinna Kodungaiyur','13.1407523769778','80.2485179901123','CHINNA KODUNGAIYUR'),
	(4104,'Kodungaiyur(Parvathi Naga','13.1461852228883','80.2504062652588','KODUNGAIYUR(PARVATHI NAGA'),
	(4105,'Madahvaram Village','13.1485254886681','80.2300643920898','MADAHVARAM VILLAGE'),
	(4106,'Petrol Bunk',NULL,NULL,'PETROL BUNK'),
	(4107,'Assisi Nagar',NULL,NULL,'ASSISI NAGAR'),
	(4108,'Icf Annexe','13.0946101350258','80.2235412597656','ICF ANNEXE'),
	(4109,'Jn.Of Central Avenue&Erik;',NULL,NULL,'JN.OF CENTRAL AVENUE&ERIK;'),
	(4110,'Vinayagar Koil','13.1011307595859','80.1632881164551','VINAYAGAR KOIL'),
	(4111,'Valluvarkottam',NULL,NULL,'VALLUVARKOTTAM'),
	(4112,'Sakthi Nagar',NULL,NULL,'SAKTHI NAGAR'),
	(4113,'Senthil Nagar',NULL,NULL,'SENTHIL NAGAR'),
	(4114,'G.K.M.Colony','13.1102426251064','80.2227687835693','G.K.M.COLONY'),
	(4115,'Teachers Colony',NULL,NULL,'TEACHERS COLONY'),
	(4116,'Ambedkar Nagar','13.2098659084766','80.1018333435059','AMBEDKAR NAGAR'),
	(4117,'Korukkupet','13.126041298328','80.2778720855713','KORUKKUPET'),
	(4118,'I.O.C',NULL,NULL,'I.O.C'),
	(4119,'Ezhil Nagar',NULL,NULL,'EZHIL NAGAR'),
	(4120,'Kodungaiyur Parvathinagar',NULL,NULL,'KODUNGAIYUR PARVATHINAGAR'),
	(4121,'Ellaiamman Koil','13.1578863284566','80.3015613555908','ELLAIAMMAN KOIL'),
	(4122,'T.V.T Rly Gate',NULL,NULL,'T.V.T RLY GATE'),
	(4123,'Manali Rd Jn.','13.1613965512203','80.2688598632812','MANALI RD JN.'),
	(4124,'Manali','13.1707568993765','80.2566719055176','MANALI'),
	(4125,'Slum Clearance Board',NULL,NULL,'SLUM CLEARANCE BOARD'),
	(4126,'Coronation Nagar',NULL,NULL,'CORONATION NAGAR'),
	(4127,'Jn.Of.Palavanthangal &Gst;',NULL,NULL,'JN.OF.PALAVANTHANGAL &GST;'),
	(4128,'V.House P.S',NULL,NULL,'V.HOUSE P.S'),
	(4129,'I.C.F',NULL,NULL,'I.C.F'),
	(4130,'Jn.Of Manali Rd.Chinna Ko',NULL,NULL,'JN.OF MANALI RD.CHINNA KO'),
	(4131,'Weels India Rd.Jn.',NULL,NULL,'WEELS INDIA RD.JN.'),
	(4132,'Koyambedu School','13.074378381099','80.1991653442383','KOYAMBEDU SCHOOL'),
	(4133,'Kosapur Rd. Jn.,',NULL,NULL,'KOSAPUR RD. JN.,'),
	(4134,'Manalai Seekadu','13.1672468107386','80.2449989318848','MANALAI SEEKADU'),
	(4135,'Ramachandra Medl.College',NULL,NULL,'RAMACHANDRA MEDL.COLLEGE'),
	(4136,'Ayyappan Madam','13.0717029835929','80.1153087615967','AYYAPPAN MADAM'),
	(4137,'Pallavan Nagar','12.9153929094036','80.1943588256836','PALLAVAN NAGAR'),
	(4138,'Perumbakkam Limit','12.9074451520484','80.2008819580078','PERUMBAKKAM LIMIT'),
	(4139,'Water Supply Head Work','12.8974891837559','80.2472305297852','WATER SUPPLY HEAD WORK'),
	(4140,'Karanai','12.8590838833696','80.1994228363037','KARANAI'),
	(4141,'Camp Road','12.9214163044761','80.1432037353516','CAMP ROAD'),
	(4142,'Balaji Nagar (Bharath Eng','12.9046006301199','80.1421737670898','BALAJI NAGAR (BHARATH ENG'),
	(4143,'Meppadu Hospital','12.8912142102858','80.1407146453857','MEPPADU HOSPITAL'),
	(4144,'Agaram Then','12.8855247650504','80.1545333862305','AGARAM THEN'),
	(4145,'Prithiyangara Devi Temple',NULL,NULL,'PRITHIYANGARA DEVI TEMPLE'),
	(4146,'Kakkan Bridge','12.9879149532066','80.2050018310547','KAKKAN BRIDGE'),
	(4147,'Puzhithivakkam B.S','12.9747002838463','80.2034568786621','PUZHITHIVAKKAM B.S'),
	(4148,'Vengaivasal Rd.Jn.','12.9196594959171','80.1711845397949','VENGAIVASAL RD.JN.'),
	(4149,'Vengaivasal P.H.Centre','12.9117118742591','80.1688671112061','VENGAIVASAL P.H.CENTRE'),
	(4150,'Noothancheri Cross Rd.','12.9008357719348','80.1681804656982','NOOTHANCHERI CROSS RD.'),
	(4151,'Madambakkam Koil','12.9013377563004','80.1577949523926','MADAMBAKKAM KOIL'),
	(4152,'Bharatha Matha St',NULL,NULL,'BHARATHA MATHA ST'),
	(4153,'National High School',NULL,NULL,'NATIONAL HIGH SCHOOL'),
	(4154,'Varadharaja Theater',NULL,NULL,'VARADHARAJA THEATER'),
	(4155,'Chitlapakkam B.S',NULL,NULL,'CHITLAPAKKAM B.S'),
	(4156,'Moovarasanpet',NULL,NULL,'MOOVARASANPET'),
	(4157,'Jn.Of.Arterial Rd With 40',NULL,NULL,'JN.OF.ARTERIAL RD WITH 40'),
	(4158,'Tamarind Tree',NULL,NULL,'TAMARIND TREE'),
	(4159,'Sunnambu Kolathur',NULL,NULL,'SUNNAMBU KOLATHUR'),
	(4160,'Jn Of Iii And 1St Ave','13.0418954228848','80.2123188972473','JN OF III AND 1ST AVE'),
	(4161,'Perumbakkam Colony(Indran',NULL,NULL,'PERUMBAKKAM COLONY(INDRAN'),
	(4162,'Nookampalayam Village',NULL,NULL,'NOOKAMPALAYAM VILLAGE'),
	(4163,'Jn.Of.Orakadu Rd & S/Vara','13.2381909584468','80.1613998413086','JN.OF.ORAKADU RD & S/VARA'),
	(4164,'Kovilamcherry Village',NULL,NULL,'KOVILAMCHERRY VILLAGE'),
	(4165,'Madurapakkam Rd.Jn.',NULL,NULL,'MADURAPAKKAM RD.JN.'),
	(4166,'Ponmar',NULL,NULL,'PONMAR'),
	(4167,'Mambakkam Temple',NULL,NULL,'MAMBAKKAM TEMPLE'),
	(4168,'Mambakkam Roce Mill',NULL,NULL,'MAMBAKKAM ROCE MILL'),
	(4169,'Noothancheri','12.9008357719348','80.1685237884521','NOOTHANCHERI'),
	(4170,'Stephen Church',NULL,NULL,'STEPHEN CHURCH'),
	(4171,'Cowl Bazaar',NULL,NULL,'COWL BAZAAR'),
	(4172,'Pammal','12.9749512018324','80.134105682373','PAMMAL'),
	(4173,'Pozhichalur','12.9898385490125','80.1418304443359','POZHICHALUR'),
	(4174,'Statn Rd Jn-With Gst Road',NULL,NULL,'STATN RD JN-WITH GST ROAD'),
	(4175,'Burial Ground',NULL,NULL,'BURIAL GROUND'),
	(4176,'Manivakkam','12.8954812093629','80.0616645812988','MANIVAKKAM'),
	(4177,'Karasangal','12.8919672154085','80.0405502319336','KARASANGAL'),
	(4178,'Manimangalam Rd. Jn.',NULL,NULL,'MANIMANGALAM RD. JN.'),
	(4179,'Sundarasozhapuram','13.078307818586','80.1251792907715','SUNDARASOZHAPURAM'),
	(4180,'Paruthipattu Rd. Jn.','13.088005736761','80.1256942749023','PARUTHIPATTU RD. JN.'),
	(4181,'Mettupalayam','13.0803143157114','80.1016616821289','METTUPALAYAM'),
	(4182,'Ayalchery',NULL,NULL,'AYALCHERY'),
	(4183,'Anaicutche','13.104558198125','80.0586605072021','ANAICUTCHE'),
	(4184,'Thandarai','13.1120816763063','80.0623512268066','THANDARAI'),
	(4185,'Varadaraja Puram','13.0470377972775','80.0794315338135','VARADARAJA PURAM'),
	(4186,'Meppur','13.0293107875372','80.0833797454834','MEPPUR'),
	(4187,'Chembarambakkam','13.0408502117629','80.057544708252','CHEMBARAMBAKKAM'),
	(4188,'Irulapalayam Rd Jn.',NULL,NULL,'IRULAPALAYAM RD JN.'),
	(4189,'Irulapalayam',NULL,NULL,'IRULAPALAYAM'),
	(4190,'Padurmedu',NULL,NULL,'PADURMEDU'),
	(4191,'Pattur','13.0217847863025','80.1223468780518','PATTUR'),
	(4192,'Thirumalisai','13.0537269047265','80.0632953643799','THIRUMALISAI'),
	(4193,'Vellavedu','13.0679406567751','80.0371170043945','VELLAVEDU'),
	(4194,'Andersonpet','13.0781406097554','80.0251007080078','ANDERSONPET'),
	(4195,'Puthuchathiram','13.0910153579256','80.0051879882812','PUTHUCHATHIRAM'),
	(4196,'Kotyamedu','13.0933561489717','80.0124835968018','KOTYAMEDU'),
	(4197,'Kosapalayam','13.0941921403837','80.0205516815186','KOSAPALAYAM'),
	(4198,'Thirunindravoor','13.1247874724681','80.0284481048584','THIRUNINDRAVOOR'),
	(4199,'Thirunindravoor Rly.Stn.','13.12470388385','80.0271606445312','THIRUNINDRAVOOR RLY.STN.'),
	(4200,'Manapakkam P.U.O',NULL,NULL,'MANAPAKKAM P.U.O'),
	(4201,'Manapakkam Village',NULL,NULL,'MANAPAKKAM VILLAGE'),
	(4202,'Murugan Koil / Girugambak',NULL,NULL,'MURUGAN KOIL / GIRUGAMBAK'),
	(4203,'Parivakkam',NULL,NULL,'PARIVAKKAM'),
	(4204,'Kolappanchery',NULL,NULL,'KOLAPPANCHERY'),
	(4205,'Annambedu',NULL,NULL,'ANNAMBEDU'),
	(4206,'Periya Kottamedu','13.0945265361541','80.0063896179199','PERIYA KOTTAMEDU'),
	(4207,'Ramasamy Nagar','13.1014651459343','79.9972915649414','RAMASAMY NAGAR'),
	(4208,'Perumalpattu',NULL,NULL,'PERUMALPATTU'),
	(4209,'Sri Ram Engg.College',NULL,NULL,'SRI RAM ENGG.COLLEGE'),
	(4210,'Veppampattu','13.1252054151323','79.9989223480225','VEPPAMPATTU'),
	(4211,'Veppampattu R.S.','13.1249546496191','79.9972057342529','VEPPAMPATTU R.S.'),
	(4212,'Madananadapuram',NULL,NULL,'MADANANADAPURAM'),
	(4213,'Kuthambakkam','13.0568205556921','80.0322246551514','KUTHAMBAKKAM'),
	(4214,'Agaram Mel','13.0388433940293','80.0814914703369','AGARAM MEL'),
	(4215,'Nemam','13.0801471082411','80.0228691101074','NEMAM'),
	(4216,'Vandaloor R.G/Manivakkam','12.8928038851104','80.0836372375488','VANDALOOR R.G/MANIVAKKAM'),
	(4217,'Sadanandapuram',NULL,NULL,'SADANANDAPURAM'),
	(4218,'Alapakkam',NULL,NULL,'ALAPAKKAM'),
	(4219,'Nedugundram',NULL,NULL,'NEDUGUNDRAM'),
	(4220,'Kolapakkam','12.8708822162192','80.1054382324219','KOLAPAKKAM'),
	(4221,'Vengambakkam Rd Jn.',NULL,NULL,'VENGAMBAKKAM RD JN.'),
	(4222,'Kandigai',NULL,NULL,'KANDIGAI'),
	(4223,'Malrosapuram',NULL,NULL,'MALROSAPURAM'),
	(4224,'Keerapakkam',NULL,NULL,'KEERAPAKKAM'),
	(4225,'Vengambakkam Village',NULL,NULL,'VENGAMBAKKAM VILLAGE'),
	(4226,'Kadaperi',NULL,NULL,'KADAPERI'),
	(4227,'Crescent Residential H.S.',NULL,NULL,'CRESCENT RESIDENTIAL H.S.'),
	(4228,'Kolapakkam Colony',NULL,NULL,'KOLAPAKKAM COLONY'),
	(4229,'Kolapakkam Rice Mill',NULL,NULL,'KOLAPAKKAM RICE MILL'),
	(4230,'Melkottiyur',NULL,NULL,'MELKOTTIYUR'),
	(4231,'Mambakkam Rdjn./Venkatama','12.9299491987992','79.8930931091309','MAMBAKKAM RDJN./VENKATAMA'),
	(4232,'Nagalkeni','12.9593938080999','80.1303291320801','NAGALKENI'),
	(4233,'Thiruneermalai','12.9644960712941','80.1163387298584','THIRUNEERMALAI'),
	(4234,'Vazhuthalambedu Rd. Jn','12.9677581191789','80.1022624969482','VAZHUTHALAMBEDU RD. JN'),
	(4235,'Thirumudivakkam','12.9659179948601','80.0809764862061','THIRUMUDIVAKKAM'),
	(4236,'Durgas','12.9426643431032','80.0769424438477','DURGAS'),
	(4237,'K123',NULL,NULL,'K123'),
	(4238,'Thambuchetty St',NULL,NULL,'THAMBUCHETTY ST'),
	(4239,'Napalayam','13.221229745579','80.2726364135742','NAPALAYAM'),
	(4240,'Kondakkarai','13.2422848674078','80.2738380432129','KONDAKKARAI'),
	(4241,'Pattamandiri','13.2626698378281','80.2738380432129','PATTAMANDIRI'),
	(4242,'Minjur B.D.O','13.276871470967','80.2595901489258','MINJUR B.D.O'),
	(4243,'Minjur New Terminus','13.2823848224093','80.255126953125','MINJUR NEW TERMINUS'),
	(4244,'Ariyalur',NULL,NULL,'ARIYALUR'),
	(4245,'Theyampakkam',NULL,NULL,'THEYAMPAKKAM'),
	(4246,'Chettimedu','13.1856324306281','80.221996307373','CHETTIMEDU'),
	(4247,'Grand Line','13.1847967506034','80.2022552490234','GRAND LINE'),
	(4248,'Red Hills','13.1913985449602','80.1855182647705','RED HILLS'),
	(4249,'Odeon Mani',NULL,NULL,'ODEON MANI'),
	(4250,'Amman Kulam',NULL,NULL,'AMMAN KULAM'),
	(4251,'Vichoor','13.2208955226315','80.2508354187012','VICHOOR'),
	(4252,'Cycle Shop','13.1550446827298','80.205774307251','CYCLE SHOP'),
	(4253,'Kavangarai','13.169586875421','80.1995944976807','KAVANGARAI'),
	(4254,'Aayurveda Ashramam','13.1821225553366','80.1928997039795','AAYURVEDA ASHRAMAM'),
	(4255,'Padiyanallur','13.2073591084635','80.1729011535645','PADIYANALLUR'),
	(4256,'Semilivaram','13.224571949859','80.1663780212402','SEMILIVARAM'),
	(4257,'Sozhipalayam','13.23802385866','80.1741027832031','SOZHIPALAYAM'),
	(4258,'Orakkadu','13.2411987350036','80.1841449737549','ORAKKADU'),
	(4259,'Budur','13.2387758067978','80.194787979126','BUDUR'),
	(4260,'Pammadu Kulam Rd.Jn.',NULL,NULL,'PAMMADU KULAM RD.JN.'),
	(4261,'Alamadhi Old','13.2010084332413','80.1438903808594','ALAMADHI OLD'),
	(4262,'Alamadhi','13.2060221379316','80.1165962219238','ALAMADHI'),
	(4263,'Sholavaram','13.2376061086914','80.1612281799316','SHOLAVARAM'),
	(4264,'Karanodai','13.2479660964028','80.1567649841309','KARANODAI'),
	(4265,'Sholavaram P.S.','13.2410316372806','80.1602840423584','SHOLAVARAM P.S.'),
	(4266,'Karanodai School','13.2471306298669','80.1573657989502','KARANODAI SCHOOL'),
	(4267,'Sothupermedu','13.2541484596161','80.1712703704834','SOTHUPERMEDU'),
	(4268,'Pudukuppam','13.2436216390999','80.2153015136719','PUDUKUPPAM'),
	(4269,'Gnayaru','13.2612496288649','80.2141857147217','GNAYARU'),
	(4270,'Janapan Chattram Rd. Jn.',NULL,NULL,'JANAPAN CHATTRAM RD. JN.'),
	(4271,'Siruniam Rd.Jn.','13.2235692933851','80.1676654815674','SIRUNIAM RD.JN.'),
	(4272,'Angadu','13.2248226133332','80.1868057250977','ANGADU'),
	(4273,'Thirunillai Water Tank','13.2305878021025','80.2374458312988','THIRUNILLAI WATER TANK'),
	(4274,'Poochiathibedu','13.2127069173693','80.0861263275146','POOCHIATHIBEDU'),
	(4275,'Azhinjivakkam Rd.Jn.','13.2011755583893','80.1919555664062','AZHINJIVAKKAM RD.JN.'),
	(4276,'Kummanur','13.2185559491755','80.1953887939453','KUMMANUR'),
	(4277,'Pammadukulam Colony',NULL,NULL,'PAMMADUKULAM COLONY'),
	(4278,'Karimedu',NULL,NULL,'KARIMEDU'),
	(4279,'Irankuppam',NULL,NULL,'IRANKUPPAM'),
	(4280,'Pammadukulam',NULL,NULL,'PAMMADUKULAM'),
	(4281,'Pothur',NULL,NULL,'POTHUR'),
	(4282,'Uppara Palayam',NULL,NULL,'UPPARA PALAYAM'),
	(4283,'Old&New; Erumai Vetti Pala',NULL,NULL,'OLD&NEW; ERUMAI VETTI PALA'),
	(4284,'Old Erumai Vetti Palayam','13.2340134293859','80.1349639892578','OLD ERUMAI VETTI PALAYAM'),
	(4285,'New Erumai Vetti Palayam','13.2365199554198','80.1247501373291','NEW ERUMAI VETTI PALAYAM'),
	(4286,'Anakaputhur','12.9834822626866','80.1265525817871','ANAKAPUTHUR'),
	(4287,'Kundrathur B.S','12.9980345728421','80.0965118408203','KUNDRATHUR B.S'),
	(4288,'Pammal Sankar Nagar','12.973027490802','80.1286125183105','PAMMAL SANKAR NAGAR'),
	(4289,'Sri Sankara Health Centre','12.9661689217049','80.126895904541','SRI SANKARA HEALTH CENTRE'),
	(4290,'Kamarajapuram','12.9705182801402','80.1211452484131','KAMARAJAPURAM'),
	(4291,'Kundrathur Murugan Temple','12.9873295080482','80.0935077667236','KUNDRATHUR MURUGAN TEMPLE'),
	(4292,'Sirukalathur','12.9950238200167','80.0798606872559','SIRUKALATHUR'),
	(4293,'Alagesa Nagar','12.9869949673382','80.0642395019531','ALAGESA NAGAR'),
	(4294,'Nandambakkam Kalaignar Na',NULL,NULL,'NANDAMBAKKAM KALAIGNAR NA'),
	(4295,'Avadi Circle','13.1197721050587','80.1026916503906','AVADI CIRCLE'),
	(4296,'Koilpathagai Rd.Jn.','13.133898461349','80.1028633117676','KOILPATHAGAI RD.JN.'),
	(4297,'H.V.F.Main Gate','13.166494642342','80.0981426239014','H.V.F.MAIN GATE'),
	(4298,'Aafs Cross Road','13.166494642342','80.0981426239014','AAFS CROSS ROAD'),
	(4299,'Vengal Cross Road','13.1769412188206','80.0844955444336','VENGAL CROSS ROAD'),
	(4300,'Veerapuram Rd Jn.','13.1924013335704','80.0845813751221','VEERAPURAM RD JN.'),
	(4301,'Morai',NULL,NULL,'MORAI'),
	(4302,'Kadhavoor',NULL,NULL,'KADHAVOOR'),
	(4303,'Kadhavoor Rd.Jn.',NULL,NULL,'KADHAVOOR RD.JN.'),
	(4304,'Kilkondaiyur',NULL,NULL,'KILKONDAIYUR'),
	(4305,'Veerapuram',NULL,NULL,'VEERAPURAM'),
	(4306,'Arakkambakkam',NULL,NULL,'ARAKKAMBAKKAM'),
	(4307,'Pandeswaram',NULL,NULL,'PANDESWARAM'),
	(4308,'Airforce Station',NULL,NULL,'AIRFORCE STATION'),
	(4309,'Nallur Pudu Nagar',NULL,NULL,'NALLUR PUDU NAGAR'),
	(4310,'Muthapudupet',NULL,NULL,'MUTHAPUDUPET'),
	(4311,'Koilpathagai(Bharathi Nag',NULL,NULL,'KOILPATHAGAI(BHARATHI NAG'),
	(4312,'Vallanur P.U.O',NULL,NULL,'VALLANUR P.U.O'),
	(4313,'Kollumedu',NULL,NULL,'KOLLUMEDU'),
	(4314,'Arikambedu',NULL,NULL,'ARIKAMBEDU'),
	(4315,'Kattur Road Jn.',NULL,NULL,'KATTUR ROAD JN.'),
	(4316,'Lakshmipuram School',NULL,NULL,'LAKSHMIPURAM SCHOOL'),
	(4317,'Konimedu',NULL,NULL,'KONIMEDU'),
	(4318,'Bangarupet','13.2045180373325','80.0896453857422','BANGARUPET'),
	(4319,'Arakkambakkam Rd.Jn.',NULL,NULL,'ARAKKAMBAKKAM RD.JN.'),
	(4320,'C.R.P.Cross Rd.',NULL,NULL,'C.R.P.CROSS RD.'),
	(4321,'C.V.D.Mitnamallee Rd.Jn.',NULL,NULL,'C.V.D.MITNAMALLEE RD.JN.'),
	(4322,'Palavedu',NULL,NULL,'PALAVEDU'),
	(4323,'Melapedu',NULL,NULL,'MELAPEDU'),
	(4324,'Karayancahvadi',NULL,NULL,'KARAYANCAHVADI'),
	(4325,'Senneerkuppam','13.0685259113803','80.1123905181885','SENNEERKUPPAM'),
	(4326,'Melpakkam','13.0863337091211','80.108699798584','MELPAKKAM'),
	(4327,'Govardanagiri','13.1003783886413','80.1083564758301','GOVARDANAGIRI'),
	(4328,'Avadi Mosque','13.1157597374557','80.1048374176025','AVADI MOSQUE'),
	(4329,'Pudur','13.1303878451029','80.1585674285889','PUDUR'),
	(4330,'Kallikuppam','13.1323103316442','80.1729869842529','KALLIKUPPAM'),
	(4331,'Surapedu','13.1445971726798','80.1881790161133','SURAPEDU'),
	(4332,'Screw Factory','13.1588056773735','80.1981353759766','SCREW FACTORY'),
	(4333,'Pozhal Camp',NULL,NULL,'POZHAL CAMP'),
	(4334,'Madanakuppam',NULL,NULL,'MADANAKUPPAM'),
	(4335,'Minjur',NULL,NULL,'MINJUR'),
	(4336,'Kosappur',NULL,NULL,'KOSAPPUR'),
	(4337,'Nemilicheri','13.12470388385','80.0486183166504','NEMILICHERI'),
	(4338,'Nasic Nagar',NULL,NULL,'NASIC NAGAR'),
	(4339,'Pakkam','13.2088631915605','80.1713562011719','PAKKAM'),
	(4340,'Kesava Cross Road',NULL,NULL,'KESAVA CROSS ROAD'),
	(4341,'Kasanoor',NULL,NULL,'KASANOOR'),
	(4342,'Tamaraipakkam',NULL,NULL,'TAMARAIPAKKAM'),
	(4343,'Adi Dravidar Hostel',NULL,NULL,'ADI DRAVIDAR HOSTEL'),
	(4344,'Valliyur School',NULL,NULL,'VALLIYUR SCHOOL'),
	(4345,'R.R.Kandigai',NULL,NULL,'R.R.KANDIGAI'),
	(4346,'Vilambakkam',NULL,NULL,'VILAMBAKKAM'),
	(4347,'Eraiyur Junction',NULL,NULL,'ERAIYUR JUNCTION'),
	(4348,'Rajapalayam',NULL,NULL,'RAJAPALAYAM'),
	(4349,'Meyyur',NULL,NULL,'MEYYUR'),
	(4350,'Guruvoyal Karanibattai',NULL,NULL,'GURUVOYAL KARANIBATTAI'),
	(4351,'Magaral Kandigai',NULL,NULL,'MAGARAL KANDIGAI'),
	(4352,'Vilinjambakkam Amman Koil',NULL,NULL,'VILINJAMBAKKAM AMMAN KOIL'),
	(4353,'N046',NULL,NULL,'N046'),
	(4354,'N047',NULL,NULL,'N047'),
	(4355,'Puliyur',NULL,NULL,'PULIYUR'),
	(4356,'Puliyur Kandigai',NULL,NULL,'PULIYUR KANDIGAI'),
	(4357,'V090',NULL,NULL,'V090'),
	(4358,'Vadhattur Jn.',NULL,NULL,'VADHATTUR JN.'),
	(4359,'M133',NULL,NULL,'M133'),
	(4360,'Pakkam Village',NULL,NULL,'PAKKAM VILLAGE'),
	(4361,'Kollaicheri','13.009240942902','80.101146697998','KOLLAICHERI'),
	(4362,'Sikkaravaram','13.0202795586158','80.1047515869141','SIKKARAVARAM'),
	(4363,'Jn.Of.Pattamandri',NULL,NULL,'JN.OF.PATTAMANDRI'),
	(4364,'Kathirvedu',NULL,NULL,'KATHIRVEDU'),
	(4365,'Malligai Nagar Ave','13.1294683896987','80.211181640625','MALLIGAI NAGAR AVE'),
	(4366,'Water Pipe Thanthankuppam','13.1206080067338','80.1989936828613','WATER PIPE THANTHANKUPPAM'),
	(4367,'Madurapakkam',NULL,NULL,'MADURAPAKKAM'),
	(4368,'Alandur',NULL,NULL,'ALANDUR'),
	(4369,'Thillai Ganga Nagr Iind M',NULL,NULL,'THILLAI GANGA NAGR IIND M'),
	(4370,'Thirunindravoor P.U.O.',NULL,NULL,'THIRUNINDRAVOOR P.U.O.'),
	(4371,'Veppumpattu Puliyamaram',NULL,NULL,'VEPPUMPATTU PULIYAMARAM'),
	(4372,'Koyambedu Rohini Theater',NULL,NULL,'KOYAMBEDU ROHINI THEATER'),
	(4373,'Kamaraj Nagar',NULL,NULL,'KAMARAJ NAGAR'),
	(4374,'Kannan Theater',NULL,NULL,'KANNAN THEATER'),
	(4375,'Sidco Nagar',NULL,NULL,'SIDCO NAGAR'),
	(4376,'M.G.R.Nagar','12.8887878450392','80.0302505493164','M.G.R.NAGAR'),
	(4377,'Padappai','12.8857757727128','80.0154876708984','PADAPPAI'),
	(4378,'Mullai Nagar','12.9159785236315','80.0652694702148','MULLAI NAGAR'),
	(4379,'Manimangalam Village','12.9184464542241','80.0402069091797','MANIMANGALAM VILLAGE'),
	(4380,'Pushpagiri Rd. Jn.','12.9218345904067','80.0195217132568','PUSHPAGIRI RD. JN.'),
	(4381,'Veterinary Hospital/Prdct','12.9051862696328','80.0165176391602','VETERINARY HOSPITAL/PRDCT'),
	(4382,'Thandalam Rd Jn.','13.0050595207364','80.1004600524902','THANDALAM RD JN.'),
	(4383,'Nallur','13.2833872364905','80.2440547943115','NALLUR'),
	(4384,'Nandambakkam Village','12.9799695083805','80.0668144226074','NANDAMBAKKAM VILLAGE'),
	(4385,'Amarambedu Road',NULL,NULL,'AMARAMBEDU ROAD'),
	(4386,'Amarambedu','13.411995914694','80.0151443481445','AMARAMBEDU'),
	(4387,'Thandalam Village','12.7103440348411','80.1864624023438','THANDALAM VILLAGE'),
	(4388,'Periyar Colony','12.981474980591','80.0577163696289','PERIYAR COLONY'),
	(4389,'Ananda Nagar',NULL,NULL,'ANANDA NAGAR'),
	(4390,'Somangalam Rd /Amarambedu','12.9756203152243','80.0479316711426','SOMANGALAM RD /AMARAMBEDU'),
	(4391,'Pudupeir Coot Road',NULL,NULL,'PUDUPEIR COOT ROAD'),
	(4392,'Amarambedu Chatram',NULL,NULL,'AMARAMBEDU CHATRAM'),
	(4393,'Amarambedu Village',NULL,NULL,'AMARAMBEDU VILLAGE'),
	(4394,'Bus Bay-17Th Km','13.1440120989592','80.2209663391113','BUS BAY-17TH KM'),
	(4395,'Seemavaram',NULL,NULL,'SEEMAVARAM'),
	(4396,'Chinnamadiyoor',NULL,NULL,'CHINNAMADIYOOR'),
	(4397,'Thandavarayan Palayam',NULL,NULL,'THANDAVARAYAN PALAYAM'),
	(4398,'Kanniampalayam',NULL,NULL,'KANNIAMPALAYAM'),
	(4399,'Mosque',NULL,NULL,'MOSQUE'),
	(4400,'Muthamil Nagar','13.1333969478149','80.2464580535889','MUTHAMIL NAGAR'),
	(4401,'Thailapuram',NULL,NULL,'THAILAPURAM'),
	(4402,'Maraimalai Nagar','12.7955641921466','80.020637512207','MARAIMALAI NAGAR'),
	(4403,'Paventher Salai',NULL,NULL,'PAVENTHER SALAI'),
	(4404,'Maraimalai Nagar I.E.','12.7894540756631','80.0379753112793','MARAIMALAI NAGAR I.E.'),
	(4405,'Thirumullaivoyal Colony',NULL,NULL,'THIRUMULLAIVOYAL COLONY'),
	(4406,'Pushpa Nagar',NULL,NULL,'PUSHPA NAGAR'),
	(4407,'Mogapair Road Jn',NULL,NULL,'MOGAPAIR ROAD JN'),
	(4408,'Thenpakkam',NULL,NULL,'THENPAKKAM'),
	(4409,'Sikkarayapuram','13.0192760684112','80.1037216186523','SIKKARAYAPURAM'),
	(4410,'Ford',NULL,NULL,'FORD'),
	(4411,'S.P.Koil','12.7649284218803','80.0053596496582','S.P.KOIL'),
	(4412,'Mahendra City(Chetty Punn',NULL,NULL,'MAHENDRA CITY(CHETTY PUNN'),
	(4413,'Pulipakkam','12.7156188058601','79.9813270568848','PULIPAKKAM'),
	(4414,'Chenglepet O.T.','12.6941004013946','79.9773788452148','CHENGLEPET O.T.'),
	(4415,'Chenglepet N.T.',NULL,NULL,'CHENGLEPET N.T.'),
	(4416,'Mettukandigai',NULL,NULL,'METTUKANDIGAI'),
	(4417,'Murukkancheri','13.0993752238054','79.9754905700684','MURUKKANCHERI'),
	(4418,'Aranvoyal Kuppam','13.1025518984301','79.9639892578125','ARANVOYAL KUPPAM'),
	(4419,'Aranvoyal','13.1075676170022','79.9560928344727','ARANVOYAL'),
	(4420,'Venkathur','13.1080691832371','79.9387550354004','VENKATHUR'),
	(4421,'Manavalan Nagar','13.1104098121473','79.9162673950195','MANAVALAN NAGAR'),
	(4422,'Oil Mill','13.1257905336679','79.9142074584961','OIL MILL'),
	(4423,'Thiruvallur','13.1373254430831','79.9123191833496','THIRUVALLUR'),
	(4424,'Tollgate(Sathiavedu Koot',NULL,NULL,'TOLLGATE(SATHIAVEDU KOOT'),
	(4425,'Sadurangapettai',NULL,NULL,'SADURANGAPETTAI'),
	(4426,'Poondi',NULL,NULL,'POONDI'),
	(4427,'Nazarathpet','13.0482920187118','80.0828647613525','NAZARATHPET'),
	(4428,'Pappanchatram',NULL,NULL,'PAPPANCHATRAM'),
	(4429,'Chettipedu','13.0229555126251','80.0201225280762','CHETTIPEDU'),
	(4430,'Thandalam Koot Road','13.0189415707732','80.0105094909668','THANDALAM KOOT ROAD'),
	(4431,'Sipcot','13.0087391759643','79.996862411499','SIPCOT'),
	(4432,'Irunkattukottai','12.9949401874725','79.9883651733398','IRUNKATTUKOTTAI'),
	(4433,'Pennalur E.B.','12.9883331274751','79.9798679351807','PENNALUR E.B.'),
	(4434,'Beemanthangal',NULL,NULL,'BEEMANTHANGAL'),
	(4435,'Sriperumpudur','12.9670053426933','79.9452781677246','SRIPERUMPUDUR'),
	(4436,'Vishnuvakkam',NULL,NULL,'VISHNUVAKKAM'),
	(4437,'Kizhanoor',NULL,NULL,'KIZHANOOR'),
	(4438,'Moolakarai',NULL,NULL,'MOOLAKARAI'),
	(4439,'Nazarath',NULL,NULL,'NAZARATH'),
	(4440,'Ekkadu Kandigai',NULL,NULL,'EKKADU KANDIGAI'),
	(4441,'Ekkadu Csi Hospital',NULL,NULL,'EKKADU CSI HOSPITAL'),
	(4442,'Ekkadu Water Tank(Teacher',NULL,NULL,'EKKADU WATER TANK(TEACHER'),
	(4443,'Periyapalayam Rd Jn.',NULL,NULL,'PERIYAPALAYAM RD JN.'),
	(4444,'Panjetti','13.2848908498491','80.1492118835449','PANJETTI'),
	(4445,'Thatchur Koot Road','13.2972535396992','80.1474952697754','THATCHUR KOOT ROAD'),
	(4446,'New Road','13.3178009399791','80.145092010498','NEW ROAD'),
	(4447,'Puduvoyal','13.3343378246673','80.1433753967285','PUDUVOYAL'),
	(4448,'Peruvoyal','13.3483682337122','80.1426887512207','PERUVOYAL'),
	(4449,'Kavaraped',NULL,NULL,'KAVARAPED'),
	(4450,'Jamal Soft Drinks','13.3654040629788','80.1243209838867','JAMAL SOFT DRINKS'),
	(4451,'Thandalacheri','13.3695793277609','80.1071548461914','THANDALACHERI'),
	(4452,'Palavakkam Cross Road','13.3749235611598','80.0848388671875','PALAVAKKAM CROSS ROAD'),
	(4453,'G.R.Kandikai','13.380935682061','80.0676727294922','G.R.KANDIKAI'),
	(4454,'Dideer Nagar',NULL,NULL,'DIDEER NAGAR'),
	(4455,'Poovalambedu','13.3999730745956','80.0405502319336','POOVALAMBEDU'),
	(4456,'Thani Poondi','13.405650601795','80.0275039672852','THANI POONDI'),
	(4457,'Panchalai',NULL,NULL,'PANCHALAI'),
	(4458,'Madarapakkam Cross Road','13.4235172386474','79.9893951416016','MADARAPAKKAM CROSS ROAD'),
	(4459,'Madarapakkam Bus Terminus',NULL,NULL,'MADARAPAKKAM BUS TERMINUS'),
	(4460,'Enambakkam',NULL,NULL,'ENAMBAKKAM'),
	(4461,'Melmallikaipattu',NULL,NULL,'MELMALLIKAIPATTU'),
	(4462,'New Nagar',NULL,NULL,'NEW NAGAR'),
	(4463,'Venkathakulam',NULL,NULL,'VENKATHAKULAM'),
	(4464,'Periyapalayam','13.3119542961925','80.0319671630859','PERIYAPALAYAM'),
	(4465,'Avadi Road Jn.',NULL,NULL,'AVADI ROAD JN.'),
	(4466,'Jeyapuram',NULL,NULL,'JEYAPURAM'),
	(4467,'Dharmapuram Kandigai',NULL,NULL,'DHARMAPURAM KANDIGAI'),
	(4468,'Kannigaipeir',NULL,NULL,'KANNIGAIPEIR'),
	(4469,'Manchankaranai',NULL,NULL,'MANCHANKARANAI'),
	(4470,'Pandy Kavanoor Jn.',NULL,NULL,'PANDY KAVANOOR JN.'),
	(4471,'Sakthi Vinayagar Koil',NULL,NULL,'SAKTHI VINAYAGAR KOIL'),
	(4472,'Mambakkam',NULL,NULL,'MAMBAKKAM'),
	(4473,'Camp',NULL,NULL,'CAMP'),
	(4474,'Samiyar Pannai','12.798242552724','80.2005386352539','SAMIYAR PANNAI'),
	(4475,'Chengammal Koot Road',NULL,NULL,'CHENGAMMAL KOOT ROAD'),
	(4476,'Koman Nagar Rd Jn.',NULL,NULL,'KOMAN NAGAR RD JN.'),
	(4477,'Kalavakkam Tea Stall','12.74232588409','80.1971054077148','KALAVAKKAM TEA STALL'),
	(4478,'Thirupporur',NULL,NULL,'THIRUPPORUR'),
	(4479,'Karungudi Pallam',NULL,NULL,'KARUNGUDI PALLAM'),
	(4480,'P141',NULL,NULL,'P141'),
	(4481,'Payyanoor','12.6617775103885','80.17822265625','PAYYANOOR'),
	(4482,'Poozavakkam School',NULL,NULL,'POOZAVAKKAM SCHOOL'),
	(4483,'Poonchery Koot Road',NULL,NULL,'POONCHERY KOOT ROAD'),
	(4484,'Government School / Hospi',NULL,NULL,'GOVERNMENT SCHOOL / HOSPI'),
	(4485,'Mamallapuram','12.6204886902218','80.1941871643066','MAMALLAPURAM'),
	(4486,'Salt Office','12.7830089979825','80.2324676513672','SALT OFFICE'),
	(4487,'Chemmancheri Kuppam','12.7726295661384','80.2486896514893','CHEMMANCHERI KUPPAM'),
	(4488,'Thiruvedanthai','12.7500277162178','80.2410507202148','THIRUVEDANTHAI'),
	(4489,'Vadanemili','12.7314424613095','80.2355575561523','VADANEMILI'),
	(4490,'Borosil Company','12.792216201438','80.0292205810547','BOROSIL COMPANY'),
	(4491,'Manamathi Koot Rd',NULL,NULL,'MANAMATHI KOOT RD'),
	(4492,'Chiruthavoor Jn.','12.6949377274569','80.163459777832','CHIRUTHAVOOR JN.'),
	(4493,'Ammur Colony',NULL,NULL,'AMMUR COLONY'),
	(4494,'Kallikalam',NULL,NULL,'KALLIKALAM'),
	(4495,'Manamathi School','12.665556','80.116667','MANAMATHI SCHOOL'),
	(4496,'Manamathi','12.656667','80.118056','MANAMATHI'),
	(4497,'Manamathi Jn.',NULL,NULL,'MANAMATHI JN.'),
	(4498,'Illalur Junction',NULL,NULL,'ILLALUR JUNCTION'),
	(4499,'Sunnambu Kalvoy','12.7103440348411','80.138053894043','SUNNAMBU KALVOY'),
	(4500,'Chembakkam Junction','12.709167','80.125278','CHEMBAKKAM JUNCTION'),
	(4501,'Mylai Koot Road','12.7103440348411','80.1095581054688','MYLAI KOOT ROAD'),
	(4502,'Vengoor Junction','12.7113487615763','80.0992584228516','VENGOOR JUNCTION'),
	(4503,'Karumbakkam','12.7025','80.092222','KARUMBAKKAM'),
	(4504,'Sirukundram Koot Road',NULL,NULL,'SIRUKUNDRAM KOOT ROAD'),
	(4505,'Perunthandalam',NULL,NULL,'PERUNTHANDALAM'),
	(4506,'Chembakkam Village','12.7053203415626','80.1188278198242','CHEMBAKKAM VILLAGE'),
	(4507,'Thiruvengadapuram','12.9560480049781','79.9409866333008','THIRUVENGADAPURAM'),
	(4508,'Sunguvarchathiram',NULL,NULL,'SUNGUVARCHATHIRAM'),
	(4509,'Echankuzhi /Manali New To',NULL,NULL,'ECHANKUZHI /MANALI NEW TO'),
	(4510,'Vayalur',NULL,NULL,'VAYALUR'),
	(4511,'Kattur',NULL,NULL,'KATTUR'),
	(4512,'Abirami Madam',NULL,NULL,'ABIRAMI MADAM'),
	(4513,'Kadapakkam',NULL,NULL,'KADAPAKKAM'),
	(4514,'Thathanmanji',NULL,NULL,'THATHANMANJI'),
	(4515,'Arani','13.3193043398428','80.075569152832','ARANI'),
	(4516,'Chinnambedu Village','13.3291597298395','80.1028633117676','CHINNAMBEDU VILLAGE'),
	(4517,'Chinambedu Colony',NULL,NULL,'CHINAMBEDU COLONY'),
	(4518,'Sathiyavedu Koot Road',NULL,NULL,'SATHIYAVEDU KOOT ROAD'),
	(4519,'Thirupatchur',NULL,NULL,'THIRUPATCHUR'),
	(4520,'Priyan Kuppam',NULL,NULL,'PRIYAN KUPPAM'),
	(4521,'Christian Hospital',NULL,NULL,'CHRISTIAN HOSPITAL'),
	(4522,'Kadambathur',NULL,NULL,'KADAMBATHUR'),
	(4523,'Panapakkam',NULL,NULL,'PANAPAKKAM'),
	(4524,'Kosavampettai',NULL,NULL,'KOSAVAMPETTAI'),
	(4525,'Anjathamman Koil',NULL,NULL,'ANJATHAMMAN KOIL'),
	(4526,'P135',NULL,NULL,'P135'),
	(4527,'E022',NULL,NULL,'E022'),
	(4528,'C064',NULL,NULL,'C064'),
	(4529,'K115',NULL,NULL,'K115'),
	(4530,'V085',NULL,NULL,'V085'),
	(4531,'G023',NULL,NULL,'G023'),
	(4532,'K116',NULL,NULL,'K116'),
	(4533,'A102',NULL,NULL,'A102'),
	(4534,'Nanmabgalam Rd. Jn.',NULL,NULL,'NANMABGALAM RD. JN.'),
	(4535,'A104',NULL,NULL,'A104'),
	(4536,'K120',NULL,NULL,'K120'),
	(4537,'Travellers Bangalow',NULL,NULL,'TRAVELLERS BANGALOW'),
	(4538,'Vadamangalam Koot Road','12.9433335432672','79.9191856384277','VADAMANGALAM KOOT ROAD'),
	(4539,'A103',NULL,NULL,'A103'),
	(4540,'V086',NULL,NULL,'V086'),
	(4541,'V087',NULL,NULL,'V087'),
	(4542,'G024',NULL,NULL,'G024'),
	(4543,'K119',NULL,NULL,'K119'),
	(4544,'P137',NULL,NULL,'P137'),
	(4545,'P136',NULL,NULL,'P136'),
	(4546,'K117',NULL,NULL,'K117'),
	(4547,'M130',NULL,NULL,'M130'),
	(4548,'K118',NULL,NULL,'K118'),
	(4549,'N044',NULL,NULL,'N044'),
	(4550,'Verkadu','13.3677004675565','80.1379251480103','VERKADU'),
	(4551,'Ayanallur','13.3869476528957','80.1322174072266','AYANALLUR'),
	(4552,'Gummudipoondi R.S.',NULL,NULL,'GUMMUDIPOONDI R.S.'),
	(4553,'Police Quarters','13.4058175858596','80.1430320739746','POLICE QUARTERS'),
	(4554,'Rettambedu','13.4123298738898','80.1548767089844','RETTAMBEDU'),
	(4555,'Krishnapuram','13.3203066012303','80.1825141906738','KRISHNAPURAM'),
	(4556,'Ponneri','13.3343378246673','80.1942729949951','PONNERI'),
	(4557,'Chinnakuvanam',NULL,NULL,'CHINNAKUVANAM'),
	(4558,'Uppalayam',NULL,NULL,'UPPALAYAM'),
	(4559,'Kavalpathy',NULL,NULL,'KAVALPATHY'),
	(4560,'Medhur',NULL,NULL,'MEDHUR'),
	(4561,'Kanchivoyal',NULL,NULL,'KANCHIVOYAL'),
	(4562,'Thirupalaivanam',NULL,NULL,'THIRUPALAIVANAM'),
	(4563,'Perliyambakkam',NULL,NULL,'PERLIYAMBAKKAM'),
	(4564,'Pollachiammankulam',NULL,NULL,'POLLACHIAMMANKULAM'),
	(4565,'Pulicut Panchayat Limit',NULL,NULL,'PULICUT PANCHAYAT LIMIT'),
	(4566,'Pazhaverkadu','13.4181740846685','80.3148651123047','PAZHAVERKADU'),
	(4567,'Pulikulam',NULL,NULL,'PULIKULAM'),
	(4568,'Elavambedu','13.2925758392697','80.2174472808838','ELAVAMBEDU'),
	(4569,'Thandalam',NULL,NULL,'THANDALAM'),
	(4570,'Thumbakkam',NULL,NULL,'THUMBAKKAM'),
	(4571,'Ariyapakkam',NULL,NULL,'ARIYAPAKKAM'),
	(4572,'Ambathur',NULL,NULL,'AMBATHUR'),
	(4573,'Pogalmedu',NULL,NULL,'POGALMEDU'),
	(4574,'Vengal',NULL,NULL,'VENGAL'),
	(4575,'Ernakuppma',NULL,NULL,'ERNAKUPPMA'),
	(4576,'Vadamadurai',NULL,NULL,'VADAMADURAI'),
	(4577,'Vadamadurai Kandigai',NULL,NULL,'VADAMADURAI KANDIGAI'),
	(4578,'Minjur P.U',NULL,NULL,'MINJUR P.U'),
	(4579,'Koothavakkam School',NULL,NULL,'KOOTHAVAKKAM SCHOOL'),
	(4580,'Kandan Kollai','13.1287161054444','79.9834728240967','KANDAN KOLLAI'),
	(4581,'Chevvaipettai R.S.','13.1294683896987','79.9671649932861','CHEVVAIPETTAI R.S.'),
	(4582,'Thozhudur',NULL,NULL,'THOZHUDUR'),
	(4583,'Kakkalur','13.1330626048899','79.9426174163818','KAKKALUR'),
	(4584,'Salamangalam Koot Road','12.8819269609135','80.0079345703125','SALAMANGALAM KOOT ROAD'),
	(4585,'Vanjivanchery','12.8769066827513','80.0003814697266','VANJIVANCHERY'),
	(4586,'Sarapanchery','12.8732250815181','79.9873352050781','SARAPANCHERY'),
	(4587,'Panapakkamedu','12.8695434262198','79.9741172790527','PANAPAKKAMEDU'),
	(4588,'Vattambakkam','12.8591675614425','79.958324432373','VATTAMBAKKAM'),
	(4589,'Oragadam Koot Road','12.8519711452252','79.9423599243164','ORAGADAM KOOT ROAD'),
	(4590,'E023',NULL,NULL,'E023'),
	(4591,'P138',NULL,NULL,'P138'),
	(4592,'K121',NULL,NULL,'K121'),
	(4593,'V088',NULL,NULL,'V088'),
	(4594,'T097',NULL,NULL,'T097'),
	(4595,'T098',NULL,NULL,'T098'),
	(4596,'N045',NULL,NULL,'N045'),
	(4597,'O014',NULL,NULL,'O014'),
	(4598,'W008',NULL,NULL,'W008'),
	(4599,'N.S.K Nagar',NULL,NULL,'N.S.K NAGAR'),
	(4600,'Mathur','12.8677025783007','79.9384117126465','MATHUR'),
	(4601,'Vallakkottai','12.8839350440131','79.9354934692383','VALLAKKOTTAI'),
	(4602,'Bhondhur','12.931622281129','79.9313735961914','BHONDHUR'),
	(4603,'Pattunool Chatram','12.9543750865605','79.9406433105469','PATTUNOOL CHATRAM'),
	(4604,'Vallam','12.8994971420352','79.9308586120605','VALLAM'),
	(4605,'Therasapuram','12.9155602278945','79.9320602416992','THERASAPURAM'),
	(4606,'M131',NULL,NULL,'M131'),
	(4607,'K122',NULL,NULL,'K122'),
	(4608,'P139',NULL,NULL,'P139'),
	(4609,'V089',NULL,NULL,'V089'),
	(4610,'S097',NULL,NULL,'S097'),
	(4611,'Kattu Koot Road',NULL,NULL,'KATTU KOOT ROAD'),
	(4612,'A105',NULL,NULL,'A105'),
	(4613,'T099',NULL,NULL,'T099'),
	(4614,'Periyal Nembili Village','12.7140280134399','80.2262878417969','PERIYAL NEMBILI VILLAGE'),
	(4615,'Sulerikadu','12.689578793033','80.2166748046875','SULERIKADU'),
	(4616,'Krishna Karanai','12.6701517099641','80.2094650268555','KRISHNA KARANAI'),
	(4617,'Sculpture Arts College',NULL,NULL,'SCULPTURE ARTS COLLEGE'),
	(4618,'Tsr Rajalakshmi Nagar',NULL,NULL,'TSR RAJALAKSHMI NAGAR'),
	(4619,'Valarpuram','13.0196105655976','79.9765205383301','VALARPURAM'),
	(4620,'Mannur Village','13.0217847863025','79.9566078186035','MANNUR VILLAGE'),
	(4621,'Sowbakkiya Nagar',NULL,NULL,'SOWBAKKIYA NAGAR'),
	(4622,'Vayalur Cross Road',NULL,NULL,'VAYALUR CROSS ROAD'),
	(4623,'Mudhukur Cross Road',NULL,NULL,'MUDHUKUR CROSS ROAD'),
	(4624,'Poovalli Kuppam',NULL,NULL,'POOVALLI KUPPAM'),
	(4625,'Meppedu',NULL,NULL,'MEPPEDU'),
	(4626,'Meppedu Koot Rd',NULL,NULL,'MEPPEDU KOOT RD'),
	(4627,'K124',NULL,NULL,'K124'),
	(4628,'K125',NULL,NULL,'K125'),
	(4629,'P140',NULL,NULL,'P140'),
	(4630,'Sozhinganallur (Pon.Koil)',NULL,NULL,'SOZHINGANALLUR (PON.KOIL)'),
	(4631,'Neithavoyal',NULL,NULL,'NEITHAVOYAL'),
	(4632,'Minjur R.S',NULL,NULL,'MINJUR R.S'),
	(4633,'Pattikulam Colony',NULL,NULL,'PATTIKULAM COLONY'),
	(4634,'Illanthope',NULL,NULL,'ILLANTHOPE'),
	(4635,'Salavankuppam/Devanori',NULL,NULL,'SALAVANKUPPAM/DEVANORI');
/*!40000 ALTER TABLE `appmodels_stage` ENABLE KEYS*/;
UNLOCK TABLES;
/*!40014 SET FOREIGN_KEY_CHECKS=@OLD_FOREIGN_KEY_CHECKS*/;
